{
  "type": "FeatureCollection",
  "features": [
    {
      "type": "Feature",
      "id": "1_2_0",
      "geometry": {
        "type": "LineString",
        "coordinates": [
          [
            67.695,
            26.665
          ],
          [
            67.7138889,
            26.665
          ]
        ]
      },
      "properties": {
        "id": "1_2_0",
        "name": "Road 0-0",
        "highway": "residential",
        "length_m": 2099.29,
        "status": "passable",
        "flooded": false,
        "flood_frac": 0.0,
        "is_bridge": false,
        "damage_score": 0.0,
        "failure_mode": ""
      }
    },
    {
      "type": "Feature",
      "id": "1_11_0",
      "geometry": {
        "type": "LineString",
        "coordinates": [
          [
            67.695,
            26.665
          ],
          [
            67.695,
            26.6838889
          ]
        ]
      },
      "properties": {
        "id": "1_11_0",
        "name": "Corridor 0-0",
        "highway": "residential",
        "length_m": 2099.29,
        "status": "passable",
        "flooded": false,
        "flood_frac": 0.0,
        "is_bridge": false,
        "damage_score": 0.0,
        "failure_mode": ""
      }
    },
    {
      "type": "Feature",
      "id": "2_1_0",
      "geometry": {
        "type": "LineString",
        "coordinates": [
          [
            67.695,
            26.665
          ],
          [
            67.7138889,
            26.665
          ]
        ]
      },
      "properties": {
        "id": "2_1_0",
        "name": "Road 0-0",
        "highway": "residential",
        "length_m": 2099.29,
        "status": "passable",
        "flooded": false,
        "flood_frac": 0.0,
        "is_bridge": false,
        "damage_score": 0.0,
        "failure_mode": ""
      }
    },
    {
      "type": "Feature",
      "id": "2_3_0",
      "geometry": {
        "type": "LineString",
        "coordinates": [
          [
            67.7138889,
            26.665
          ],
          [
            67.7327778,
            26.665
          ]
        ]
      },
      "properties": {
        "id": "2_3_0",
        "name": "Road 0-1",
        "highway": "residential",
        "length_m": 2099.29,
        "status": "passable",
        "flooded": false,
        "flood_frac": 0.0,
        "is_bridge": false,
        "damage_score": 0.0,
        "failure_mode": ""
      }
    },
    {
      "type": "Feature",
      "id": "2_12_0",
      "geometry": {
        "type": "LineString",
        "coordinates": [
          [
            67.7138889,
            26.665
          ],
          [
            67.7138889,
            26.6838889
          ]
        ]
      },
      "properties": {
        "id": "2_12_0",
        "name": "Corridor 0-1",
        "highway": "residential",
        "length_m": 2099.29,
        "status": "passable",
        "flooded": false,
        "flood_frac": 0.0,
        "is_bridge": false,
        "damage_score": 0.0,
        "failure_mode": ""
      }
    },
    {
      "type": "Feature",
      "id": "3_2_0",
      "geometry": {
        "type": "LineString",
        "coordinates": [
          [
            67.7138889,
            26.665
          ],
          [
            67.7327778,
            26.665
          ]
        ]
      },
      "properties": {
        "id": "3_2_0",
        "name": "Road 0-1",
        "highway": "residential",
        "length_m": 2099.29,
        "status": "passable",
        "flooded": false,
        "flood_frac": 0.0,
        "is_bridge": false,
        "damage_score": 0.0,
        "failure_mode": ""
      }
    },
    {
      "type": "Feature",
      "id": "3_4_0",
      "geometry": {
        "type": "LineString",
        "coordinates": [
          [
            67.7327778,
            26.665
          ],
          [
            67.7516667,
            26.665
          ]
        ]
      },
      "properties": {
        "id": "3_4_0",
        "name": "Road 0-2",
        "highway": "residential",
        "length_m": 2099.29,
        "status": "passable",
        "flooded": false,
        "flood_frac": 0.0,
        "is_bridge": false,
        "damage_score": 0.0,
        "failure_mode": ""
      }
    },
    {
      "type": "Feature",
      "id": "3_13_0",
      "geometry": {
        "type": "LineString",
        "coordinates": [
          [
            67.7327778,
            26.665
          ],
          [
            67.7327778,
            26.6838889
          ]
        ]
      },
      "properties": {
        "id": "3_13_0",
        "name": "Corridor 0-2",
        "highway": "secondary",
        "length_m": 2099.29,
        "status": "passable",
        "flooded": false,
        "flood_frac": 0.0,
        "is_bridge": false,
        "damage_score": 0.0,
        "failure_mode": ""
      }
    },
    {
      "type": "Feature",
      "id": "4_3_0",
      "geometry": {
        "type": "LineString",
        "coordinates": [
          [
            67.7327778,
            26.665
          ],
          [
            67.7516667,
            26.665
          ]
        ]
      },
      "properties": {
        "id": "4_3_0",
        "name": "Road 0-2",
        "highway": "residential",
        "length_m": 2099.29,
        "status": "passable",
        "flooded": false,
        "flood_frac": 0.0,
        "is_bridge": false,
        "damage_score": 0.0,
        "failure_mode": ""
      }
    },
    {
      "type": "Feature",
      "id": "4_5_0",
      "geometry": {
        "type": "LineString",
        "coordinates": [
          [
            67.7516667,
            26.665
          ],
          [
            67.7705556,
            26.665
          ]
        ]
      },
      "properties": {
        "id": "4_5_0",
        "name": "Road 0-3",
        "highway": "residential",
        "length_m": 2099.29,
        "status": "passable",
        "flooded": false,
        "flood_frac": 0.0,
        "is_bridge": false,
        "damage_score": 0.0,
        "failure_mode": ""
      }
    },
    {
      "type": "Feature",
      "id": "4_14_0",
      "geometry": {
        "type": "LineString",
        "coordinates": [
          [
            67.7516667,
            26.665
          ],
          [
            67.7516667,
            26.6838889
          ]
        ]
      },
      "properties": {
        "id": "4_14_0",
        "name": "Corridor 0-3",
        "highway": "residential",
        "length_m": 2099.29,
        "status": "passable",
        "flooded": false,
        "flood_frac": 0.0,
        "is_bridge": false,
        "damage_score": 0.0,
        "failure_mode": ""
      }
    },
    {
      "type": "Feature",
      "id": "5_4_0",
      "geometry": {
        "type": "LineString",
        "coordinates": [
          [
            67.7516667,
            26.665
          ],
          [
            67.7705556,
            26.665
          ]
        ]
      },
      "properties": {
        "id": "5_4_0",
        "name": "Road 0-3",
        "highway": "residential",
        "length_m": 2099.29,
        "status": "passable",
        "flooded": false,
        "flood_frac": 0.0,
        "is_bridge": false,
        "damage_score": 0.0,
        "failure_mode": ""
      }
    },
    {
      "type": "Feature",
      "id": "5_6_0",
      "geometry": {
        "type": "LineString",
        "coordinates": [
          [
            67.7705556,
            26.665
          ],
          [
            67.7894444,
            26.665
          ]
        ]
      },
      "properties": {
        "id": "5_6_0",
        "name": "Road 0-4",
        "highway": "residential",
        "length_m": 2099.29,
        "status": "passable",
        "flooded": false,
        "flood_frac": 0.0,
        "is_bridge": false,
        "damage_score": 0.0,
        "failure_mode": ""
      }
    },
    {
      "type": "Feature",
      "id": "5_15_0",
      "geometry": {
        "type": "LineString",
        "coordinates": [
          [
            67.7705556,
            26.665
          ],
          [
            67.7705556,
            26.6838889
          ]
        ]
      },
      "properties": {
        "id": "5_15_0",
        "name": "Corridor 0-4",
        "highway": "primary",
        "length_m": 2099.29,
        "status": "passable",
        "flooded": false,
        "flood_frac": 0.0,
        "is_bridge": false,
        "damage_score": 0.0,
        "failure_mode": ""
      }
    },
    {
      "type": "Feature",
      "id": "6_5_0",
      "geometry": {
        "type": "LineString",
        "coordinates": [
          [
            67.7705556,
            26.665
          ],
          [
            67.7894444,
            26.665
          ]
        ]
      },
      "properties": {
        "id": "6_5_0",
        "name": "Road 0-4",
        "highway": "residential",
        "length_m": 2099.29,
        "status": "passable",
        "flooded": false,
        "flood_frac": 0.0,
        "is_bridge": false,
        "damage_score": 0.0,
        "failure_mode": ""
      }
    },
    {
      "type": "Feature",
      "id": "6_7_0",
      "geometry": {
        "type": "LineString",
        "coordinates": [
          [
            67.7894444,
            26.665
          ],
          [
            67.8083333,
            26.665
          ]
        ]
      },
      "properties": {
        "id": "6_7_0",
        "name": "Road 0-5",
        "highway": "residential",
        "length_m": 2099.29,
        "status": "flooded",
        "flooded": true,
        "flood_frac": 0.6327,
        "is_bridge": false,
        "damage_score": 0.0,
        "failure_mode": ""
      }
    },
    {
      "type": "Feature",
      "id": "6_16_0",
      "geometry": {
        "type": "LineString",
        "coordinates": [
          [
            67.7894444,
            26.665
          ],
          [
            67.7894444,
            26.6838889
          ]
        ]
      },
      "properties": {
        "id": "6_16_0",
        "name": "Corridor 0-5",
        "highway": "residential",
        "length_m": 2099.29,
        "status": "passable",
        "flooded": false,
        "flood_frac": 0.0,
        "is_bridge": false,
        "damage_score": 0.0,
        "failure_mode": ""
      }
    },
    {
      "type": "Feature",
      "id": "7_6_0",
      "geometry": {
        "type": "LineString",
        "coordinates": [
          [
            67.7894444,
            26.665
          ],
          [
            67.8083333,
            26.665
          ]
        ]
      },
      "properties": {
        "id": "7_6_0",
        "name": "Road 0-5",
        "highway": "residential",
        "length_m": 2099.29,
        "status": "flooded",
        "flooded": true,
        "flood_frac": 0.6327,
        "is_bridge": false,
        "damage_score": 0.0,
        "failure_mode": ""
      }
    },
    {
      "type": "Feature",
      "id": "7_8_0",
      "geometry": {
        "type": "LineString",
        "coordinates": [
          [
            67.8083333,
            26.665
          ],
          [
            67.8272222,
            26.665
          ]
        ]
      },
      "properties": {
        "id": "7_8_0",
        "name": "Road 0-6",
        "highway": "residential",
        "length_m": 2099.29,
        "status": "flooded",
        "flooded": true,
        "flood_frac": 1.0,
        "is_bridge": false,
        "damage_score": 0.0,
        "failure_mode": ""
      }
    },
    {
      "type": "Feature",
      "id": "7_17_0",
      "geometry": {
        "type": "LineString",
        "coordinates": [
          [
            67.8083333,
            26.665
          ],
          [
            67.8083333,
            26.6838889
          ]
        ]
      },
      "properties": {
        "id": "7_17_0",
        "name": "Corridor 0-6",
        "highway": "residential",
        "length_m": 2099.29,
        "status": "passable",
        "flooded": false,
        "flood_frac": 0.2449,
        "is_bridge": false,
        "damage_score": 0.0,
        "failure_mode": ""
      }
    },
    {
      "type": "Feature",
      "id": "8_7_0",
      "geometry": {
        "type": "LineString",
        "coordinates": [
          [
            67.8083333,
            26.665
          ],
          [
            67.8272222,
            26.665
          ]
        ]
      },
      "properties": {
        "id": "8_7_0",
        "name": "Road 0-6",
        "highway": "residential",
        "length_m": 2099.29,
        "status": "flooded",
        "flooded": true,
        "flood_frac": 1.0,
        "is_bridge": false,
        "damage_score": 0.0,
        "failure_mode": ""
      }
    },
    {
      "type": "Feature",
      "id": "8_9_0",
      "geometry": {
        "type": "LineString",
        "coordinates": [
          [
            67.8272222,
            26.665
          ],
          [
            67.8461111,
            26.665
          ]
        ]
      },
      "properties": {
        "id": "8_9_0",
        "name": "Road 0-7",
        "highway": "residential",
        "length_m": 2099.29,
        "status": "flooded",
        "flooded": true,
        "flood_frac": 0.3061,
        "is_bridge": false,
        "damage_score": 0.0,
        "failure_mode": ""
      }
    },
    {
      "type": "Feature",
      "id": "8_18_0",
      "geometry": {
        "type": "LineString",
        "coordinates": [
          [
            67.8272222,
            26.665
          ],
          [
            67.8272222,
            26.6838889
          ]
        ]
      },
      "properties": {
        "id": "8_18_0",
        "name": "Corridor 0-7",
        "highway": "secondary",
        "length_m": 2099.29,
        "status": "flooded",
        "flooded": true,
        "flood_frac": 1.0,
        "is_bridge": false,
        "damage_score": 0.0,
        "failure_mode": ""
      }
    },
    {
      "type": "Feature",
      "id": "9_8_0",
      "geometry": {
        "type": "LineString",
        "coordinates": [
          [
            67.8272222,
            26.665
          ],
          [
            67.8461111,
            26.665
          ]
        ]
      },
      "properties": {
        "id": "9_8_0",
        "name": "Road 0-7",
        "highway": "residential",
        "length_m": 2099.29,
        "status": "flooded",
        "flooded": true,
        "flood_frac": 0.3061,
        "is_bridge": false,
        "damage_score": 0.0,
        "failure_mode": ""
      }
    },
    {
      "type": "Feature",
      "id": "9_10_0",
      "geometry": {
        "type": "LineString",
        "coordinates": [
          [
            67.8461111,
            26.665
          ],
          [
            67.865,
            26.665
          ]
        ]
      },
      "properties": {
        "id": "9_10_0",
        "name": "Road 0-8",
        "highway": "residential",
        "length_m": 2099.29,
        "status": "passable",
        "flooded": false,
        "flood_frac": 0.0,
        "is_bridge": false,
        "damage_score": 0.0,
        "failure_mode": ""
      }
    },
    {
      "type": "Feature",
      "id": "9_19_0",
      "geometry": {
        "type": "LineString",
        "coordinates": [
          [
            67.8461111,
            26.665
          ],
          [
            67.8461111,
            26.6838889
          ]
        ]
      },
      "properties": {
        "id": "9_19_0",
        "name": "Corridor 0-8",
        "highway": "residential",
        "length_m": 2099.29,
        "status": "flooded",
        "flooded": true,
        "flood_frac": 0.3878,
        "is_bridge": false,
        "damage_score": 0.0,
        "failure_mode": ""
      }
    },
    {
      "type": "Feature",
      "id": "10_9_0",
      "geometry": {
        "type": "LineString",
        "coordinates": [
          [
            67.8461111,
            26.665
          ],
          [
            67.865,
            26.665
          ]
        ]
      },
      "properties": {
        "id": "10_9_0",
        "name": "Road 0-8",
        "highway": "residential",
        "length_m": 2099.29,
        "status": "passable",
        "flooded": false,
        "flood_frac": 0.0,
        "is_bridge": false,
        "damage_score": 0.0,
        "failure_mode": ""
      }
    },
    {
      "type": "Feature",
      "id": "10_20_0",
      "geometry": {
        "type": "LineString",
        "coordinates": [
          [
            67.865,
            26.665
          ],
          [
            67.865,
            26.6838889
          ]
        ]
      },
      "properties": {
        "id": "10_20_0",
        "name": "Corridor 0-9",
        "highway": "residential",
        "length_m": 2099.29,
        "status": "passable",
        "flooded": false,
        "flood_frac": 0.0,
        "is_bridge": false,
        "damage_score": 0.0,
        "failure_mode": ""
      }
    },
    {
      "type": "Feature",
      "id": "11_1_0",
      "geometry": {
        "type": "LineString",
        "coordinates": [
          [
            67.695,
            26.665
          ],
          [
            67.695,
            26.6838889
          ]
        ]
      },
      "properties": {
        "id": "11_1_0",
        "name": "Corridor 0-0",
        "highway": "residential",
        "length_m": 2099.29,
        "status": "passable",
        "flooded": false,
        "flood_frac": 0.0,
        "is_bridge": false,
        "damage_score": 0.0,
        "failure_mode": ""
      }
    },
    {
      "type": "Feature",
      "id": "11_12_0",
      "geometry": {
        "type": "LineString",
        "coordinates": [
          [
            67.695,
            26.6838889
          ],
          [
            67.7138889,
            26.6838889
          ]
        ]
      },
      "properties": {
        "id": "11_12_0",
        "name": "Road 1-0",
        "highway": "residential",
        "length_m": 2099.29,
        "status": "passable",
        "flooded": false,
        "flood_frac": 0.0,
        "is_bridge": false,
        "damage_score": 0.0,
        "failure_mode": ""
      }
    },
    {
      "type": "Feature",
      "id": "11_21_0",
      "geometry": {
        "type": "LineString",
        "coordinates": [
          [
            67.695,
            26.6838889
          ],
          [
            67.695,
            26.7027778
          ]
        ]
      },
      "properties": {
        "id": "11_21_0",
        "name": "Corridor 1-0",
        "highway": "residential",
        "length_m": 2099.29,
        "status": "passable",
        "flooded": false,
        "flood_frac": 0.0,
        "is_bridge": false,
        "damage_score": 0.0,
        "failure_mode": ""
      }
    },
    {
      "type": "Feature",
      "id": "12_2_0",
      "geometry": {
        "type": "LineString",
        "coordinates": [
          [
            67.7138889,
            26.665
          ],
          [
            67.7138889,
            26.6838889
          ]
        ]
      },
      "properties": {
        "id": "12_2_0",
        "name": "Corridor 0-1",
        "highway": "residential",
        "length_m": 2099.29,
        "status": "passable",
        "flooded": false,
        "flood_frac": 0.0,
        "is_bridge": false,
        "damage_score": 0.0,
        "failure_mode": ""
      }
    },
    {
      "type": "Feature",
      "id": "12_11_0",
      "geometry": {
        "type": "LineString",
        "coordinates": [
          [
            67.695,
            26.6838889
          ],
          [
            67.7138889,
            26.6838889
          ]
        ]
      },
      "properties": {
        "id": "12_11_0",
        "name": "Road 1-0",
        "highway": "residential",
        "length_m": 2099.29,
        "status": "passable",
        "flooded": false,
        "flood_frac": 0.0,
        "is_bridge": false,
        "damage_score": 0.0,
        "failure_mode": ""
      }
    },
    {
      "type": "Feature",
      "id": "12_13_0",
      "geometry": {
        "type": "LineString",
        "coordinates": [
          [
            67.7138889,
            26.6838889
          ],
          [
            67.7327778,
            26.6838889
          ]
        ]
      },
      "properties": {
        "id": "12_13_0",
        "name": "Road 1-1",
        "highway": "residential",
        "length_m": 2099.29,
        "status": "passable",
        "flooded": false,
        "flood_frac": 0.0,
        "is_bridge": false,
        "damage_score": 0.0,
        "failure_mode": ""
      }
    },
    {
      "type": "Feature",
      "id": "12_22_0",
      "geometry": {
        "type": "LineString",
        "coordinates": [
          [
            67.7138889,
            26.6838889
          ],
          [
            67.7138889,
            26.7027778
          ]
        ]
      },
      "properties": {
        "id": "12_22_0",
        "name": "Corridor 1-1",
        "highway": "residential",
        "length_m": 2099.29,
        "status": "passable",
        "flooded": false,
        "flood_frac": 0.0,
        "is_bridge": false,
        "damage_score": 0.0,
        "failure_mode": ""
      }
    },
    {
      "type": "Feature",
      "id": "13_3_0",
      "geometry": {
        "type": "LineString",
        "coordinates": [
          [
            67.7327778,
            26.665
          ],
          [
            67.7327778,
            26.6838889
          ]
        ]
      },
      "properties": {
        "id": "13_3_0",
        "name": "Corridor 0-2",
        "highway": "secondary",
        "length_m": 2099.29,
        "status": "passable",
        "flooded": false,
        "flood_frac": 0.0,
        "is_bridge": false,
        "damage_score": 0.0,
        "failure_mode": ""
      }
    },
    {
      "type": "Feature",
      "id": "13_12_0",
      "geometry": {
        "type": "LineString",
        "coordinates": [
          [
            67.7138889,
            26.6838889
          ],
          [
            67.7327778,
            26.6838889
          ]
        ]
      },
      "properties": {
        "id": "13_12_0",
        "name": "Road 1-1",
        "highway": "residential",
        "length_m": 2099.29,
        "status": "passable",
        "flooded": false,
        "flood_frac": 0.0,
        "is_bridge": false,
        "damage_score": 0.0,
        "failure_mode": ""
      }
    },
    {
      "type": "Feature",
      "id": "13_14_0",
      "geometry": {
        "type": "LineString",
        "coordinates": [
          [
            67.7327778,
            26.6838889
          ],
          [
            67.7516667,
            26.6838889
          ]
        ]
      },
      "properties": {
        "id": "13_14_0",
        "name": "Road 1-2",
        "highway": "residential",
        "length_m": 2099.29,
        "status": "passable",
        "flooded": false,
        "flood_frac": 0.0,
        "is_bridge": false,
        "damage_score": 0.0,
        "failure_mode": ""
      }
    },
    {
      "type": "Feature",
      "id": "13_23_0",
      "geometry": {
        "type": "LineString",
        "coordinates": [
          [
            67.7327778,
            26.6838889
          ],
          [
            67.7327778,
            26.7027778
          ]
        ]
      },
      "properties": {
        "id": "13_23_0",
        "name": "Corridor 1-2",
        "highway": "secondary",
        "length_m": 2099.29,
        "status": "passable",
        "flooded": false,
        "flood_frac": 0.0,
        "is_bridge": false,
        "damage_score": 0.0,
        "failure_mode": ""
      }
    },
    {
      "type": "Feature",
      "id": "14_4_0",
      "geometry": {
        "type": "LineString",
        "coordinates": [
          [
            67.7516667,
            26.665
          ],
          [
            67.7516667,
            26.6838889
          ]
        ]
      },
      "properties": {
        "id": "14_4_0",
        "name": "Corridor 0-3",
        "highway": "residential",
        "length_m": 2099.29,
        "status": "passable",
        "flooded": false,
        "flood_frac": 0.0,
        "is_bridge": false,
        "damage_score": 0.0,
        "failure_mode": ""
      }
    },
    {
      "type": "Feature",
      "id": "14_13_0",
      "geometry": {
        "type": "LineString",
        "coordinates": [
          [
            67.7327778,
            26.6838889
          ],
          [
            67.7516667,
            26.6838889
          ]
        ]
      },
      "properties": {
        "id": "14_13_0",
        "name": "Road 1-2",
        "highway": "residential",
        "length_m": 2099.29,
        "status": "passable",
        "flooded": false,
        "flood_frac": 0.0,
        "is_bridge": false,
        "damage_score": 0.0,
        "failure_mode": ""
      }
    },
    {
      "type": "Feature",
      "id": "14_15_0",
      "geometry": {
        "type": "LineString",
        "coordinates": [
          [
            67.7516667,
            26.6838889
          ],
          [
            67.7705556,
            26.6838889
          ]
        ]
      },
      "properties": {
        "id": "14_15_0",
        "name": "Road 1-3",
        "highway": "residential",
        "length_m": 2099.29,
        "status": "passable",
        "flooded": false,
        "flood_frac": 0.0,
        "is_bridge": false,
        "damage_score": 0.0,
        "failure_mode": ""
      }
    },
    {
      "type": "Feature",
      "id": "14_24_0",
      "geometry": {
        "type": "LineString",
        "coordinates": [
          [
            67.7516667,
            26.6838889
          ],
          [
            67.7516667,
            26.7027778
          ]
        ]
      },
      "properties": {
        "id": "14_24_0",
        "name": "Corridor 1-3",
        "highway": "residential",
        "length_m": 2099.29,
        "status": "passable",
        "flooded": false,
        "flood_frac": 0.0,
        "is_bridge": false,
        "damage_score": 0.0,
        "failure_mode": ""
      }
    },
    {
      "type": "Feature",
      "id": "15_5_0",
      "geometry": {
        "type": "LineString",
        "coordinates": [
          [
            67.7705556,
            26.665
          ],
          [
            67.7705556,
            26.6838889
          ]
        ]
      },
      "properties": {
        "id": "15_5_0",
        "name": "Corridor 0-4",
        "highway": "primary",
        "length_m": 2099.29,
        "status": "passable",
        "flooded": false,
        "flood_frac": 0.0,
        "is_bridge": false,
        "damage_score": 0.0,
        "failure_mode": ""
      }
    },
    {
      "type": "Feature",
      "id": "15_14_0",
      "geometry": {
        "type": "LineString",
        "coordinates": [
          [
            67.7516667,
            26.6838889
          ],
          [
            67.7705556,
            26.6838889
          ]
        ]
      },
      "properties": {
        "id": "15_14_0",
        "name": "Road 1-3",
        "highway": "residential",
        "length_m": 2099.29,
        "status": "passable",
        "flooded": false,
        "flood_frac": 0.0,
        "is_bridge": false,
        "damage_score": 0.0,
        "failure_mode": ""
      }
    },
    {
      "type": "Feature",
      "id": "15_16_0",
      "geometry": {
        "type": "LineString",
        "coordinates": [
          [
            67.7705556,
            26.6838889
          ],
          [
            67.7894444,
            26.6838889
          ]
        ]
      },
      "properties": {
        "id": "15_16_0",
        "name": "Road 1-4",
        "highway": "residential",
        "length_m": 2099.29,
        "status": "passable",
        "flooded": false,
        "flood_frac": 0.0,
        "is_bridge": false,
        "damage_score": 0.0,
        "failure_mode": ""
      }
    },
    {
      "type": "Feature",
      "id": "15_25_0",
      "geometry": {
        "type": "LineString",
        "coordinates": [
          [
            67.7705556,
            26.6838889
          ],
          [
            67.7705556,
            26.7027778
          ]
        ]
      },
      "properties": {
        "id": "15_25_0",
        "name": "Corridor 1-4",
        "highway": "primary",
        "length_m": 2099.29,
        "status": "passable",
        "flooded": false,
        "flood_frac": 0.0,
        "is_bridge": false,
        "damage_score": 0.0,
        "failure_mode": ""
      }
    },
    {
      "type": "Feature",
      "id": "16_6_0",
      "geometry": {
        "type": "LineString",
        "coordinates": [
          [
            67.7894444,
            26.665
          ],
          [
            67.7894444,
            26.6838889
          ]
        ]
      },
      "properties": {
        "id": "16_6_0",
        "name": "Corridor 0-5",
        "highway": "residential",
        "length_m": 2099.29,
        "status": "passable",
        "flooded": false,
        "flood_frac": 0.0,
        "is_bridge": false,
        "damage_score": 0.0,
        "failure_mode": ""
      }
    },
    {
      "type": "Feature",
      "id": "16_15_0",
      "geometry": {
        "type": "LineString",
        "coordinates": [
          [
            67.7705556,
            26.6838889
          ],
          [
            67.7894444,
            26.6838889
          ]
        ]
      },
      "properties": {
        "id": "16_15_0",
        "name": "Road 1-4",
        "highway": "residential",
        "length_m": 2099.29,
        "status": "passable",
        "flooded": false,
        "flood_frac": 0.0,
        "is_bridge": false,
        "damage_score": 0.0,
        "failure_mode": ""
      }
    },
    {
      "type": "Feature",
      "id": "16_17_0",
      "geometry": {
        "type": "LineString",
        "coordinates": [
          [
            67.7894444,
            26.6838889
          ],
          [
            67.8083333,
            26.6838889
          ]
        ]
      },
      "properties": {
        "id": "16_17_0",
        "name": "Road 1-5",
        "highway": "residential",
        "length_m": 2099.29,
        "status": "passable",
        "flooded": false,
        "flood_frac": 0.0,
        "is_bridge": false,
        "damage_score": 0.0,
        "failure_mode": ""
      }
    },
    {
      "type": "Feature",
      "id": "16_26_0",
      "geometry": {
        "type": "LineString",
        "coordinates": [
          [
            67.7894444,
            26.6838889
          ],
          [
            67.7894444,
            26.7027778
          ]
        ]
      },
      "properties": {
        "id": "16_26_0",
        "name": "Corridor 1-5",
        "highway": "residential",
        "length_m": 2099.29,
        "status": "passable",
        "flooded": false,
        "flood_frac": 0.0204,
        "is_bridge": false,
        "damage_score": 0.0,
        "failure_mode": ""
      }
    },
    {
      "type": "Feature",
      "id": "17_7_0",
      "geometry": {
        "type": "LineString",
        "coordinates": [
          [
            67.8083333,
            26.665
          ],
          [
            67.8083333,
            26.6838889
          ]
        ]
      },
      "properties": {
        "id": "17_7_0",
        "name": "Corridor 0-6",
        "highway": "residential",
        "length_m": 2099.29,
        "status": "passable",
        "flooded": false,
        "flood_frac": 0.2449,
        "is_bridge": false,
        "damage_score": 0.0,
        "failure_mode": ""
      }
    },
    {
      "type": "Feature",
      "id": "17_16_0",
      "geometry": {
        "type": "LineString",
        "coordinates": [
          [
            67.7894444,
            26.6838889
          ],
          [
            67.8083333,
            26.6838889
          ]
        ]
      },
      "properties": {
        "id": "17_16_0",
        "name": "Road 1-5",
        "highway": "residential",
        "length_m": 2099.29,
        "status": "passable",
        "flooded": false,
        "flood_frac": 0.0,
        "is_bridge": false,
        "damage_score": 0.0,
        "failure_mode": ""
      }
    },
    {
      "type": "Feature",
      "id": "17_18_0",
      "geometry": {
        "type": "LineString",
        "coordinates": [
          [
            67.8083333,
            26.6838889
          ],
          [
            67.8272222,
            26.6838889
          ]
        ]
      },
      "properties": {
        "id": "17_18_0",
        "name": "Road 1-6",
        "highway": "residential",
        "length_m": 2099.29,
        "status": "passable",
        "flooded": false,
        "flood_frac": 0.2245,
        "is_bridge": false,
        "damage_score": 0.0,
        "failure_mode": ""
      }
    },
    {
      "type": "Feature",
      "id": "17_27_0",
      "geometry": {
        "type": "LineString",
        "coordinates": [
          [
            67.8083333,
            26.6838889
          ],
          [
            67.8083333,
            26.7027778
          ]
        ]
      },
      "properties": {
        "id": "17_27_0",
        "name": "Corridor 1-6",
        "highway": "residential",
        "length_m": 2099.29,
        "status": "flooded",
        "flooded": true,
        "flood_frac": 0.551,
        "is_bridge": false,
        "damage_score": 0.0,
        "failure_mode": ""
      }
    },
    {
      "type": "Feature",
      "id": "18_8_0",
      "geometry": {
        "type": "LineString",
        "coordinates": [
          [
            67.8272222,
            26.665
          ],
          [
            67.8272222,
            26.6838889
          ]
        ]
      },
      "properties": {
        "id": "18_8_0",
        "name": "Corridor 0-7",
        "highway": "secondary",
        "length_m": 2099.29,
        "status": "flooded",
        "flooded": true,
        "flood_frac": 1.0,
        "is_bridge": false,
        "damage_score": 0.0,
        "failure_mode": ""
      }
    },
    {
      "type": "Feature",
      "id": "18_17_0",
      "geometry": {
        "type": "LineString",
        "coordinates": [
          [
            67.8083333,
            26.6838889
          ],
          [
            67.8272222,
            26.6838889
          ]
        ]
      },
      "properties": {
        "id": "18_17_0",
        "name": "Road 1-6",
        "highway": "residential",
        "length_m": 2099.29,
        "status": "passable",
        "flooded": false,
        "flood_frac": 0.2245,
        "is_bridge": false,
        "damage_score": 0.0,
        "failure_mode": ""
      }
    },
    {
      "type": "Feature",
      "id": "18_19_0",
      "geometry": {
        "type": "LineString",
        "coordinates": [
          [
            67.8272222,
            26.6838889
          ],
          [
            67.8461111,
            26.6838889
          ]
        ]
      },
      "properties": {
        "id": "18_19_0",
        "name": "Road 1-7",
        "highway": "residential",
        "length_m": 2099.29,
        "status": "flooded",
        "flooded": true,
        "flood_frac": 1.0,
        "is_bridge": false,
        "damage_score": 0.0,
        "failure_mode": ""
      }
    },
    {
      "type": "Feature",
      "id": "18_28_0",
      "geometry": {
        "type": "LineString",
        "coordinates": [
          [
            67.8272222,
            26.6838889
          ],
          [
            67.8272222,
            26.7027778
          ]
        ]
      },
      "properties": {
        "id": "18_28_0",
        "name": "Corridor 1-7",
        "highway": "secondary",
        "length_m": 2099.29,
        "status": "flooded",
        "flooded": true,
        "flood_frac": 1.0,
        "is_bridge": false,
        "damage_score": 0.0,
        "failure_mode": ""
      }
    },
    {
      "type": "Feature",
      "id": "19_9_0",
      "geometry": {
        "type": "LineString",
        "coordinates": [
          [
            67.8461111,
            26.665
          ],
          [
            67.8461111,
            26.6838889
          ]
        ]
      },
      "properties": {
        "id": "19_9_0",
        "name": "Corridor 0-8",
        "highway": "residential",
        "length_m": 2099.29,
        "status": "flooded",
        "flooded": true,
        "flood_frac": 0.3878,
        "is_bridge": false,
        "damage_score": 0.0,
        "failure_mode": ""
      }
    },
    {
      "type": "Feature",
      "id": "19_18_0",
      "geometry": {
        "type": "LineString",
        "coordinates": [
          [
            67.8272222,
            26.6838889
          ],
          [
            67.8461111,
            26.6838889
          ]
        ]
      },
      "properties": {
        "id": "19_18_0",
        "name": "Road 1-7",
        "highway": "residential",
        "length_m": 2099.29,
        "status": "flooded",
        "flooded": true,
        "flood_frac": 1.0,
        "is_bridge": false,
        "damage_score": 0.0,
        "failure_mode": ""
      }
    },
    {
      "type": "Feature",
      "id": "19_20_0",
      "geometry": {
        "type": "LineString",
        "coordinates": [
          [
            67.8461111,
            26.6838889
          ],
          [
            67.865,
            26.6838889
          ]
        ]
      },
      "properties": {
        "id": "19_20_0",
        "name": "Road 1-8",
        "highway": "residential",
        "length_m": 2099.29,
        "status": "passable",
        "flooded": false,
        "flood_frac": 0.2245,
        "is_bridge": false,
        "damage_score": 0.0,
        "failure_mode": ""
      }
    },
    {
      "type": "Feature",
      "id": "19_29_0",
      "geometry": {
        "type": "LineString",
        "coordinates": [
          [
            67.8461111,
            26.6838889
          ],
          [
            67.8461111,
            26.7027778
          ]
        ]
      },
      "properties": {
        "id": "19_29_0",
        "name": "Corridor 1-8",
        "highway": "residential",
        "length_m": 2099.29,
        "status": "flooded",
        "flooded": true,
        "flood_frac": 0.7551,
        "is_bridge": false,
        "damage_score": 0.0,
        "failure_mode": ""
      }
    },
    {
      "type": "Feature",
      "id": "20_10_0",
      "geometry": {
        "type": "LineString",
        "coordinates": [
          [
            67.865,
            26.665
          ],
          [
            67.865,
            26.6838889
          ]
        ]
      },
      "properties": {
        "id": "20_10_0",
        "name": "Corridor 0-9",
        "highway": "residential",
        "length_m": 2099.29,
        "status": "passable",
        "flooded": false,
        "flood_frac": 0.0,
        "is_bridge": false,
        "damage_score": 0.0,
        "failure_mode": ""
      }
    },
    {
      "type": "Feature",
      "id": "20_19_0",
      "geometry": {
        "type": "LineString",
        "coordinates": [
          [
            67.8461111,
            26.6838889
          ],
          [
            67.865,
            26.6838889
          ]
        ]
      },
      "properties": {
        "id": "20_19_0",
        "name": "Road 1-8",
        "highway": "residential",
        "length_m": 2099.29,
        "status": "passable",
        "flooded": false,
        "flood_frac": 0.2245,
        "is_bridge": false,
        "damage_score": 0.0,
        "failure_mode": ""
      }
    },
    {
      "type": "Feature",
      "id": "20_30_0",
      "geometry": {
        "type": "LineString",
        "coordinates": [
          [
            67.865,
            26.6838889
          ],
          [
            67.865,
            26.7027778
          ]
        ]
      },
      "properties": {
        "id": "20_30_0",
        "name": "Corridor 1-9",
        "highway": "residential",
        "length_m": 2099.29,
        "status": "passable",
        "flooded": false,
        "flood_frac": 0.0,
        "is_bridge": false,
        "damage_score": 0.0,
        "failure_mode": ""
      }
    },
    {
      "type": "Feature",
      "id": "21_11_0",
      "geometry": {
        "type": "LineString",
        "coordinates": [
          [
            67.695,
            26.6838889
          ],
          [
            67.695,
            26.7027778
          ]
        ]
      },
      "properties": {
        "id": "21_11_0",
        "name": "Corridor 1-0",
        "highway": "residential",
        "length_m": 2099.29,
        "status": "passable",
        "flooded": false,
        "flood_frac": 0.0,
        "is_bridge": false,
        "damage_score": 0.0,
        "failure_mode": ""
      }
    },
    {
      "type": "Feature",
      "id": "21_22_0",
      "geometry": {
        "type": "LineString",
        "coordinates": [
          [
            67.695,
            26.7027778
          ],
          [
            67.7138889,
            26.7027778
          ]
        ]
      },
      "properties": {
        "id": "21_22_0",
        "name": "Road 2-0",
        "highway": "secondary",
        "length_m": 2099.29,
        "status": "passable",
        "flooded": false,
        "flood_frac": 0.0,
        "is_bridge": false,
        "damage_score": 0.0,
        "failure_mode": ""
      }
    },
    {
      "type": "Feature",
      "id": "21_31_0",
      "geometry": {
        "type": "LineString",
        "coordinates": [
          [
            67.695,
            26.7027778
          ],
          [
            67.695,
            26.7216667
          ]
        ]
      },
      "properties": {
        "id": "21_31_0",
        "name": "Corridor 2-0",
        "highway": "residential",
        "length_m": 2099.29,
        "status": "passable",
        "flooded": false,
        "flood_frac": 0.0,
        "is_bridge": false,
        "damage_score": 0.0,
        "failure_mode": ""
      }
    },
    {
      "type": "Feature",
      "id": "22_12_0",
      "geometry": {
        "type": "LineString",
        "coordinates": [
          [
            67.7138889,
            26.6838889
          ],
          [
            67.7138889,
            26.7027778
          ]
        ]
      },
      "properties": {
        "id": "22_12_0",
        "name": "Corridor 1-1",
        "highway": "residential",
        "length_m": 2099.29,
        "status": "passable",
        "flooded": false,
        "flood_frac": 0.0,
        "is_bridge": false,
        "damage_score": 0.0,
        "failure_mode": ""
      }
    },
    {
      "type": "Feature",
      "id": "22_21_0",
      "geometry": {
        "type": "LineString",
        "coordinates": [
          [
            67.695,
            26.7027778
          ],
          [
            67.7138889,
            26.7027778
          ]
        ]
      },
      "properties": {
        "id": "22_21_0",
        "name": "Road 2-0",
        "highway": "secondary",
        "length_m": 2099.29,
        "status": "passable",
        "flooded": false,
        "flood_frac": 0.0,
        "is_bridge": false,
        "damage_score": 0.0,
        "failure_mode": ""
      }
    },
    {
      "type": "Feature",
      "id": "22_23_0",
      "geometry": {
        "type": "LineString",
        "coordinates": [
          [
            67.7138889,
            26.7027778
          ],
          [
            67.7327778,
            26.7027778
          ]
        ]
      },
      "properties": {
        "id": "22_23_0",
        "name": "Road 2-1",
        "highway": "secondary",
        "length_m": 2099.29,
        "status": "passable",
        "flooded": false,
        "flood_frac": 0.0,
        "is_bridge": false,
        "damage_score": 0.0,
        "failure_mode": ""
      }
    },
    {
      "type": "Feature",
      "id": "22_32_0",
      "geometry": {
        "type": "LineString",
        "coordinates": [
          [
            67.7138889,
            26.7027778
          ],
          [
            67.7138889,
            26.7216667
          ]
        ]
      },
      "properties": {
        "id": "22_32_0",
        "name": "Corridor 2-1",
        "highway": "residential",
        "length_m": 2099.29,
        "status": "passable",
        "flooded": false,
        "flood_frac": 0.0,
        "is_bridge": false,
        "damage_score": 0.0,
        "failure_mode": ""
      }
    },
    {
      "type": "Feature",
      "id": "23_13_0",
      "geometry": {
        "type": "LineString",
        "coordinates": [
          [
            67.7327778,
            26.6838889
          ],
          [
            67.7327778,
            26.7027778
          ]
        ]
      },
      "properties": {
        "id": "23_13_0",
        "name": "Corridor 1-2",
        "highway": "secondary",
        "length_m": 2099.29,
        "status": "passable",
        "flooded": false,
        "flood_frac": 0.0,
        "is_bridge": false,
        "damage_score": 0.0,
        "failure_mode": ""
      }
    },
    {
      "type": "Feature",
      "id": "23_22_0",
      "geometry": {
        "type": "LineString",
        "coordinates": [
          [
            67.7138889,
            26.7027778
          ],
          [
            67.7327778,
            26.7027778
          ]
        ]
      },
      "properties": {
        "id": "23_22_0",
        "name": "Road 2-1",
        "highway": "secondary",
        "length_m": 2099.29,
        "status": "passable",
        "flooded": false,
        "flood_frac": 0.0,
        "is_bridge": false,
        "damage_score": 0.0,
        "failure_mode": ""
      }
    },
    {
      "type": "Feature",
      "id": "23_24_0",
      "geometry": {
        "type": "LineString",
        "coordinates": [
          [
            67.7327778,
            26.7027778
          ],
          [
            67.7516667,
            26.7027778
          ]
        ]
      },
      "properties": {
        "id": "23_24_0",
        "name": "Road 2-2",
        "highway": "secondary",
        "length_m": 2099.29,
        "status": "passable",
        "flooded": false,
        "flood_frac": 0.0,
        "is_bridge": false,
        "damage_score": 0.0,
        "failure_mode": ""
      }
    },
    {
      "type": "Feature",
      "id": "23_33_0",
      "geometry": {
        "type": "LineString",
        "coordinates": [
          [
            67.7327778,
            26.7027778
          ],
          [
            67.7327778,
            26.7216667
          ]
        ]
      },
      "properties": {
        "id": "23_33_0",
        "name": "Corridor 2-2",
        "highway": "secondary",
        "length_m": 2099.29,
        "status": "passable",
        "flooded": false,
        "flood_frac": 0.0,
        "is_bridge": false,
        "damage_score": 0.0,
        "failure_mode": ""
      }
    },
    {
      "type": "Feature",
      "id": "24_14_0",
      "geometry": {
        "type": "LineString",
        "coordinates": [
          [
            67.7516667,
            26.6838889
          ],
          [
            67.7516667,
            26.7027778
          ]
        ]
      },
      "properties": {
        "id": "24_14_0",
        "name": "Corridor 1-3",
        "highway": "residential",
        "length_m": 2099.29,
        "status": "passable",
        "flooded": false,
        "flood_frac": 0.0,
        "is_bridge": false,
        "damage_score": 0.0,
        "failure_mode": ""
      }
    },
    {
      "type": "Feature",
      "id": "24_23_0",
      "geometry": {
        "type": "LineString",
        "coordinates": [
          [
            67.7327778,
            26.7027778
          ],
          [
            67.7516667,
            26.7027778
          ]
        ]
      },
      "properties": {
        "id": "24_23_0",
        "name": "Road 2-2",
        "highway": "secondary",
        "length_m": 2099.29,
        "status": "passable",
        "flooded": false,
        "flood_frac": 0.0,
        "is_bridge": false,
        "damage_score": 0.0,
        "failure_mode": ""
      }
    },
    {
      "type": "Feature",
      "id": "24_25_0",
      "geometry": {
        "type": "LineString",
        "coordinates": [
          [
            67.7516667,
            26.7027778
          ],
          [
            67.7705556,
            26.7027778
          ]
        ]
      },
      "properties": {
        "id": "24_25_0",
        "name": "Road 2-3",
        "highway": "secondary",
        "length_m": 2099.29,
        "status": "passable",
        "flooded": false,
        "flood_frac": 0.0,
        "is_bridge": false,
        "damage_score": 0.0,
        "failure_mode": ""
      }
    },
    {
      "type": "Feature",
      "id": "24_34_0",
      "geometry": {
        "type": "LineString",
        "coordinates": [
          [
            67.7516667,
            26.7027778
          ],
          [
            67.7516667,
            26.7216667
          ]
        ]
      },
      "properties": {
        "id": "24_34_0",
        "name": "Corridor 2-3",
        "highway": "residential",
        "length_m": 2099.29,
        "status": "passable",
        "flooded": false,
        "flood_frac": 0.0,
        "is_bridge": false,
        "damage_score": 0.0,
        "failure_mode": ""
      }
    },
    {
      "type": "Feature",
      "id": "25_15_0",
      "geometry": {
        "type": "LineString",
        "coordinates": [
          [
            67.7705556,
            26.6838889
          ],
          [
            67.7705556,
            26.7027778
          ]
        ]
      },
      "properties": {
        "id": "25_15_0",
        "name": "Corridor 1-4",
        "highway": "primary",
        "length_m": 2099.29,
        "status": "passable",
        "flooded": false,
        "flood_frac": 0.0,
        "is_bridge": false,
        "damage_score": 0.0,
        "failure_mode": ""
      }
    },
    {
      "type": "Feature",
      "id": "25_24_0",
      "geometry": {
        "type": "LineString",
        "coordinates": [
          [
            67.7516667,
            26.7027778
          ],
          [
            67.7705556,
            26.7027778
          ]
        ]
      },
      "properties": {
        "id": "25_24_0",
        "name": "Road 2-3",
        "highway": "secondary",
        "length_m": 2099.29,
        "status": "passable",
        "flooded": false,
        "flood_frac": 0.0,
        "is_bridge": false,
        "damage_score": 0.0,
        "failure_mode": ""
      }
    },
    {
      "type": "Feature",
      "id": "25_26_0",
      "geometry": {
        "type": "LineString",
        "coordinates": [
          [
            67.7705556,
            26.7027778
          ],
          [
            67.7894444,
            26.7027778
          ]
        ]
      },
      "properties": {
        "id": "25_26_0",
        "name": "Road 2-4",
        "highway": "secondary",
        "length_m": 2099.29,
        "status": "passable",
        "flooded": false,
        "flood_frac": 0.0204,
        "is_bridge": false,
        "damage_score": 0.0,
        "failure_mode": ""
      }
    },
    {
      "type": "Feature",
      "id": "25_35_0",
      "geometry": {
        "type": "LineString",
        "coordinates": [
          [
            67.7705556,
            26.7027778
          ],
          [
            67.7705556,
            26.7216667
          ]
        ]
      },
      "properties": {
        "id": "25_35_0",
        "name": "Corridor 2-4",
        "highway": "primary",
        "length_m": 2099.29,
        "status": "passable",
        "flooded": false,
        "flood_frac": 0.0,
        "is_bridge": false,
        "damage_score": 0.0,
        "failure_mode": ""
      }
    },
    {
      "type": "Feature",
      "id": "26_16_0",
      "geometry": {
        "type": "LineString",
        "coordinates": [
          [
            67.7894444,
            26.6838889
          ],
          [
            67.7894444,
            26.7027778
          ]
        ]
      },
      "properties": {
        "id": "26_16_0",
        "name": "Corridor 1-5",
        "highway": "residential",
        "length_m": 2099.29,
        "status": "passable",
        "flooded": false,
        "flood_frac": 0.0204,
        "is_bridge": false,
        "damage_score": 0.0,
        "failure_mode": ""
      }
    },
    {
      "type": "Feature",
      "id": "26_25_0",
      "geometry": {
        "type": "LineString",
        "coordinates": [
          [
            67.7705556,
            26.7027778
          ],
          [
            67.7894444,
            26.7027778
          ]
        ]
      },
      "properties": {
        "id": "26_25_0",
        "name": "Road 2-4",
        "highway": "secondary",
        "length_m": 2099.29,
        "status": "passable",
        "flooded": false,
        "flood_frac": 0.0204,
        "is_bridge": false,
        "damage_score": 0.0,
        "failure_mode": ""
      }
    },
    {
      "type": "Feature",
      "id": "26_27_0",
      "geometry": {
        "type": "LineString",
        "coordinates": [
          [
            67.7894444,
            26.7027778
          ],
          [
            67.8083333,
            26.7027778
          ]
        ]
      },
      "properties": {
        "id": "26_27_0",
        "name": "Road 2-5",
        "highway": "secondary",
        "length_m": 2099.29,
        "status": "flooded",
        "flooded": true,
        "flood_frac": 1.0,
        "is_bridge": false,
        "damage_score": 0.0,
        "failure_mode": ""
      }
    },
    {
      "type": "Feature",
      "id": "26_36_0",
      "geometry": {
        "type": "LineString",
        "coordinates": [
          [
            67.7894444,
            26.7027778
          ],
          [
            67.7894444,
            26.7216667
          ]
        ]
      },
      "properties": {
        "id": "26_36_0",
        "name": "Corridor 2-5",
        "highway": "residential",
        "length_m": 2099.29,
        "status": "flooded",
        "flooded": true,
        "flood_frac": 1.0,
        "is_bridge": false,
        "damage_score": 0.0,
        "failure_mode": ""
      }
    },
    {
      "type": "Feature",
      "id": "27_17_0",
      "geometry": {
        "type": "LineString",
        "coordinates": [
          [
            67.8083333,
            26.6838889
          ],
          [
            67.8083333,
            26.7027778
          ]
        ]
      },
      "properties": {
        "id": "27_17_0",
        "name": "Corridor 1-6",
        "highway": "residential",
        "length_m": 2099.29,
        "status": "flooded",
        "flooded": true,
        "flood_frac": 0.551,
        "is_bridge": false,
        "damage_score": 0.0,
        "failure_mode": ""
      }
    },
    {
      "type": "Feature",
      "id": "27_26_0",
      "geometry": {
        "type": "LineString",
        "coordinates": [
          [
            67.7894444,
            26.7027778
          ],
          [
            67.8083333,
            26.7027778
          ]
        ]
      },
      "properties": {
        "id": "27_26_0",
        "name": "Road 2-5",
        "highway": "secondary",
        "length_m": 2099.29,
        "status": "flooded",
        "flooded": true,
        "flood_frac": 1.0,
        "is_bridge": false,
        "damage_score": 0.0,
        "failure_mode": ""
      }
    },
    {
      "type": "Feature",
      "id": "27_28_0",
      "geometry": {
        "type": "LineString",
        "coordinates": [
          [
            67.8083333,
            26.7027778
          ],
          [
            67.8272222,
            26.7027778
          ]
        ]
      },
      "properties": {
        "id": "27_28_0",
        "name": "Road 2-6",
        "highway": "secondary",
        "length_m": 2099.29,
        "status": "likely_damaged",
        "flooded": true,
        "flood_frac": 1.0,
        "is_bridge": true,
        "damage_score": 1.0,
        "failure_mode": "submerged"
      }
    },
    {
      "type": "Feature",
      "id": "27_37_0",
      "geometry": {
        "type": "LineString",
        "coordinates": [
          [
            67.8083333,
            26.7027778
          ],
          [
            67.8083333,
            26.7216667
          ]
        ]
      },
      "properties": {
        "id": "27_37_0",
        "name": "Corridor 2-6",
        "highway": "residential",
        "length_m": 2099.29,
        "status": "flooded",
        "flooded": true,
        "flood_frac": 1.0,
        "is_bridge": false,
        "damage_score": 0.0,
        "failure_mode": ""
      }
    },
    {
      "type": "Feature",
      "id": "28_18_0",
      "geometry": {
        "type": "LineString",
        "coordinates": [
          [
            67.8272222,
            26.6838889
          ],
          [
            67.8272222,
            26.7027778
          ]
        ]
      },
      "properties": {
        "id": "28_18_0",
        "name": "Corridor 1-7",
        "highway": "secondary",
        "length_m": 2099.29,
        "status": "flooded",
        "flooded": true,
        "flood_frac": 1.0,
        "is_bridge": false,
        "damage_score": 0.0,
        "failure_mode": ""
      }
    },
    {
      "type": "Feature",
      "id": "28_27_0",
      "geometry": {
        "type": "LineString",
        "coordinates": [
          [
            67.8083333,
            26.7027778
          ],
          [
            67.8272222,
            26.7027778
          ]
        ]
      },
      "properties": {
        "id": "28_27_0",
        "name": "Road 2-6",
        "highway": "secondary",
        "length_m": 2099.29,
        "status": "likely_damaged",
        "flooded": true,
        "flood_frac": 1.0,
        "is_bridge": true,
        "damage_score": 1.0,
        "failure_mode": "submerged"
      }
    },
    {
      "type": "Feature",
      "id": "28_29_0",
      "geometry": {
        "type": "LineString",
        "coordinates": [
          [
            67.8272222,
            26.7027778
          ],
          [
            67.8461111,
            26.7027778
          ]
        ]
      },
      "properties": {
        "id": "28_29_0",
        "name": "Road 2-7",
        "highway": "secondary",
        "length_m": 2099.29,
        "status": "likely_damaged",
        "flooded": true,
        "flood_frac": 0.8163,
        "is_bridge": true,
        "damage_score": 0.94,
        "failure_mode": "submerged"
      }
    },
    {
      "type": "Feature",
      "id": "28_38_0",
      "geometry": {
        "type": "LineString",
        "coordinates": [
          [
            67.8272222,
            26.7027778
          ],
          [
            67.8272222,
            26.7216667
          ]
        ]
      },
      "properties": {
        "id": "28_38_0",
        "name": "Corridor 2-7",
        "highway": "secondary",
        "length_m": 2099.29,
        "status": "flooded",
        "flooded": true,
        "flood_frac": 1.0,
        "is_bridge": false,
        "damage_score": 0.0,
        "failure_mode": ""
      }
    },
    {
      "type": "Feature",
      "id": "29_19_0",
      "geometry": {
        "type": "LineString",
        "coordinates": [
          [
            67.8461111,
            26.6838889
          ],
          [
            67.8461111,
            26.7027778
          ]
        ]
      },
      "properties": {
        "id": "29_19_0",
        "name": "Corridor 1-8",
        "highway": "residential",
        "length_m": 2099.29,
        "status": "flooded",
        "flooded": true,
        "flood_frac": 0.7551,
        "is_bridge": false,
        "damage_score": 0.0,
        "failure_mode": ""
      }
    },
    {
      "type": "Feature",
      "id": "29_28_0",
      "geometry": {
        "type": "LineString",
        "coordinates": [
          [
            67.8272222,
            26.7027778
          ],
          [
            67.8461111,
            26.7027778
          ]
        ]
      },
      "properties": {
        "id": "29_28_0",
        "name": "Road 2-7",
        "highway": "secondary",
        "length_m": 2099.29,
        "status": "likely_damaged",
        "flooded": true,
        "flood_frac": 0.8163,
        "is_bridge": true,
        "damage_score": 0.94,
        "failure_mode": "submerged"
      }
    },
    {
      "type": "Feature",
      "id": "29_30_0",
      "geometry": {
        "type": "LineString",
        "coordinates": [
          [
            67.8461111,
            26.7027778
          ],
          [
            67.865,
            26.7027778
          ]
        ]
      },
      "properties": {
        "id": "29_30_0",
        "name": "Road 2-8",
        "highway": "secondary",
        "length_m": 2099.29,
        "status": "passable",
        "flooded": false,
        "flood_frac": 0.0,
        "is_bridge": false,
        "damage_score": 0.0,
        "failure_mode": ""
      }
    },
    {
      "type": "Feature",
      "id": "29_39_0",
      "geometry": {
        "type": "LineString",
        "coordinates": [
          [
            67.8461111,
            26.7027778
          ],
          [
            67.8461111,
            26.7216667
          ]
        ]
      },
      "properties": {
        "id": "29_39_0",
        "name": "Corridor 2-8",
        "highway": "residential",
        "length_m": 2099.29,
        "status": "passable",
        "flooded": false,
        "flood_frac": 0.0,
        "is_bridge": false,
        "damage_score": 0.0,
        "failure_mode": ""
      }
    },
    {
      "type": "Feature",
      "id": "30_20_0",
      "geometry": {
        "type": "LineString",
        "coordinates": [
          [
            67.865,
            26.6838889
          ],
          [
            67.865,
            26.7027778
          ]
        ]
      },
      "properties": {
        "id": "30_20_0",
        "name": "Corridor 1-9",
        "highway": "residential",
        "length_m": 2099.29,
        "status": "passable",
        "flooded": false,
        "flood_frac": 0.0,
        "is_bridge": false,
        "damage_score": 0.0,
        "failure_mode": ""
      }
    },
    {
      "type": "Feature",
      "id": "30_29_0",
      "geometry": {
        "type": "LineString",
        "coordinates": [
          [
            67.8461111,
            26.7027778
          ],
          [
            67.865,
            26.7027778
          ]
        ]
      },
      "properties": {
        "id": "30_29_0",
        "name": "Road 2-8",
        "highway": "secondary",
        "length_m": 2099.29,
        "status": "passable",
        "flooded": false,
        "flood_frac": 0.0,
        "is_bridge": false,
        "damage_score": 0.0,
        "failure_mode": ""
      }
    },
    {
      "type": "Feature",
      "id": "30_40_0",
      "geometry": {
        "type": "LineString",
        "coordinates": [
          [
            67.865,
            26.7027778
          ],
          [
            67.865,
            26.7216667
          ]
        ]
      },
      "properties": {
        "id": "30_40_0",
        "name": "Corridor 2-9",
        "highway": "residential",
        "length_m": 2099.29,
        "status": "passable",
        "flooded": false,
        "flood_frac": 0.0,
        "is_bridge": false,
        "damage_score": 0.0,
        "failure_mode": ""
      }
    },
    {
      "type": "Feature",
      "id": "31_21_0",
      "geometry": {
        "type": "LineString",
        "coordinates": [
          [
            67.695,
            26.7027778
          ],
          [
            67.695,
            26.7216667
          ]
        ]
      },
      "properties": {
        "id": "31_21_0",
        "name": "Corridor 2-0",
        "highway": "residential",
        "length_m": 2099.29,
        "status": "passable",
        "flooded": false,
        "flood_frac": 0.0,
        "is_bridge": false,
        "damage_score": 0.0,
        "failure_mode": ""
      }
    },
    {
      "type": "Feature",
      "id": "31_32_0",
      "geometry": {
        "type": "LineString",
        "coordinates": [
          [
            67.695,
            26.7216667
          ],
          [
            67.7138889,
            26.7216667
          ]
        ]
      },
      "properties": {
        "id": "31_32_0",
        "name": "Road 3-0",
        "highway": "residential",
        "length_m": 2099.29,
        "status": "passable",
        "flooded": false,
        "flood_frac": 0.0,
        "is_bridge": false,
        "damage_score": 0.0,
        "failure_mode": ""
      }
    },
    {
      "type": "Feature",
      "id": "31_41_0",
      "geometry": {
        "type": "LineString",
        "coordinates": [
          [
            67.695,
            26.7216667
          ],
          [
            67.695,
            26.7405556
          ]
        ]
      },
      "properties": {
        "id": "31_41_0",
        "name": "Corridor 3-0",
        "highway": "residential",
        "length_m": 2099.29,
        "status": "passable",
        "flooded": false,
        "flood_frac": 0.0,
        "is_bridge": false,
        "damage_score": 0.0,
        "failure_mode": ""
      }
    },
    {
      "type": "Feature",
      "id": "32_22_0",
      "geometry": {
        "type": "LineString",
        "coordinates": [
          [
            67.7138889,
            26.7027778
          ],
          [
            67.7138889,
            26.7216667
          ]
        ]
      },
      "properties": {
        "id": "32_22_0",
        "name": "Corridor 2-1",
        "highway": "residential",
        "length_m": 2099.29,
        "status": "passable",
        "flooded": false,
        "flood_frac": 0.0,
        "is_bridge": false,
        "damage_score": 0.0,
        "failure_mode": ""
      }
    },
    {
      "type": "Feature",
      "id": "32_31_0",
      "geometry": {
        "type": "LineString",
        "coordinates": [
          [
            67.695,
            26.7216667
          ],
          [
            67.7138889,
            26.7216667
          ]
        ]
      },
      "properties": {
        "id": "32_31_0",
        "name": "Road 3-0",
        "highway": "residential",
        "length_m": 2099.29,
        "status": "passable",
        "flooded": false,
        "flood_frac": 0.0,
        "is_bridge": false,
        "damage_score": 0.0,
        "failure_mode": ""
      }
    },
    {
      "type": "Feature",
      "id": "32_33_0",
      "geometry": {
        "type": "LineString",
        "coordinates": [
          [
            67.7138889,
            26.7216667
          ],
          [
            67.7327778,
            26.7216667
          ]
        ]
      },
      "properties": {
        "id": "32_33_0",
        "name": "Road 3-1",
        "highway": "residential",
        "length_m": 2099.29,
        "status": "passable",
        "flooded": false,
        "flood_frac": 0.0,
        "is_bridge": false,
        "damage_score": 0.0,
        "failure_mode": ""
      }
    },
    {
      "type": "Feature",
      "id": "32_42_0",
      "geometry": {
        "type": "LineString",
        "coordinates": [
          [
            67.7138889,
            26.7216667
          ],
          [
            67.7138889,
            26.7405556
          ]
        ]
      },
      "properties": {
        "id": "32_42_0",
        "name": "Corridor 3-1",
        "highway": "residential",
        "length_m": 2099.29,
        "status": "passable",
        "flooded": false,
        "flood_frac": 0.0,
        "is_bridge": false,
        "damage_score": 0.0,
        "failure_mode": ""
      }
    },
    {
      "type": "Feature",
      "id": "33_23_0",
      "geometry": {
        "type": "LineString",
        "coordinates": [
          [
            67.7327778,
            26.7027778
          ],
          [
            67.7327778,
            26.7216667
          ]
        ]
      },
      "properties": {
        "id": "33_23_0",
        "name": "Corridor 2-2",
        "highway": "secondary",
        "length_m": 2099.29,
        "status": "passable",
        "flooded": false,
        "flood_frac": 0.0,
        "is_bridge": false,
        "damage_score": 0.0,
        "failure_mode": ""
      }
    },
    {
      "type": "Feature",
      "id": "33_32_0",
      "geometry": {
        "type": "LineString",
        "coordinates": [
          [
            67.7138889,
            26.7216667
          ],
          [
            67.7327778,
            26.7216667
          ]
        ]
      },
      "properties": {
        "id": "33_32_0",
        "name": "Road 3-1",
        "highway": "residential",
        "length_m": 2099.29,
        "status": "passable",
        "flooded": false,
        "flood_frac": 0.0,
        "is_bridge": false,
        "damage_score": 0.0,
        "failure_mode": ""
      }
    },
    {
      "type": "Feature",
      "id": "33_34_0",
      "geometry": {
        "type": "LineString",
        "coordinates": [
          [
            67.7327778,
            26.7216667
          ],
          [
            67.7516667,
            26.7216667
          ]
        ]
      },
      "properties": {
        "id": "33_34_0",
        "name": "Road 3-2",
        "highway": "residential",
        "length_m": 2099.29,
        "status": "passable",
        "flooded": false,
        "flood_frac": 0.0,
        "is_bridge": false,
        "damage_score": 0.0,
        "failure_mode": ""
      }
    },
    {
      "type": "Feature",
      "id": "33_43_0",
      "geometry": {
        "type": "LineString",
        "coordinates": [
          [
            67.7327778,
            26.7216667
          ],
          [
            67.7327778,
            26.7405556
          ]
        ]
      },
      "properties": {
        "id": "33_43_0",
        "name": "Corridor 3-2",
        "highway": "secondary",
        "length_m": 2099.29,
        "status": "passable",
        "flooded": false,
        "flood_frac": 0.0,
        "is_bridge": false,
        "damage_score": 0.0,
        "failure_mode": ""
      }
    },
    {
      "type": "Feature",
      "id": "34_24_0",
      "geometry": {
        "type": "LineString",
        "coordinates": [
          [
            67.7516667,
            26.7027778
          ],
          [
            67.7516667,
            26.7216667
          ]
        ]
      },
      "properties": {
        "id": "34_24_0",
        "name": "Corridor 2-3",
        "highway": "residential",
        "length_m": 2099.29,
        "status": "passable",
        "flooded": false,
        "flood_frac": 0.0,
        "is_bridge": false,
        "damage_score": 0.0,
        "failure_mode": ""
      }
    },
    {
      "type": "Feature",
      "id": "34_33_0",
      "geometry": {
        "type": "LineString",
        "coordinates": [
          [
            67.7327778,
            26.7216667
          ],
          [
            67.7516667,
            26.7216667
          ]
        ]
      },
      "properties": {
        "id": "34_33_0",
        "name": "Road 3-2",
        "highway": "residential",
        "length_m": 2099.29,
        "status": "passable",
        "flooded": false,
        "flood_frac": 0.0,
        "is_bridge": false,
        "damage_score": 0.0,
        "failure_mode": ""
      }
    },
    {
      "type": "Feature",
      "id": "34_35_0",
      "geometry": {
        "type": "LineString",
        "coordinates": [
          [
            67.7516667,
            26.7216667
          ],
          [
            67.7705556,
            26.7216667
          ]
        ]
      },
      "properties": {
        "id": "34_35_0",
        "name": "Road 3-3",
        "highway": "residential",
        "length_m": 2099.29,
        "status": "passable",
        "flooded": false,
        "flood_frac": 0.0,
        "is_bridge": false,
        "damage_score": 0.0,
        "failure_mode": ""
      }
    },
    {
      "type": "Feature",
      "id": "34_44_0",
      "geometry": {
        "type": "LineString",
        "coordinates": [
          [
            67.7516667,
            26.7216667
          ],
          [
            67.7516667,
            26.7405556
          ]
        ]
      },
      "properties": {
        "id": "34_44_0",
        "name": "Corridor 3-3",
        "highway": "residential",
        "length_m": 2099.29,
        "status": "passable",
        "flooded": false,
        "flood_frac": 0.0,
        "is_bridge": false,
        "damage_score": 0.0,
        "failure_mode": ""
      }
    },
    {
      "type": "Feature",
      "id": "35_25_0",
      "geometry": {
        "type": "LineString",
        "coordinates": [
          [
            67.7705556,
            26.7027778
          ],
          [
            67.7705556,
            26.7216667
          ]
        ]
      },
      "properties": {
        "id": "35_25_0",
        "name": "Corridor 2-4",
        "highway": "primary",
        "length_m": 2099.29,
        "status": "passable",
        "flooded": false,
        "flood_frac": 0.0,
        "is_bridge": false,
        "damage_score": 0.0,
        "failure_mode": ""
      }
    },
    {
      "type": "Feature",
      "id": "35_34_0",
      "geometry": {
        "type": "LineString",
        "coordinates": [
          [
            67.7516667,
            26.7216667
          ],
          [
            67.7705556,
            26.7216667
          ]
        ]
      },
      "properties": {
        "id": "35_34_0",
        "name": "Road 3-3",
        "highway": "residential",
        "length_m": 2099.29,
        "status": "passable",
        "flooded": false,
        "flood_frac": 0.0,
        "is_bridge": false,
        "damage_score": 0.0,
        "failure_mode": ""
      }
    },
    {
      "type": "Feature",
      "id": "35_36_0",
      "geometry": {
        "type": "LineString",
        "coordinates": [
          [
            67.7705556,
            26.7216667
          ],
          [
            67.7894444,
            26.7216667
          ]
        ]
      },
      "properties": {
        "id": "35_36_0",
        "name": "Road 3-4",
        "highway": "residential",
        "length_m": 2099.29,
        "status": "flooded",
        "flooded": true,
        "flood_frac": 0.6735,
        "is_bridge": false,
        "damage_score": 0.0,
        "failure_mode": ""
      }
    },
    {
      "type": "Feature",
      "id": "35_45_0",
      "geometry": {
        "type": "LineString",
        "coordinates": [
          [
            67.7705556,
            26.7216667
          ],
          [
            67.7705556,
            26.7405556
          ]
        ]
      },
      "properties": {
        "id": "35_45_0",
        "name": "Corridor 3-4",
        "highway": "primary",
        "length_m": 2099.29,
        "status": "flooded",
        "flooded": true,
        "flood_frac": 0.6735,
        "is_bridge": false,
        "damage_score": 0.0,
        "failure_mode": ""
      }
    },
    {
      "type": "Feature",
      "id": "36_26_0",
      "geometry": {
        "type": "LineString",
        "coordinates": [
          [
            67.7894444,
            26.7027778
          ],
          [
            67.7894444,
            26.7216667
          ]
        ]
      },
      "properties": {
        "id": "36_26_0",
        "name": "Corridor 2-5",
        "highway": "residential",
        "length_m": 2099.29,
        "status": "flooded",
        "flooded": true,
        "flood_frac": 1.0,
        "is_bridge": false,
        "damage_score": 0.0,
        "failure_mode": ""
      }
    },
    {
      "type": "Feature",
      "id": "36_35_0",
      "geometry": {
        "type": "LineString",
        "coordinates": [
          [
            67.7705556,
            26.7216667
          ],
          [
            67.7894444,
            26.7216667
          ]
        ]
      },
      "properties": {
        "id": "36_35_0",
        "name": "Road 3-4",
        "highway": "residential",
        "length_m": 2099.29,
        "status": "flooded",
        "flooded": true,
        "flood_frac": 0.6735,
        "is_bridge": false,
        "damage_score": 0.0,
        "failure_mode": ""
      }
    },
    {
      "type": "Feature",
      "id": "36_37_0",
      "geometry": {
        "type": "LineString",
        "coordinates": [
          [
            67.7894444,
            26.7216667
          ],
          [
            67.8083333,
            26.7216667
          ]
        ]
      },
      "properties": {
        "id": "36_37_0",
        "name": "Road 3-5",
        "highway": "residential",
        "length_m": 2099.29,
        "status": "flooded",
        "flooded": true,
        "flood_frac": 1.0,
        "is_bridge": false,
        "damage_score": 0.0,
        "failure_mode": ""
      }
    },
    {
      "type": "Feature",
      "id": "36_46_0",
      "geometry": {
        "type": "LineString",
        "coordinates": [
          [
            67.7894444,
            26.7216667
          ],
          [
            67.7894444,
            26.7405556
          ]
        ]
      },
      "properties": {
        "id": "36_46_0",
        "name": "Corridor 3-5",
        "highway": "residential",
        "length_m": 2099.29,
        "status": "flooded",
        "flooded": true,
        "flood_frac": 1.0,
        "is_bridge": false,
        "damage_score": 0.0,
        "failure_mode": ""
      }
    },
    {
      "type": "Feature",
      "id": "37_27_0",
      "geometry": {
        "type": "LineString",
        "coordinates": [
          [
            67.8083333,
            26.7027778
          ],
          [
            67.8083333,
            26.7216667
          ]
        ]
      },
      "properties": {
        "id": "37_27_0",
        "name": "Corridor 2-6",
        "highway": "residential",
        "length_m": 2099.29,
        "status": "flooded",
        "flooded": true,
        "flood_frac": 1.0,
        "is_bridge": false,
        "damage_score": 0.0,
        "failure_mode": ""
      }
    },
    {
      "type": "Feature",
      "id": "37_36_0",
      "geometry": {
        "type": "LineString",
        "coordinates": [
          [
            67.7894444,
            26.7216667
          ],
          [
            67.8083333,
            26.7216667
          ]
        ]
      },
      "properties": {
        "id": "37_36_0",
        "name": "Road 3-5",
        "highway": "residential",
        "length_m": 2099.29,
        "status": "flooded",
        "flooded": true,
        "flood_frac": 1.0,
        "is_bridge": false,
        "damage_score": 0.0,
        "failure_mode": ""
      }
    },
    {
      "type": "Feature",
      "id": "37_38_0",
      "geometry": {
        "type": "LineString",
        "coordinates": [
          [
            67.8083333,
            26.7216667
          ],
          [
            67.8272222,
            26.7216667
          ]
        ]
      },
      "properties": {
        "id": "37_38_0",
        "name": "Road 3-6",
        "highway": "residential",
        "length_m": 2099.29,
        "status": "flooded",
        "flooded": true,
        "flood_frac": 1.0,
        "is_bridge": false,
        "damage_score": 0.0,
        "failure_mode": ""
      }
    },
    {
      "type": "Feature",
      "id": "37_47_0",
      "geometry": {
        "type": "LineString",
        "coordinates": [
          [
            67.8083333,
            26.7216667
          ],
          [
            67.8083333,
            26.7405556
          ]
        ]
      },
      "properties": {
        "id": "37_47_0",
        "name": "Corridor 3-6",
        "highway": "residential",
        "length_m": 2099.29,
        "status": "flooded",
        "flooded": true,
        "flood_frac": 1.0,
        "is_bridge": false,
        "damage_score": 0.0,
        "failure_mode": ""
      }
    },
    {
      "type": "Feature",
      "id": "38_28_0",
      "geometry": {
        "type": "LineString",
        "coordinates": [
          [
            67.8272222,
            26.7027778
          ],
          [
            67.8272222,
            26.7216667
          ]
        ]
      },
      "properties": {
        "id": "38_28_0",
        "name": "Corridor 2-7",
        "highway": "secondary",
        "length_m": 2099.29,
        "status": "flooded",
        "flooded": true,
        "flood_frac": 1.0,
        "is_bridge": false,
        "damage_score": 0.0,
        "failure_mode": ""
      }
    },
    {
      "type": "Feature",
      "id": "38_37_0",
      "geometry": {
        "type": "LineString",
        "coordinates": [
          [
            67.8083333,
            26.7216667
          ],
          [
            67.8272222,
            26.7216667
          ]
        ]
      },
      "properties": {
        "id": "38_37_0",
        "name": "Road 3-6",
        "highway": "residential",
        "length_m": 2099.29,
        "status": "flooded",
        "flooded": true,
        "flood_frac": 1.0,
        "is_bridge": false,
        "damage_score": 0.0,
        "failure_mode": ""
      }
    },
    {
      "type": "Feature",
      "id": "38_39_0",
      "geometry": {
        "type": "LineString",
        "coordinates": [
          [
            67.8272222,
            26.7216667
          ],
          [
            67.8461111,
            26.7216667
          ]
        ]
      },
      "properties": {
        "id": "38_39_0",
        "name": "Road 3-7",
        "highway": "residential",
        "length_m": 2099.29,
        "status": "flooded",
        "flooded": true,
        "flood_frac": 0.3061,
        "is_bridge": false,
        "damage_score": 0.0,
        "failure_mode": ""
      }
    },
    {
      "type": "Feature",
      "id": "38_48_0",
      "geometry": {
        "type": "LineString",
        "coordinates": [
          [
            67.8272222,
            26.7216667
          ],
          [
            67.8272222,
            26.7405556
          ]
        ]
      },
      "properties": {
        "id": "38_48_0",
        "name": "Corridor 3-7",
        "highway": "secondary",
        "length_m": 2099.29,
        "status": "flooded",
        "flooded": true,
        "flood_frac": 1.0,
        "is_bridge": false,
        "damage_score": 0.0,
        "failure_mode": ""
      }
    },
    {
      "type": "Feature",
      "id": "39_29_0",
      "geometry": {
        "type": "LineString",
        "coordinates": [
          [
            67.8461111,
            26.7027778
          ],
          [
            67.8461111,
            26.7216667
          ]
        ]
      },
      "properties": {
        "id": "39_29_0",
        "name": "Corridor 2-8",
        "highway": "residential",
        "length_m": 2099.29,
        "status": "passable",
        "flooded": false,
        "flood_frac": 0.0,
        "is_bridge": false,
        "damage_score": 0.0,
        "failure_mode": ""
      }
    },
    {
      "type": "Feature",
      "id": "39_38_0",
      "geometry": {
        "type": "LineString",
        "coordinates": [
          [
            67.8272222,
            26.7216667
          ],
          [
            67.8461111,
            26.7216667
          ]
        ]
      },
      "properties": {
        "id": "39_38_0",
        "name": "Road 3-7",
        "highway": "residential",
        "length_m": 2099.29,
        "status": "flooded",
        "flooded": true,
        "flood_frac": 0.3061,
        "is_bridge": false,
        "damage_score": 0.0,
        "failure_mode": ""
      }
    },
    {
      "type": "Feature",
      "id": "39_40_0",
      "geometry": {
        "type": "LineString",
        "coordinates": [
          [
            67.8461111,
            26.7216667
          ],
          [
            67.865,
            26.7216667
          ]
        ]
      },
      "properties": {
        "id": "39_40_0",
        "name": "Road 3-8",
        "highway": "residential",
        "length_m": 2099.29,
        "status": "passable",
        "flooded": false,
        "flood_frac": 0.0,
        "is_bridge": false,
        "damage_score": 0.0,
        "failure_mode": ""
      }
    },
    {
      "type": "Feature",
      "id": "39_49_0",
      "geometry": {
        "type": "LineString",
        "coordinates": [
          [
            67.8461111,
            26.7216667
          ],
          [
            67.8461111,
            26.7405556
          ]
        ]
      },
      "properties": {
        "id": "39_49_0",
        "name": "Corridor 3-8",
        "highway": "residential",
        "length_m": 2099.29,
        "status": "passable",
        "flooded": false,
        "flood_frac": 0.0,
        "is_bridge": false,
        "damage_score": 0.0,
        "failure_mode": ""
      }
    },
    {
      "type": "Feature",
      "id": "40_30_0",
      "geometry": {
        "type": "LineString",
        "coordinates": [
          [
            67.865,
            26.7027778
          ],
          [
            67.865,
            26.7216667
          ]
        ]
      },
      "properties": {
        "id": "40_30_0",
        "name": "Corridor 2-9",
        "highway": "residential",
        "length_m": 2099.29,
        "status": "passable",
        "flooded": false,
        "flood_frac": 0.0,
        "is_bridge": false,
        "damage_score": 0.0,
        "failure_mode": ""
      }
    },
    {
      "type": "Feature",
      "id": "40_39_0",
      "geometry": {
        "type": "LineString",
        "coordinates": [
          [
            67.8461111,
            26.7216667
          ],
          [
            67.865,
            26.7216667
          ]
        ]
      },
      "properties": {
        "id": "40_39_0",
        "name": "Road 3-8",
        "highway": "residential",
        "length_m": 2099.29,
        "status": "passable",
        "flooded": false,
        "flood_frac": 0.0,
        "is_bridge": false,
        "damage_score": 0.0,
        "failure_mode": ""
      }
    },
    {
      "type": "Feature",
      "id": "40_50_0",
      "geometry": {
        "type": "LineString",
        "coordinates": [
          [
            67.865,
            26.7216667
          ],
          [
            67.865,
            26.7405556
          ]
        ]
      },
      "properties": {
        "id": "40_50_0",
        "name": "Corridor 3-9",
        "highway": "residential",
        "length_m": 2099.29,
        "status": "passable",
        "flooded": false,
        "flood_frac": 0.0,
        "is_bridge": false,
        "damage_score": 0.0,
        "failure_mode": ""
      }
    },
    {
      "type": "Feature",
      "id": "41_31_0",
      "geometry": {
        "type": "LineString",
        "coordinates": [
          [
            67.695,
            26.7216667
          ],
          [
            67.695,
            26.7405556
          ]
        ]
      },
      "properties": {
        "id": "41_31_0",
        "name": "Corridor 3-0",
        "highway": "residential",
        "length_m": 2099.29,
        "status": "passable",
        "flooded": false,
        "flood_frac": 0.0,
        "is_bridge": false,
        "damage_score": 0.0,
        "failure_mode": ""
      }
    },
    {
      "type": "Feature",
      "id": "41_42_0",
      "geometry": {
        "type": "LineString",
        "coordinates": [
          [
            67.695,
            26.7405556
          ],
          [
            67.7138889,
            26.7405556
          ]
        ]
      },
      "properties": {
        "id": "41_42_0",
        "name": "Road 4-0",
        "highway": "residential",
        "length_m": 2099.29,
        "status": "passable",
        "flooded": false,
        "flood_frac": 0.0,
        "is_bridge": false,
        "damage_score": 0.0,
        "failure_mode": ""
      }
    },
    {
      "type": "Feature",
      "id": "41_51_0",
      "geometry": {
        "type": "LineString",
        "coordinates": [
          [
            67.695,
            26.7405556
          ],
          [
            67.695,
            26.7594444
          ]
        ]
      },
      "properties": {
        "id": "41_51_0",
        "name": "Corridor 4-0",
        "highway": "residential",
        "length_m": 2099.29,
        "status": "passable",
        "flooded": false,
        "flood_frac": 0.0,
        "is_bridge": false,
        "damage_score": 0.0,
        "failure_mode": ""
      }
    },
    {
      "type": "Feature",
      "id": "42_32_0",
      "geometry": {
        "type": "LineString",
        "coordinates": [
          [
            67.7138889,
            26.7216667
          ],
          [
            67.7138889,
            26.7405556
          ]
        ]
      },
      "properties": {
        "id": "42_32_0",
        "name": "Corridor 3-1",
        "highway": "residential",
        "length_m": 2099.29,
        "status": "passable",
        "flooded": false,
        "flood_frac": 0.0,
        "is_bridge": false,
        "damage_score": 0.0,
        "failure_mode": ""
      }
    },
    {
      "type": "Feature",
      "id": "42_41_0",
      "geometry": {
        "type": "LineString",
        "coordinates": [
          [
            67.695,
            26.7405556
          ],
          [
            67.7138889,
            26.7405556
          ]
        ]
      },
      "properties": {
        "id": "42_41_0",
        "name": "Road 4-0",
        "highway": "residential",
        "length_m": 2099.29,
        "status": "passable",
        "flooded": false,
        "flood_frac": 0.0,
        "is_bridge": false,
        "damage_score": 0.0,
        "failure_mode": ""
      }
    },
    {
      "type": "Feature",
      "id": "42_43_0",
      "geometry": {
        "type": "LineString",
        "coordinates": [
          [
            67.7138889,
            26.7405556
          ],
          [
            67.7327778,
            26.7405556
          ]
        ]
      },
      "properties": {
        "id": "42_43_0",
        "name": "Road 4-1",
        "highway": "residential",
        "length_m": 2099.29,
        "status": "passable",
        "flooded": false,
        "flood_frac": 0.0,
        "is_bridge": false,
        "damage_score": 0.0,
        "failure_mode": ""
      }
    },
    {
      "type": "Feature",
      "id": "42_52_0",
      "geometry": {
        "type": "LineString",
        "coordinates": [
          [
            67.7138889,
            26.7405556
          ],
          [
            67.7138889,
            26.7594444
          ]
        ]
      },
      "properties": {
        "id": "42_52_0",
        "name": "Corridor 4-1",
        "highway": "residential",
        "length_m": 2099.29,
        "status": "passable",
        "flooded": false,
        "flood_frac": 0.2857,
        "is_bridge": false,
        "damage_score": 0.0,
        "failure_mode": ""
      }
    },
    {
      "type": "Feature",
      "id": "43_33_0",
      "geometry": {
        "type": "LineString",
        "coordinates": [
          [
            67.7327778,
            26.7216667
          ],
          [
            67.7327778,
            26.7405556
          ]
        ]
      },
      "properties": {
        "id": "43_33_0",
        "name": "Corridor 3-2",
        "highway": "secondary",
        "length_m": 2099.29,
        "status": "passable",
        "flooded": false,
        "flood_frac": 0.0,
        "is_bridge": false,
        "damage_score": 0.0,
        "failure_mode": ""
      }
    },
    {
      "type": "Feature",
      "id": "43_42_0",
      "geometry": {
        "type": "LineString",
        "coordinates": [
          [
            67.7138889,
            26.7405556
          ],
          [
            67.7327778,
            26.7405556
          ]
        ]
      },
      "properties": {
        "id": "43_42_0",
        "name": "Road 4-1",
        "highway": "residential",
        "length_m": 2099.29,
        "status": "passable",
        "flooded": false,
        "flood_frac": 0.0,
        "is_bridge": false,
        "damage_score": 0.0,
        "failure_mode": ""
      }
    },
    {
      "type": "Feature",
      "id": "43_44_0",
      "geometry": {
        "type": "LineString",
        "coordinates": [
          [
            67.7327778,
            26.7405556
          ],
          [
            67.7516667,
            26.7405556
          ]
        ]
      },
      "properties": {
        "id": "43_44_0",
        "name": "Road 4-2",
        "highway": "residential",
        "length_m": 2099.29,
        "status": "passable",
        "flooded": false,
        "flood_frac": 0.0,
        "is_bridge": false,
        "damage_score": 0.0,
        "failure_mode": ""
      }
    },
    {
      "type": "Feature",
      "id": "43_53_0",
      "geometry": {
        "type": "LineString",
        "coordinates": [
          [
            67.7327778,
            26.7405556
          ],
          [
            67.7327778,
            26.7594444
          ]
        ]
      },
      "properties": {
        "id": "43_53_0",
        "name": "Corridor 4-2",
        "highway": "secondary",
        "length_m": 2099.29,
        "status": "passable",
        "flooded": false,
        "flood_frac": 0.0,
        "is_bridge": false,
        "damage_score": 0.0,
        "failure_mode": ""
      }
    },
    {
      "type": "Feature",
      "id": "44_34_0",
      "geometry": {
        "type": "LineString",
        "coordinates": [
          [
            67.7516667,
            26.7216667
          ],
          [
            67.7516667,
            26.7405556
          ]
        ]
      },
      "properties": {
        "id": "44_34_0",
        "name": "Corridor 3-3",
        "highway": "residential",
        "length_m": 2099.29,
        "status": "passable",
        "flooded": false,
        "flood_frac": 0.0,
        "is_bridge": false,
        "damage_score": 0.0,
        "failure_mode": ""
      }
    },
    {
      "type": "Feature",
      "id": "44_43_0",
      "geometry": {
        "type": "LineString",
        "coordinates": [
          [
            67.7327778,
            26.7405556
          ],
          [
            67.7516667,
            26.7405556
          ]
        ]
      },
      "properties": {
        "id": "44_43_0",
        "name": "Road 4-2",
        "highway": "residential",
        "length_m": 2099.29,
        "status": "passable",
        "flooded": false,
        "flood_frac": 0.0,
        "is_bridge": false,
        "damage_score": 0.0,
        "failure_mode": ""
      }
    },
    {
      "type": "Feature",
      "id": "44_45_0",
      "geometry": {
        "type": "LineString",
        "coordinates": [
          [
            67.7516667,
            26.7405556
          ],
          [
            67.7705556,
            26.7405556
          ]
        ]
      },
      "properties": {
        "id": "44_45_0",
        "name": "Road 4-3",
        "highway": "residential",
        "length_m": 2099.29,
        "status": "passable",
        "flooded": false,
        "flood_frac": 0.0816,
        "is_bridge": false,
        "damage_score": 0.0,
        "failure_mode": ""
      }
    },
    {
      "type": "Feature",
      "id": "44_54_0",
      "geometry": {
        "type": "LineString",
        "coordinates": [
          [
            67.7516667,
            26.7405556
          ],
          [
            67.7516667,
            26.7594444
          ]
        ]
      },
      "properties": {
        "id": "44_54_0",
        "name": "Corridor 4-3",
        "highway": "residential",
        "length_m": 2099.29,
        "status": "passable",
        "flooded": false,
        "flood_frac": 0.0,
        "is_bridge": false,
        "damage_score": 0.0,
        "failure_mode": ""
      }
    },
    {
      "type": "Feature",
      "id": "45_35_0",
      "geometry": {
        "type": "LineString",
        "coordinates": [
          [
            67.7705556,
            26.7216667
          ],
          [
            67.7705556,
            26.7405556
          ]
        ]
      },
      "properties": {
        "id": "45_35_0",
        "name": "Corridor 3-4",
        "highway": "primary",
        "length_m": 2099.29,
        "status": "flooded",
        "flooded": true,
        "flood_frac": 0.6735,
        "is_bridge": false,
        "damage_score": 0.0,
        "failure_mode": ""
      }
    },
    {
      "type": "Feature",
      "id": "45_44_0",
      "geometry": {
        "type": "LineString",
        "coordinates": [
          [
            67.7516667,
            26.7405556
          ],
          [
            67.7705556,
            26.7405556
          ]
        ]
      },
      "properties": {
        "id": "45_44_0",
        "name": "Road 4-3",
        "highway": "residential",
        "length_m": 2099.29,
        "status": "passable",
        "flooded": false,
        "flood_frac": 0.0816,
        "is_bridge": false,
        "damage_score": 0.0,
        "failure_mode": ""
      }
    },
    {
      "type": "Feature",
      "id": "45_46_0",
      "geometry": {
        "type": "LineString",
        "coordinates": [
          [
            67.7705556,
            26.7405556
          ],
          [
            67.7894444,
            26.7405556
          ]
        ]
      },
      "properties": {
        "id": "45_46_0",
        "name": "Road 4-4",
        "highway": "residential",
        "length_m": 2099.29,
        "status": "flooded",
        "flooded": true,
        "flood_frac": 1.0,
        "is_bridge": false,
        "damage_score": 0.0,
        "failure_mode": ""
      }
    },
    {
      "type": "Feature",
      "id": "45_55_0",
      "geometry": {
        "type": "LineString",
        "coordinates": [
          [
            67.7705556,
            26.7405556
          ],
          [
            67.7705556,
            26.7594444
          ]
        ]
      },
      "properties": {
        "id": "45_55_0",
        "name": "Corridor 4-4",
        "highway": "primary",
        "length_m": 2099.29,
        "status": "passable",
        "flooded": false,
        "flood_frac": 0.0612,
        "is_bridge": false,
        "damage_score": 0.0,
        "failure_mode": ""
      }
    },
    {
      "type": "Feature",
      "id": "46_36_0",
      "geometry": {
        "type": "LineString",
        "coordinates": [
          [
            67.7894444,
            26.7216667
          ],
          [
            67.7894444,
            26.7405556
          ]
        ]
      },
      "properties": {
        "id": "46_36_0",
        "name": "Corridor 3-5",
        "highway": "residential",
        "length_m": 2099.29,
        "status": "flooded",
        "flooded": true,
        "flood_frac": 1.0,
        "is_bridge": false,
        "damage_score": 0.0,
        "failure_mode": ""
      }
    },
    {
      "type": "Feature",
      "id": "46_45_0",
      "geometry": {
        "type": "LineString",
        "coordinates": [
          [
            67.7705556,
            26.7405556
          ],
          [
            67.7894444,
            26.7405556
          ]
        ]
      },
      "properties": {
        "id": "46_45_0",
        "name": "Road 4-4",
        "highway": "residential",
        "length_m": 2099.29,
        "status": "flooded",
        "flooded": true,
        "flood_frac": 1.0,
        "is_bridge": false,
        "damage_score": 0.0,
        "failure_mode": ""
      }
    },
    {
      "type": "Feature",
      "id": "46_47_0",
      "geometry": {
        "type": "LineString",
        "coordinates": [
          [
            67.7894444,
            26.7405556
          ],
          [
            67.8083333,
            26.7405556
          ]
        ]
      },
      "properties": {
        "id": "46_47_0",
        "name": "Road 4-5",
        "highway": "residential",
        "length_m": 2099.29,
        "status": "flooded",
        "flooded": true,
        "flood_frac": 1.0,
        "is_bridge": false,
        "damage_score": 0.0,
        "failure_mode": ""
      }
    },
    {
      "type": "Feature",
      "id": "46_56_0",
      "geometry": {
        "type": "LineString",
        "coordinates": [
          [
            67.7894444,
            26.7405556
          ],
          [
            67.7894444,
            26.7594444
          ]
        ]
      },
      "properties": {
        "id": "46_56_0",
        "name": "Corridor 4-5",
        "highway": "residential",
        "length_m": 2099.29,
        "status": "flooded",
        "flooded": true,
        "flood_frac": 1.0,
        "is_bridge": false,
        "damage_score": 0.0,
        "failure_mode": ""
      }
    },
    {
      "type": "Feature",
      "id": "47_37_0",
      "geometry": {
        "type": "LineString",
        "coordinates": [
          [
            67.8083333,
            26.7216667
          ],
          [
            67.8083333,
            26.7405556
          ]
        ]
      },
      "properties": {
        "id": "47_37_0",
        "name": "Corridor 3-6",
        "highway": "residential",
        "length_m": 2099.29,
        "status": "flooded",
        "flooded": true,
        "flood_frac": 1.0,
        "is_bridge": false,
        "damage_score": 0.0,
        "failure_mode": ""
      }
    },
    {
      "type": "Feature",
      "id": "47_46_0",
      "geometry": {
        "type": "LineString",
        "coordinates": [
          [
            67.7894444,
            26.7405556
          ],
          [
            67.8083333,
            26.7405556
          ]
        ]
      },
      "properties": {
        "id": "47_46_0",
        "name": "Road 4-5",
        "highway": "residential",
        "length_m": 2099.29,
        "status": "flooded",
        "flooded": true,
        "flood_frac": 1.0,
        "is_bridge": false,
        "damage_score": 0.0,
        "failure_mode": ""
      }
    },
    {
      "type": "Feature",
      "id": "47_48_0",
      "geometry": {
        "type": "LineString",
        "coordinates": [
          [
            67.8083333,
            26.7405556
          ],
          [
            67.8272222,
            26.7405556
          ]
        ]
      },
      "properties": {
        "id": "47_48_0",
        "name": "Road 4-6",
        "highway": "residential",
        "length_m": 2099.29,
        "status": "flooded",
        "flooded": true,
        "flood_frac": 1.0,
        "is_bridge": false,
        "damage_score": 0.0,
        "failure_mode": ""
      }
    },
    {
      "type": "Feature",
      "id": "47_57_0",
      "geometry": {
        "type": "LineString",
        "coordinates": [
          [
            67.8083333,
            26.7405556
          ],
          [
            67.8083333,
            26.7594444
          ]
        ]
      },
      "properties": {
        "id": "47_57_0",
        "name": "Corridor 4-6",
        "highway": "residential",
        "length_m": 2099.29,
        "status": "flooded",
        "flooded": true,
        "flood_frac": 1.0,
        "is_bridge": false,
        "damage_score": 0.0,
        "failure_mode": ""
      }
    },
    {
      "type": "Feature",
      "id": "48_38_0",
      "geometry": {
        "type": "LineString",
        "coordinates": [
          [
            67.8272222,
            26.7216667
          ],
          [
            67.8272222,
            26.7405556
          ]
        ]
      },
      "properties": {
        "id": "48_38_0",
        "name": "Corridor 3-7",
        "highway": "secondary",
        "length_m": 2099.29,
        "status": "flooded",
        "flooded": true,
        "flood_frac": 1.0,
        "is_bridge": false,
        "damage_score": 0.0,
        "failure_mode": ""
      }
    },
    {
      "type": "Feature",
      "id": "48_47_0",
      "geometry": {
        "type": "LineString",
        "coordinates": [
          [
            67.8083333,
            26.7405556
          ],
          [
            67.8272222,
            26.7405556
          ]
        ]
      },
      "properties": {
        "id": "48_47_0",
        "name": "Road 4-6",
        "highway": "residential",
        "length_m": 2099.29,
        "status": "flooded",
        "flooded": true,
        "flood_frac": 1.0,
        "is_bridge": false,
        "damage_score": 0.0,
        "failure_mode": ""
      }
    },
    {
      "type": "Feature",
      "id": "48_49_0",
      "geometry": {
        "type": "LineString",
        "coordinates": [
          [
            67.8272222,
            26.7405556
          ],
          [
            67.8461111,
            26.7405556
          ]
        ]
      },
      "properties": {
        "id": "48_49_0",
        "name": "Road 4-7",
        "highway": "residential",
        "length_m": 2099.29,
        "status": "passable",
        "flooded": false,
        "flood_frac": 0.0204,
        "is_bridge": false,
        "damage_score": 0.0,
        "failure_mode": ""
      }
    },
    {
      "type": "Feature",
      "id": "48_58_0",
      "geometry": {
        "type": "LineString",
        "coordinates": [
          [
            67.8272222,
            26.7405556
          ],
          [
            67.8272222,
            26.7594444
          ]
        ]
      },
      "properties": {
        "id": "48_58_0",
        "name": "Corridor 4-7",
        "highway": "secondary",
        "length_m": 2099.29,
        "status": "passable",
        "flooded": false,
        "flood_frac": 0.0204,
        "is_bridge": false,
        "damage_score": 0.0,
        "failure_mode": ""
      }
    },
    {
      "type": "Feature",
      "id": "49_39_0",
      "geometry": {
        "type": "LineString",
        "coordinates": [
          [
            67.8461111,
            26.7216667
          ],
          [
            67.8461111,
            26.7405556
          ]
        ]
      },
      "properties": {
        "id": "49_39_0",
        "name": "Corridor 3-8",
        "highway": "residential",
        "length_m": 2099.29,
        "status": "passable",
        "flooded": false,
        "flood_frac": 0.0,
        "is_bridge": false,
        "damage_score": 0.0,
        "failure_mode": ""
      }
    },
    {
      "type": "Feature",
      "id": "49_48_0",
      "geometry": {
        "type": "LineString",
        "coordinates": [
          [
            67.8272222,
            26.7405556
          ],
          [
            67.8461111,
            26.7405556
          ]
        ]
      },
      "properties": {
        "id": "49_48_0",
        "name": "Road 4-7",
        "highway": "residential",
        "length_m": 2099.29,
        "status": "passable",
        "flooded": false,
        "flood_frac": 0.0204,
        "is_bridge": false,
        "damage_score": 0.0,
        "failure_mode": ""
      }
    },
    {
      "type": "Feature",
      "id": "49_50_0",
      "geometry": {
        "type": "LineString",
        "coordinates": [
          [
            67.8461111,
            26.7405556
          ],
          [
            67.865,
            26.7405556
          ]
        ]
      },
      "properties": {
        "id": "49_50_0",
        "name": "Road 4-8",
        "highway": "residential",
        "length_m": 2099.29,
        "status": "passable",
        "flooded": false,
        "flood_frac": 0.0,
        "is_bridge": false,
        "damage_score": 0.0,
        "failure_mode": ""
      }
    },
    {
      "type": "Feature",
      "id": "49_59_0",
      "geometry": {
        "type": "LineString",
        "coordinates": [
          [
            67.8461111,
            26.7405556
          ],
          [
            67.8461111,
            26.7594444
          ]
        ]
      },
      "properties": {
        "id": "49_59_0",
        "name": "Corridor 4-8",
        "highway": "residential",
        "length_m": 2099.29,
        "status": "passable",
        "flooded": false,
        "flood_frac": 0.0,
        "is_bridge": false,
        "damage_score": 0.0,
        "failure_mode": ""
      }
    },
    {
      "type": "Feature",
      "id": "50_40_0",
      "geometry": {
        "type": "LineString",
        "coordinates": [
          [
            67.865,
            26.7216667
          ],
          [
            67.865,
            26.7405556
          ]
        ]
      },
      "properties": {
        "id": "50_40_0",
        "name": "Corridor 3-9",
        "highway": "residential",
        "length_m": 2099.29,
        "status": "passable",
        "flooded": false,
        "flood_frac": 0.0,
        "is_bridge": false,
        "damage_score": 0.0,
        "failure_mode": ""
      }
    },
    {
      "type": "Feature",
      "id": "50_49_0",
      "geometry": {
        "type": "LineString",
        "coordinates": [
          [
            67.8461111,
            26.7405556
          ],
          [
            67.865,
            26.7405556
          ]
        ]
      },
      "properties": {
        "id": "50_49_0",
        "name": "Road 4-8",
        "highway": "residential",
        "length_m": 2099.29,
        "status": "passable",
        "flooded": false,
        "flood_frac": 0.0,
        "is_bridge": false,
        "damage_score": 0.0,
        "failure_mode": ""
      }
    },
    {
      "type": "Feature",
      "id": "50_60_0",
      "geometry": {
        "type": "LineString",
        "coordinates": [
          [
            67.865,
            26.7405556
          ],
          [
            67.865,
            26.7594444
          ]
        ]
      },
      "properties": {
        "id": "50_60_0",
        "name": "Corridor 4-9",
        "highway": "residential",
        "length_m": 2099.29,
        "status": "passable",
        "flooded": false,
        "flood_frac": 0.0,
        "is_bridge": false,
        "damage_score": 0.0,
        "failure_mode": ""
      }
    },
    {
      "type": "Feature",
      "id": "51_41_0",
      "geometry": {
        "type": "LineString",
        "coordinates": [
          [
            67.695,
            26.7405556
          ],
          [
            67.695,
            26.7594444
          ]
        ]
      },
      "properties": {
        "id": "51_41_0",
        "name": "Corridor 4-0",
        "highway": "residential",
        "length_m": 2099.29,
        "status": "passable",
        "flooded": false,
        "flood_frac": 0.0,
        "is_bridge": false,
        "damage_score": 0.0,
        "failure_mode": ""
      }
    },
    {
      "type": "Feature",
      "id": "51_52_0",
      "geometry": {
        "type": "LineString",
        "coordinates": [
          [
            67.695,
            26.7594444
          ],
          [
            67.7138889,
            26.7594444
          ]
        ]
      },
      "properties": {
        "id": "51_52_0",
        "name": "Road 5-0",
        "highway": "primary",
        "length_m": 2099.29,
        "status": "passable",
        "flooded": false,
        "flood_frac": 0.2041,
        "is_bridge": false,
        "damage_score": 0.0,
        "failure_mode": ""
      }
    },
    {
      "type": "Feature",
      "id": "51_61_0",
      "geometry": {
        "type": "LineString",
        "coordinates": [
          [
            67.695,
            26.7594444
          ],
          [
            67.695,
            26.7783333
          ]
        ]
      },
      "properties": {
        "id": "51_61_0",
        "name": "Corridor 5-0",
        "highway": "residential",
        "length_m": 2099.29,
        "status": "passable",
        "flooded": false,
        "flood_frac": 0.0,
        "is_bridge": false,
        "damage_score": 0.0,
        "failure_mode": ""
      }
    },
    {
      "type": "Feature",
      "id": "52_42_0",
      "geometry": {
        "type": "LineString",
        "coordinates": [
          [
            67.7138889,
            26.7405556
          ],
          [
            67.7138889,
            26.7594444
          ]
        ]
      },
      "properties": {
        "id": "52_42_0",
        "name": "Corridor 4-1",
        "highway": "residential",
        "length_m": 2099.29,
        "status": "passable",
        "flooded": false,
        "flood_frac": 0.2857,
        "is_bridge": false,
        "damage_score": 0.0,
        "failure_mode": ""
      }
    },
    {
      "type": "Feature",
      "id": "52_51_0",
      "geometry": {
        "type": "LineString",
        "coordinates": [
          [
            67.695,
            26.7594444
          ],
          [
            67.7138889,
            26.7594444
          ]
        ]
      },
      "properties": {
        "id": "52_51_0",
        "name": "Road 5-0",
        "highway": "primary",
        "length_m": 2099.29,
        "status": "passable",
        "flooded": false,
        "flood_frac": 0.2041,
        "is_bridge": false,
        "damage_score": 0.0,
        "failure_mode": ""
      }
    },
    {
      "type": "Feature",
      "id": "52_53_0",
      "geometry": {
        "type": "LineString",
        "coordinates": [
          [
            67.7138889,
            26.7594444
          ],
          [
            67.7327778,
            26.7594444
          ]
        ]
      },
      "properties": {
        "id": "52_53_0",
        "name": "Road 5-1",
        "highway": "primary",
        "length_m": 2099.29,
        "status": "flooded",
        "flooded": true,
        "flood_frac": 0.7551,
        "is_bridge": false,
        "damage_score": 0.0,
        "failure_mode": ""
      }
    },
    {
      "type": "Feature",
      "id": "52_62_0",
      "geometry": {
        "type": "LineString",
        "coordinates": [
          [
            67.7138889,
            26.7594444
          ],
          [
            67.7138889,
            26.7783333
          ]
        ]
      },
      "properties": {
        "id": "52_62_0",
        "name": "Corridor 5-1",
        "highway": "residential",
        "length_m": 2099.29,
        "status": "passable",
        "flooded": false,
        "flood_frac": 0.2449,
        "is_bridge": false,
        "damage_score": 0.0,
        "failure_mode": ""
      }
    },
    {
      "type": "Feature",
      "id": "53_43_0",
      "geometry": {
        "type": "LineString",
        "coordinates": [
          [
            67.7327778,
            26.7405556
          ],
          [
            67.7327778,
            26.7594444
          ]
        ]
      },
      "properties": {
        "id": "53_43_0",
        "name": "Corridor 4-2",
        "highway": "secondary",
        "length_m": 2099.29,
        "status": "passable",
        "flooded": false,
        "flood_frac": 0.0,
        "is_bridge": false,
        "damage_score": 0.0,
        "failure_mode": ""
      }
    },
    {
      "type": "Feature",
      "id": "53_52_0",
      "geometry": {
        "type": "LineString",
        "coordinates": [
          [
            67.7138889,
            26.7594444
          ],
          [
            67.7327778,
            26.7594444
          ]
        ]
      },
      "properties": {
        "id": "53_52_0",
        "name": "Road 5-1",
        "highway": "primary",
        "length_m": 2099.29,
        "status": "flooded",
        "flooded": true,
        "flood_frac": 0.7551,
        "is_bridge": false,
        "damage_score": 0.0,
        "failure_mode": ""
      }
    },
    {
      "type": "Feature",
      "id": "53_54_0",
      "geometry": {
        "type": "LineString",
        "coordinates": [
          [
            67.7327778,
            26.7594444
          ],
          [
            67.7516667,
            26.7594444
          ]
        ]
      },
      "properties": {
        "id": "53_54_0",
        "name": "Road 5-2",
        "highway": "primary",
        "length_m": 2099.29,
        "status": "passable",
        "flooded": false,
        "flood_frac": 0.0,
        "is_bridge": false,
        "damage_score": 0.0,
        "failure_mode": ""
      }
    },
    {
      "type": "Feature",
      "id": "53_63_0",
      "geometry": {
        "type": "LineString",
        "coordinates": [
          [
            67.7327778,
            26.7594444
          ],
          [
            67.7327778,
            26.7783333
          ]
        ]
      },
      "properties": {
        "id": "53_63_0",
        "name": "Corridor 5-2",
        "highway": "secondary",
        "length_m": 2099.29,
        "status": "flooded",
        "flooded": true,
        "flood_frac": 0.6939,
        "is_bridge": false,
        "damage_score": 0.0,
        "failure_mode": ""
      }
    },
    {
      "type": "Feature",
      "id": "54_44_0",
      "geometry": {
        "type": "LineString",
        "coordinates": [
          [
            67.7516667,
            26.7405556
          ],
          [
            67.7516667,
            26.7594444
          ]
        ]
      },
      "properties": {
        "id": "54_44_0",
        "name": "Corridor 4-3",
        "highway": "residential",
        "length_m": 2099.29,
        "status": "passable",
        "flooded": false,
        "flood_frac": 0.0,
        "is_bridge": false,
        "damage_score": 0.0,
        "failure_mode": ""
      }
    },
    {
      "type": "Feature",
      "id": "54_53_0",
      "geometry": {
        "type": "LineString",
        "coordinates": [
          [
            67.7327778,
            26.7594444
          ],
          [
            67.7516667,
            26.7594444
          ]
        ]
      },
      "properties": {
        "id": "54_53_0",
        "name": "Road 5-2",
        "highway": "primary",
        "length_m": 2099.29,
        "status": "passable",
        "flooded": false,
        "flood_frac": 0.0,
        "is_bridge": false,
        "damage_score": 0.0,
        "failure_mode": ""
      }
    },
    {
      "type": "Feature",
      "id": "54_55_0",
      "geometry": {
        "type": "LineString",
        "coordinates": [
          [
            67.7516667,
            26.7594444
          ],
          [
            67.7705556,
            26.7594444
          ]
        ]
      },
      "properties": {
        "id": "54_55_0",
        "name": "Road 5-3",
        "highway": "primary",
        "length_m": 2099.29,
        "status": "passable",
        "flooded": false,
        "flood_frac": 0.0,
        "is_bridge": false,
        "damage_score": 0.0,
        "failure_mode": ""
      }
    },
    {
      "type": "Feature",
      "id": "54_64_0",
      "geometry": {
        "type": "LineString",
        "coordinates": [
          [
            67.7516667,
            26.7594444
          ],
          [
            67.7516667,
            26.7783333
          ]
        ]
      },
      "properties": {
        "id": "54_64_0",
        "name": "Corridor 5-3",
        "highway": "residential",
        "length_m": 2099.29,
        "status": "passable",
        "flooded": false,
        "flood_frac": 0.0,
        "is_bridge": false,
        "damage_score": 0.0,
        "failure_mode": ""
      }
    },
    {
      "type": "Feature",
      "id": "55_45_0",
      "geometry": {
        "type": "LineString",
        "coordinates": [
          [
            67.7705556,
            26.7405556
          ],
          [
            67.7705556,
            26.7594444
          ]
        ]
      },
      "properties": {
        "id": "55_45_0",
        "name": "Corridor 4-4",
        "highway": "primary",
        "length_m": 2099.29,
        "status": "passable",
        "flooded": false,
        "flood_frac": 0.0612,
        "is_bridge": false,
        "damage_score": 0.0,
        "failure_mode": ""
      }
    },
    {
      "type": "Feature",
      "id": "55_54_0",
      "geometry": {
        "type": "LineString",
        "coordinates": [
          [
            67.7516667,
            26.7594444
          ],
          [
            67.7705556,
            26.7594444
          ]
        ]
      },
      "properties": {
        "id": "55_54_0",
        "name": "Road 5-3",
        "highway": "primary",
        "length_m": 2099.29,
        "status": "passable",
        "flooded": false,
        "flood_frac": 0.0,
        "is_bridge": false,
        "damage_score": 0.0,
        "failure_mode": ""
      }
    },
    {
      "type": "Feature",
      "id": "55_56_0",
      "geometry": {
        "type": "LineString",
        "coordinates": [
          [
            67.7705556,
            26.7594444
          ],
          [
            67.7894444,
            26.7594444
          ]
        ]
      },
      "properties": {
        "id": "55_56_0",
        "name": "Road 5-4",
        "highway": "primary",
        "length_m": 2099.29,
        "status": "passable",
        "flooded": false,
        "flood_frac": 0.2245,
        "is_bridge": false,
        "damage_score": 0.0,
        "failure_mode": ""
      }
    },
    {
      "type": "Feature",
      "id": "55_65_0",
      "geometry": {
        "type": "LineString",
        "coordinates": [
          [
            67.7705556,
            26.7594444
          ],
          [
            67.7705556,
            26.7783333
          ]
        ]
      },
      "properties": {
        "id": "55_65_0",
        "name": "Corridor 5-4",
        "highway": "primary",
        "length_m": 2099.29,
        "status": "passable",
        "flooded": false,
        "flood_frac": 0.0,
        "is_bridge": false,
        "damage_score": 0.0,
        "failure_mode": ""
      }
    },
    {
      "type": "Feature",
      "id": "56_46_0",
      "geometry": {
        "type": "LineString",
        "coordinates": [
          [
            67.7894444,
            26.7405556
          ],
          [
            67.7894444,
            26.7594444
          ]
        ]
      },
      "properties": {
        "id": "56_46_0",
        "name": "Corridor 4-5",
        "highway": "residential",
        "length_m": 2099.29,
        "status": "flooded",
        "flooded": true,
        "flood_frac": 1.0,
        "is_bridge": false,
        "damage_score": 0.0,
        "failure_mode": ""
      }
    },
    {
      "type": "Feature",
      "id": "56_55_0",
      "geometry": {
        "type": "LineString",
        "coordinates": [
          [
            67.7705556,
            26.7594444
          ],
          [
            67.7894444,
            26.7594444
          ]
        ]
      },
      "properties": {
        "id": "56_55_0",
        "name": "Road 5-4",
        "highway": "primary",
        "length_m": 2099.29,
        "status": "passable",
        "flooded": false,
        "flood_frac": 0.2245,
        "is_bridge": false,
        "damage_score": 0.0,
        "failure_mode": ""
      }
    },
    {
      "type": "Feature",
      "id": "56_57_0",
      "geometry": {
        "type": "LineString",
        "coordinates": [
          [
            67.7894444,
            26.7594444
          ],
          [
            67.8083333,
            26.7594444
          ]
        ]
      },
      "properties": {
        "id": "56_57_0",
        "name": "Road 5-5",
        "highway": "primary",
        "length_m": 2099.29,
        "status": "flooded",
        "flooded": true,
        "flood_frac": 1.0,
        "is_bridge": false,
        "damage_score": 0.0,
        "failure_mode": ""
      }
    },
    {
      "type": "Feature",
      "id": "56_66_0",
      "geometry": {
        "type": "LineString",
        "coordinates": [
          [
            67.7894444,
            26.7594444
          ],
          [
            67.7894444,
            26.7783333
          ]
        ]
      },
      "properties": {
        "id": "56_66_0",
        "name": "Corridor 5-5",
        "highway": "residential",
        "length_m": 2099.29,
        "status": "flooded",
        "flooded": true,
        "flood_frac": 0.9184,
        "is_bridge": false,
        "damage_score": 0.0,
        "failure_mode": ""
      }
    },
    {
      "type": "Feature",
      "id": "57_47_0",
      "geometry": {
        "type": "LineString",
        "coordinates": [
          [
            67.8083333,
            26.7405556
          ],
          [
            67.8083333,
            26.7594444
          ]
        ]
      },
      "properties": {
        "id": "57_47_0",
        "name": "Corridor 4-6",
        "highway": "residential",
        "length_m": 2099.29,
        "status": "flooded",
        "flooded": true,
        "flood_frac": 1.0,
        "is_bridge": false,
        "damage_score": 0.0,
        "failure_mode": ""
      }
    },
    {
      "type": "Feature",
      "id": "57_56_0",
      "geometry": {
        "type": "LineString",
        "coordinates": [
          [
            67.7894444,
            26.7594444
          ],
          [
            67.8083333,
            26.7594444
          ]
        ]
      },
      "properties": {
        "id": "57_56_0",
        "name": "Road 5-5",
        "highway": "primary",
        "length_m": 2099.29,
        "status": "flooded",
        "flooded": true,
        "flood_frac": 1.0,
        "is_bridge": false,
        "damage_score": 0.0,
        "failure_mode": ""
      }
    },
    {
      "type": "Feature",
      "id": "57_58_0",
      "geometry": {
        "type": "LineString",
        "coordinates": [
          [
            67.8083333,
            26.7594444
          ],
          [
            67.8272222,
            26.7594444
          ]
        ]
      },
      "properties": {
        "id": "57_58_0",
        "name": "Road 5-6",
        "highway": "primary",
        "length_m": 2099.29,
        "status": "likely_damaged",
        "flooded": true,
        "flood_frac": 0.4082,
        "is_bridge": true,
        "damage_score": 0.89,
        "failure_mode": "high_hydrodynamic_load"
      }
    },
    {
      "type": "Feature",
      "id": "57_67_0",
      "geometry": {
        "type": "LineString",
        "coordinates": [
          [
            67.8083333,
            26.7594444
          ],
          [
            67.8083333,
            26.7783333
          ]
        ]
      },
      "properties": {
        "id": "57_67_0",
        "name": "Corridor 5-6",
        "highway": "residential",
        "length_m": 2099.29,
        "status": "flooded",
        "flooded": true,
        "flood_frac": 1.0,
        "is_bridge": false,
        "damage_score": 0.0,
        "failure_mode": ""
      }
    },
    {
      "type": "Feature",
      "id": "58_48_0",
      "geometry": {
        "type": "LineString",
        "coordinates": [
          [
            67.8272222,
            26.7405556
          ],
          [
            67.8272222,
            26.7594444
          ]
        ]
      },
      "properties": {
        "id": "58_48_0",
        "name": "Corridor 4-7",
        "highway": "secondary",
        "length_m": 2099.29,
        "status": "passable",
        "flooded": false,
        "flood_frac": 0.0204,
        "is_bridge": false,
        "damage_score": 0.0,
        "failure_mode": ""
      }
    },
    {
      "type": "Feature",
      "id": "58_57_0",
      "geometry": {
        "type": "LineString",
        "coordinates": [
          [
            67.8083333,
            26.7594444
          ],
          [
            67.8272222,
            26.7594444
          ]
        ]
      },
      "properties": {
        "id": "58_57_0",
        "name": "Road 5-6",
        "highway": "primary",
        "length_m": 2099.29,
        "status": "likely_damaged",
        "flooded": true,
        "flood_frac": 0.4082,
        "is_bridge": true,
        "damage_score": 0.89,
        "failure_mode": "high_hydrodynamic_load"
      }
    },
    {
      "type": "Feature",
      "id": "58_59_0",
      "geometry": {
        "type": "LineString",
        "coordinates": [
          [
            67.8272222,
            26.7594444
          ],
          [
            67.8461111,
            26.7594444
          ]
        ]
      },
      "properties": {
        "id": "58_59_0",
        "name": "Road 5-7",
        "highway": "primary",
        "length_m": 2099.29,
        "status": "likely_damaged",
        "flooded": false,
        "flood_frac": 0.0,
        "is_bridge": true,
        "damage_score": 0.6,
        "failure_mode": "approaches_cut"
      }
    },
    {
      "type": "Feature",
      "id": "58_68_0",
      "geometry": {
        "type": "LineString",
        "coordinates": [
          [
            67.8272222,
            26.7594444
          ],
          [
            67.8272222,
            26.7783333
          ]
        ]
      },
      "properties": {
        "id": "58_68_0",
        "name": "Corridor 5-7",
        "highway": "secondary",
        "length_m": 2099.29,
        "status": "passable",
        "flooded": false,
        "flood_frac": 0.0,
        "is_bridge": false,
        "damage_score": 0.0,
        "failure_mode": ""
      }
    },
    {
      "type": "Feature",
      "id": "59_49_0",
      "geometry": {
        "type": "LineString",
        "coordinates": [
          [
            67.8461111,
            26.7405556
          ],
          [
            67.8461111,
            26.7594444
          ]
        ]
      },
      "properties": {
        "id": "59_49_0",
        "name": "Corridor 4-8",
        "highway": "residential",
        "length_m": 2099.29,
        "status": "passable",
        "flooded": false,
        "flood_frac": 0.0,
        "is_bridge": false,
        "damage_score": 0.0,
        "failure_mode": ""
      }
    },
    {
      "type": "Feature",
      "id": "59_58_0",
      "geometry": {
        "type": "LineString",
        "coordinates": [
          [
            67.8272222,
            26.7594444
          ],
          [
            67.8461111,
            26.7594444
          ]
        ]
      },
      "properties": {
        "id": "59_58_0",
        "name": "Road 5-7",
        "highway": "primary",
        "length_m": 2099.29,
        "status": "likely_damaged",
        "flooded": false,
        "flood_frac": 0.0,
        "is_bridge": true,
        "damage_score": 0.6,
        "failure_mode": "approaches_cut"
      }
    },
    {
      "type": "Feature",
      "id": "59_60_0",
      "geometry": {
        "type": "LineString",
        "coordinates": [
          [
            67.8461111,
            26.7594444
          ],
          [
            67.865,
            26.7594444
          ]
        ]
      },
      "properties": {
        "id": "59_60_0",
        "name": "Road 5-8",
        "highway": "primary",
        "length_m": 2099.29,
        "status": "passable",
        "flooded": false,
        "flood_frac": 0.0,
        "is_bridge": false,
        "damage_score": 0.0,
        "failure_mode": ""
      }
    },
    {
      "type": "Feature",
      "id": "59_69_0",
      "geometry": {
        "type": "LineString",
        "coordinates": [
          [
            67.8461111,
            26.7594444
          ],
          [
            67.8461111,
            26.7783333
          ]
        ]
      },
      "properties": {
        "id": "59_69_0",
        "name": "Corridor 5-8",
        "highway": "residential",
        "length_m": 2099.29,
        "status": "passable",
        "flooded": false,
        "flood_frac": 0.0,
        "is_bridge": false,
        "damage_score": 0.0,
        "failure_mode": ""
      }
    },
    {
      "type": "Feature",
      "id": "60_50_0",
      "geometry": {
        "type": "LineString",
        "coordinates": [
          [
            67.865,
            26.7405556
          ],
          [
            67.865,
            26.7594444
          ]
        ]
      },
      "properties": {
        "id": "60_50_0",
        "name": "Corridor 4-9",
        "highway": "residential",
        "length_m": 2099.29,
        "status": "passable",
        "flooded": false,
        "flood_frac": 0.0,
        "is_bridge": false,
        "damage_score": 0.0,
        "failure_mode": ""
      }
    },
    {
      "type": "Feature",
      "id": "60_59_0",
      "geometry": {
        "type": "LineString",
        "coordinates": [
          [
            67.8461111,
            26.7594444
          ],
          [
            67.865,
            26.7594444
          ]
        ]
      },
      "properties": {
        "id": "60_59_0",
        "name": "Road 5-8",
        "highway": "primary",
        "length_m": 2099.29,
        "status": "passable",
        "flooded": false,
        "flood_frac": 0.0,
        "is_bridge": false,
        "damage_score": 0.0,
        "failure_mode": ""
      }
    },
    {
      "type": "Feature",
      "id": "60_70_0",
      "geometry": {
        "type": "LineString",
        "coordinates": [
          [
            67.865,
            26.7594444
          ],
          [
            67.865,
            26.7783333
          ]
        ]
      },
      "properties": {
        "id": "60_70_0",
        "name": "Corridor 5-9",
        "highway": "residential",
        "length_m": 2099.29,
        "status": "passable",
        "flooded": false,
        "flood_frac": 0.0,
        "is_bridge": false,
        "damage_score": 0.0,
        "failure_mode": ""
      }
    },
    {
      "type": "Feature",
      "id": "61_51_0",
      "geometry": {
        "type": "LineString",
        "coordinates": [
          [
            67.695,
            26.7594444
          ],
          [
            67.695,
            26.7783333
          ]
        ]
      },
      "properties": {
        "id": "61_51_0",
        "name": "Corridor 5-0",
        "highway": "residential",
        "length_m": 2099.29,
        "status": "passable",
        "flooded": false,
        "flood_frac": 0.0,
        "is_bridge": false,
        "damage_score": 0.0,
        "failure_mode": ""
      }
    },
    {
      "type": "Feature",
      "id": "61_62_0",
      "geometry": {
        "type": "LineString",
        "coordinates": [
          [
            67.695,
            26.7783333
          ],
          [
            67.7138889,
            26.7783333
          ]
        ]
      },
      "properties": {
        "id": "61_62_0",
        "name": "Road 6-0",
        "highway": "residential",
        "length_m": 2099.29,
        "status": "passable",
        "flooded": false,
        "flood_frac": 0.1429,
        "is_bridge": false,
        "damage_score": 0.0,
        "failure_mode": ""
      }
    },
    {
      "type": "Feature",
      "id": "61_71_0",
      "geometry": {
        "type": "LineString",
        "coordinates": [
          [
            67.695,
            26.7783333
          ],
          [
            67.695,
            26.7972222
          ]
        ]
      },
      "properties": {
        "id": "61_71_0",
        "name": "Corridor 6-0",
        "highway": "residential",
        "length_m": 2099.29,
        "status": "passable",
        "flooded": false,
        "flood_frac": 0.0,
        "is_bridge": false,
        "damage_score": 0.0,
        "failure_mode": ""
      }
    },
    {
      "type": "Feature",
      "id": "62_52_0",
      "geometry": {
        "type": "LineString",
        "coordinates": [
          [
            67.7138889,
            26.7594444
          ],
          [
            67.7138889,
            26.7783333
          ]
        ]
      },
      "properties": {
        "id": "62_52_0",
        "name": "Corridor 5-1",
        "highway": "residential",
        "length_m": 2099.29,
        "status": "passable",
        "flooded": false,
        "flood_frac": 0.2449,
        "is_bridge": false,
        "damage_score": 0.0,
        "failure_mode": ""
      }
    },
    {
      "type": "Feature",
      "id": "62_61_0",
      "geometry": {
        "type": "LineString",
        "coordinates": [
          [
            67.695,
            26.7783333
          ],
          [
            67.7138889,
            26.7783333
          ]
        ]
      },
      "properties": {
        "id": "62_61_0",
        "name": "Road 6-0",
        "highway": "residential",
        "length_m": 2099.29,
        "status": "passable",
        "flooded": false,
        "flood_frac": 0.1429,
        "is_bridge": false,
        "damage_score": 0.0,
        "failure_mode": ""
      }
    },
    {
      "type": "Feature",
      "id": "62_63_0",
      "geometry": {
        "type": "LineString",
        "coordinates": [
          [
            67.7138889,
            26.7783333
          ],
          [
            67.7327778,
            26.7783333
          ]
        ]
      },
      "properties": {
        "id": "62_63_0",
        "name": "Road 6-1",
        "highway": "residential",
        "length_m": 2099.29,
        "status": "flooded",
        "flooded": true,
        "flood_frac": 0.9184,
        "is_bridge": false,
        "damage_score": 0.0,
        "failure_mode": ""
      }
    },
    {
      "type": "Feature",
      "id": "62_72_0",
      "geometry": {
        "type": "LineString",
        "coordinates": [
          [
            67.7138889,
            26.7783333
          ],
          [
            67.7138889,
            26.7972222
          ]
        ]
      },
      "properties": {
        "id": "62_72_0",
        "name": "Corridor 6-1",
        "highway": "residential",
        "length_m": 2099.29,
        "status": "flooded",
        "flooded": true,
        "flood_frac": 0.5102,
        "is_bridge": false,
        "damage_score": 0.0,
        "failure_mode": ""
      }
    },
    {
      "type": "Feature",
      "id": "63_53_0",
      "geometry": {
        "type": "LineString",
        "coordinates": [
          [
            67.7327778,
            26.7594444
          ],
          [
            67.7327778,
            26.7783333
          ]
        ]
      },
      "properties": {
        "id": "63_53_0",
        "name": "Corridor 5-2",
        "highway": "secondary",
        "length_m": 2099.29,
        "status": "flooded",
        "flooded": true,
        "flood_frac": 0.6939,
        "is_bridge": false,
        "damage_score": 0.0,
        "failure_mode": ""
      }
    },
    {
      "type": "Feature",
      "id": "63_62_0",
      "geometry": {
        "type": "LineString",
        "coordinates": [
          [
            67.7138889,
            26.7783333
          ],
          [
            67.7327778,
            26.7783333
          ]
        ]
      },
      "properties": {
        "id": "63_62_0",
        "name": "Road 6-1",
        "highway": "residential",
        "length_m": 2099.29,
        "status": "flooded",
        "flooded": true,
        "flood_frac": 0.9184,
        "is_bridge": false,
        "damage_score": 0.0,
        "failure_mode": ""
      }
    },
    {
      "type": "Feature",
      "id": "63_64_0",
      "geometry": {
        "type": "LineString",
        "coordinates": [
          [
            67.7327778,
            26.7783333
          ],
          [
            67.7516667,
            26.7783333
          ]
        ]
      },
      "properties": {
        "id": "63_64_0",
        "name": "Road 6-2",
        "highway": "residential",
        "length_m": 2099.29,
        "status": "passable",
        "flooded": false,
        "flood_frac": 0.0816,
        "is_bridge": false,
        "damage_score": 0.0,
        "failure_mode": ""
      }
    },
    {
      "type": "Feature",
      "id": "63_73_0",
      "geometry": {
        "type": "LineString",
        "coordinates": [
          [
            67.7327778,
            26.7783333
          ],
          [
            67.7327778,
            26.7972222
          ]
        ]
      },
      "properties": {
        "id": "63_73_0",
        "name": "Corridor 6-2",
        "highway": "secondary",
        "length_m": 2099.29,
        "status": "passable",
        "flooded": false,
        "flood_frac": 0.1633,
        "is_bridge": false,
        "damage_score": 0.0,
        "failure_mode": ""
      }
    },
    {
      "type": "Feature",
      "id": "64_54_0",
      "geometry": {
        "type": "LineString",
        "coordinates": [
          [
            67.7516667,
            26.7594444
          ],
          [
            67.7516667,
            26.7783333
          ]
        ]
      },
      "properties": {
        "id": "64_54_0",
        "name": "Corridor 5-3",
        "highway": "residential",
        "length_m": 2099.29,
        "status": "passable",
        "flooded": false,
        "flood_frac": 0.0,
        "is_bridge": false,
        "damage_score": 0.0,
        "failure_mode": ""
      }
    },
    {
      "type": "Feature",
      "id": "64_63_0",
      "geometry": {
        "type": "LineString",
        "coordinates": [
          [
            67.7327778,
            26.7783333
          ],
          [
            67.7516667,
            26.7783333
          ]
        ]
      },
      "properties": {
        "id": "64_63_0",
        "name": "Road 6-2",
        "highway": "residential",
        "length_m": 2099.29,
        "status": "passable",
        "flooded": false,
        "flood_frac": 0.0816,
        "is_bridge": false,
        "damage_score": 0.0,
        "failure_mode": ""
      }
    },
    {
      "type": "Feature",
      "id": "64_65_0",
      "geometry": {
        "type": "LineString",
        "coordinates": [
          [
            67.7516667,
            26.7783333
          ],
          [
            67.7705556,
            26.7783333
          ]
        ]
      },
      "properties": {
        "id": "64_65_0",
        "name": "Road 6-3",
        "highway": "residential",
        "length_m": 2099.29,
        "status": "passable",
        "flooded": false,
        "flood_frac": 0.0,
        "is_bridge": false,
        "damage_score": 0.0,
        "failure_mode": ""
      }
    },
    {
      "type": "Feature",
      "id": "64_74_0",
      "geometry": {
        "type": "LineString",
        "coordinates": [
          [
            67.7516667,
            26.7783333
          ],
          [
            67.7516667,
            26.7972222
          ]
        ]
      },
      "properties": {
        "id": "64_74_0",
        "name": "Corridor 6-3",
        "highway": "residential",
        "length_m": 2099.29,
        "status": "passable",
        "flooded": false,
        "flood_frac": 0.0,
        "is_bridge": false,
        "damage_score": 0.0,
        "failure_mode": ""
      }
    },
    {
      "type": "Feature",
      "id": "65_55_0",
      "geometry": {
        "type": "LineString",
        "coordinates": [
          [
            67.7705556,
            26.7594444
          ],
          [
            67.7705556,
            26.7783333
          ]
        ]
      },
      "properties": {
        "id": "65_55_0",
        "name": "Corridor 5-4",
        "highway": "primary",
        "length_m": 2099.29,
        "status": "passable",
        "flooded": false,
        "flood_frac": 0.0,
        "is_bridge": false,
        "damage_score": 0.0,
        "failure_mode": ""
      }
    },
    {
      "type": "Feature",
      "id": "65_64_0",
      "geometry": {
        "type": "LineString",
        "coordinates": [
          [
            67.7516667,
            26.7783333
          ],
          [
            67.7705556,
            26.7783333
          ]
        ]
      },
      "properties": {
        "id": "65_64_0",
        "name": "Road 6-3",
        "highway": "residential",
        "length_m": 2099.29,
        "status": "passable",
        "flooded": false,
        "flood_frac": 0.0,
        "is_bridge": false,
        "damage_score": 0.0,
        "failure_mode": ""
      }
    },
    {
      "type": "Feature",
      "id": "65_66_0",
      "geometry": {
        "type": "LineString",
        "coordinates": [
          [
            67.7705556,
            26.7783333
          ],
          [
            67.7894444,
            26.7783333
          ]
        ]
      },
      "properties": {
        "id": "65_66_0",
        "name": "Road 6-4",
        "highway": "residential",
        "length_m": 2099.29,
        "status": "passable",
        "flooded": false,
        "flood_frac": 0.0,
        "is_bridge": false,
        "damage_score": 0.0,
        "failure_mode": ""
      }
    },
    {
      "type": "Feature",
      "id": "65_75_0",
      "geometry": {
        "type": "LineString",
        "coordinates": [
          [
            67.7705556,
            26.7783333
          ],
          [
            67.7705556,
            26.7972222
          ]
        ]
      },
      "properties": {
        "id": "65_75_0",
        "name": "Corridor 6-4",
        "highway": "primary",
        "length_m": 2099.29,
        "status": "passable",
        "flooded": false,
        "flood_frac": 0.0,
        "is_bridge": false,
        "damage_score": 0.0,
        "failure_mode": ""
      }
    },
    {
      "type": "Feature",
      "id": "66_56_0",
      "geometry": {
        "type": "LineString",
        "coordinates": [
          [
            67.7894444,
            26.7594444
          ],
          [
            67.7894444,
            26.7783333
          ]
        ]
      },
      "properties": {
        "id": "66_56_0",
        "name": "Corridor 5-5",
        "highway": "residential",
        "length_m": 2099.29,
        "status": "flooded",
        "flooded": true,
        "flood_frac": 0.9184,
        "is_bridge": false,
        "damage_score": 0.0,
        "failure_mode": ""
      }
    },
    {
      "type": "Feature",
      "id": "66_65_0",
      "geometry": {
        "type": "LineString",
        "coordinates": [
          [
            67.7705556,
            26.7783333
          ],
          [
            67.7894444,
            26.7783333
          ]
        ]
      },
      "properties": {
        "id": "66_65_0",
        "name": "Road 6-4",
        "highway": "residential",
        "length_m": 2099.29,
        "status": "passable",
        "flooded": false,
        "flood_frac": 0.0,
        "is_bridge": false,
        "damage_score": 0.0,
        "failure_mode": ""
      }
    },
    {
      "type": "Feature",
      "id": "66_67_0",
      "geometry": {
        "type": "LineString",
        "coordinates": [
          [
            67.7894444,
            26.7783333
          ],
          [
            67.8083333,
            26.7783333
          ]
        ]
      },
      "properties": {
        "id": "66_67_0",
        "name": "Road 6-5",
        "highway": "residential",
        "length_m": 2099.29,
        "status": "flooded",
        "flooded": true,
        "flood_frac": 0.898,
        "is_bridge": false,
        "damage_score": 0.0,
        "failure_mode": ""
      }
    },
    {
      "type": "Feature",
      "id": "66_76_0",
      "geometry": {
        "type": "LineString",
        "coordinates": [
          [
            67.7894444,
            26.7783333
          ],
          [
            67.7894444,
            26.7972222
          ]
        ]
      },
      "properties": {
        "id": "66_76_0",
        "name": "Corridor 6-5",
        "highway": "residential",
        "length_m": 2099.29,
        "status": "passable",
        "flooded": false,
        "flood_frac": 0.0,
        "is_bridge": false,
        "damage_score": 0.0,
        "failure_mode": ""
      }
    },
    {
      "type": "Feature",
      "id": "67_57_0",
      "geometry": {
        "type": "LineString",
        "coordinates": [
          [
            67.8083333,
            26.7594444
          ],
          [
            67.8083333,
            26.7783333
          ]
        ]
      },
      "properties": {
        "id": "67_57_0",
        "name": "Corridor 5-6",
        "highway": "residential",
        "length_m": 2099.29,
        "status": "flooded",
        "flooded": true,
        "flood_frac": 1.0,
        "is_bridge": false,
        "damage_score": 0.0,
        "failure_mode": ""
      }
    },
    {
      "type": "Feature",
      "id": "67_66_0",
      "geometry": {
        "type": "LineString",
        "coordinates": [
          [
            67.7894444,
            26.7783333
          ],
          [
            67.8083333,
            26.7783333
          ]
        ]
      },
      "properties": {
        "id": "67_66_0",
        "name": "Road 6-5",
        "highway": "residential",
        "length_m": 2099.29,
        "status": "flooded",
        "flooded": true,
        "flood_frac": 0.898,
        "is_bridge": false,
        "damage_score": 0.0,
        "failure_mode": ""
      }
    },
    {
      "type": "Feature",
      "id": "67_68_0",
      "geometry": {
        "type": "LineString",
        "coordinates": [
          [
            67.8083333,
            26.7783333
          ],
          [
            67.8272222,
            26.7783333
          ]
        ]
      },
      "properties": {
        "id": "67_68_0",
        "name": "Road 6-6",
        "highway": "residential",
        "length_m": 2099.29,
        "status": "flooded",
        "flooded": true,
        "flood_frac": 0.898,
        "is_bridge": false,
        "damage_score": 0.0,
        "failure_mode": ""
      }
    },
    {
      "type": "Feature",
      "id": "67_77_0",
      "geometry": {
        "type": "LineString",
        "coordinates": [
          [
            67.8083333,
            26.7783333
          ],
          [
            67.8083333,
            26.7972222
          ]
        ]
      },
      "properties": {
        "id": "67_77_0",
        "name": "Corridor 6-6",
        "highway": "residential",
        "length_m": 2099.29,
        "status": "flooded",
        "flooded": true,
        "flood_frac": 0.7143,
        "is_bridge": false,
        "damage_score": 0.0,
        "failure_mode": ""
      }
    },
    {
      "type": "Feature",
      "id": "68_58_0",
      "geometry": {
        "type": "LineString",
        "coordinates": [
          [
            67.8272222,
            26.7594444
          ],
          [
            67.8272222,
            26.7783333
          ]
        ]
      },
      "properties": {
        "id": "68_58_0",
        "name": "Corridor 5-7",
        "highway": "secondary",
        "length_m": 2099.29,
        "status": "passable",
        "flooded": false,
        "flood_frac": 0.0,
        "is_bridge": false,
        "damage_score": 0.0,
        "failure_mode": ""
      }
    },
    {
      "type": "Feature",
      "id": "68_67_0",
      "geometry": {
        "type": "LineString",
        "coordinates": [
          [
            67.8083333,
            26.7783333
          ],
          [
            67.8272222,
            26.7783333
          ]
        ]
      },
      "properties": {
        "id": "68_67_0",
        "name": "Road 6-6",
        "highway": "residential",
        "length_m": 2099.29,
        "status": "flooded",
        "flooded": true,
        "flood_frac": 0.898,
        "is_bridge": false,
        "damage_score": 0.0,
        "failure_mode": ""
      }
    },
    {
      "type": "Feature",
      "id": "68_69_0",
      "geometry": {
        "type": "LineString",
        "coordinates": [
          [
            67.8272222,
            26.7783333
          ],
          [
            67.8461111,
            26.7783333
          ]
        ]
      },
      "properties": {
        "id": "68_69_0",
        "name": "Road 6-7",
        "highway": "residential",
        "length_m": 2099.29,
        "status": "passable",
        "flooded": false,
        "flood_frac": 0.0,
        "is_bridge": false,
        "damage_score": 0.0,
        "failure_mode": ""
      }
    },
    {
      "type": "Feature",
      "id": "68_78_0",
      "geometry": {
        "type": "LineString",
        "coordinates": [
          [
            67.8272222,
            26.7783333
          ],
          [
            67.8272222,
            26.7972222
          ]
        ]
      },
      "properties": {
        "id": "68_78_0",
        "name": "Corridor 6-7",
        "highway": "secondary",
        "length_m": 2099.29,
        "status": "flooded",
        "flooded": true,
        "flood_frac": 0.9184,
        "is_bridge": false,
        "damage_score": 0.0,
        "failure_mode": ""
      }
    },
    {
      "type": "Feature",
      "id": "69_59_0",
      "geometry": {
        "type": "LineString",
        "coordinates": [
          [
            67.8461111,
            26.7594444
          ],
          [
            67.8461111,
            26.7783333
          ]
        ]
      },
      "properties": {
        "id": "69_59_0",
        "name": "Corridor 5-8",
        "highway": "residential",
        "length_m": 2099.29,
        "status": "passable",
        "flooded": false,
        "flood_frac": 0.0,
        "is_bridge": false,
        "damage_score": 0.0,
        "failure_mode": ""
      }
    },
    {
      "type": "Feature",
      "id": "69_68_0",
      "geometry": {
        "type": "LineString",
        "coordinates": [
          [
            67.8272222,
            26.7783333
          ],
          [
            67.8461111,
            26.7783333
          ]
        ]
      },
      "properties": {
        "id": "69_68_0",
        "name": "Road 6-7",
        "highway": "residential",
        "length_m": 2099.29,
        "status": "passable",
        "flooded": false,
        "flood_frac": 0.0,
        "is_bridge": false,
        "damage_score": 0.0,
        "failure_mode": ""
      }
    },
    {
      "type": "Feature",
      "id": "69_70_0",
      "geometry": {
        "type": "LineString",
        "coordinates": [
          [
            67.8461111,
            26.7783333
          ],
          [
            67.865,
            26.7783333
          ]
        ]
      },
      "properties": {
        "id": "69_70_0",
        "name": "Road 6-8",
        "highway": "residential",
        "length_m": 2099.29,
        "status": "passable",
        "flooded": false,
        "flood_frac": 0.0,
        "is_bridge": false,
        "damage_score": 0.0,
        "failure_mode": ""
      }
    },
    {
      "type": "Feature",
      "id": "69_79_0",
      "geometry": {
        "type": "LineString",
        "coordinates": [
          [
            67.8461111,
            26.7783333
          ],
          [
            67.8461111,
            26.7972222
          ]
        ]
      },
      "properties": {
        "id": "69_79_0",
        "name": "Corridor 6-8",
        "highway": "residential",
        "length_m": 2099.29,
        "status": "passable",
        "flooded": false,
        "flood_frac": 0.0,
        "is_bridge": false,
        "damage_score": 0.0,
        "failure_mode": ""
      }
    },
    {
      "type": "Feature",
      "id": "70_60_0",
      "geometry": {
        "type": "LineString",
        "coordinates": [
          [
            67.865,
            26.7594444
          ],
          [
            67.865,
            26.7783333
          ]
        ]
      },
      "properties": {
        "id": "70_60_0",
        "name": "Corridor 5-9",
        "highway": "residential",
        "length_m": 2099.29,
        "status": "passable",
        "flooded": false,
        "flood_frac": 0.0,
        "is_bridge": false,
        "damage_score": 0.0,
        "failure_mode": ""
      }
    },
    {
      "type": "Feature",
      "id": "70_69_0",
      "geometry": {
        "type": "LineString",
        "coordinates": [
          [
            67.8461111,
            26.7783333
          ],
          [
            67.865,
            26.7783333
          ]
        ]
      },
      "properties": {
        "id": "70_69_0",
        "name": "Road 6-8",
        "highway": "residential",
        "length_m": 2099.29,
        "status": "passable",
        "flooded": false,
        "flood_frac": 0.0,
        "is_bridge": false,
        "damage_score": 0.0,
        "failure_mode": ""
      }
    },
    {
      "type": "Feature",
      "id": "70_80_0",
      "geometry": {
        "type": "LineString",
        "coordinates": [
          [
            67.865,
            26.7783333
          ],
          [
            67.865,
            26.7972222
          ]
        ]
      },
      "properties": {
        "id": "70_80_0",
        "name": "Corridor 6-9",
        "highway": "residential",
        "length_m": 2099.29,
        "status": "passable",
        "flooded": false,
        "flood_frac": 0.0,
        "is_bridge": false,
        "damage_score": 0.0,
        "failure_mode": ""
      }
    },
    {
      "type": "Feature",
      "id": "71_61_0",
      "geometry": {
        "type": "LineString",
        "coordinates": [
          [
            67.695,
            26.7783333
          ],
          [
            67.695,
            26.7972222
          ]
        ]
      },
      "properties": {
        "id": "71_61_0",
        "name": "Corridor 6-0",
        "highway": "residential",
        "length_m": 2099.29,
        "status": "passable",
        "flooded": false,
        "flood_frac": 0.0,
        "is_bridge": false,
        "damage_score": 0.0,
        "failure_mode": ""
      }
    },
    {
      "type": "Feature",
      "id": "71_72_0",
      "geometry": {
        "type": "LineString",
        "coordinates": [
          [
            67.695,
            26.7972222
          ],
          [
            67.7138889,
            26.7972222
          ]
        ]
      },
      "properties": {
        "id": "71_72_0",
        "name": "Road 7-0",
        "highway": "residential",
        "length_m": 2099.29,
        "status": "passable",
        "flooded": false,
        "flood_frac": 0.1224,
        "is_bridge": false,
        "damage_score": 0.0,
        "failure_mode": ""
      }
    },
    {
      "type": "Feature",
      "id": "71_81_0",
      "geometry": {
        "type": "LineString",
        "coordinates": [
          [
            67.695,
            26.7972222
          ],
          [
            67.695,
            26.8161111
          ]
        ]
      },
      "properties": {
        "id": "71_81_0",
        "name": "Corridor 7-0",
        "highway": "residential",
        "length_m": 2099.29,
        "status": "passable",
        "flooded": false,
        "flood_frac": 0.0,
        "is_bridge": false,
        "damage_score": 0.0,
        "failure_mode": ""
      }
    },
    {
      "type": "Feature",
      "id": "72_62_0",
      "geometry": {
        "type": "LineString",
        "coordinates": [
          [
            67.7138889,
            26.7783333
          ],
          [
            67.7138889,
            26.7972222
          ]
        ]
      },
      "properties": {
        "id": "72_62_0",
        "name": "Corridor 6-1",
        "highway": "residential",
        "length_m": 2099.29,
        "status": "flooded",
        "flooded": true,
        "flood_frac": 0.5102,
        "is_bridge": false,
        "damage_score": 0.0,
        "failure_mode": ""
      }
    },
    {
      "type": "Feature",
      "id": "72_71_0",
      "geometry": {
        "type": "LineString",
        "coordinates": [
          [
            67.695,
            26.7972222
          ],
          [
            67.7138889,
            26.7972222
          ]
        ]
      },
      "properties": {
        "id": "72_71_0",
        "name": "Road 7-0",
        "highway": "residential",
        "length_m": 2099.29,
        "status": "passable",
        "flooded": false,
        "flood_frac": 0.1224,
        "is_bridge": false,
        "damage_score": 0.0,
        "failure_mode": ""
      }
    },
    {
      "type": "Feature",
      "id": "72_73_0",
      "geometry": {
        "type": "LineString",
        "coordinates": [
          [
            67.7138889,
            26.7972222
          ],
          [
            67.7327778,
            26.7972222
          ]
        ]
      },
      "properties": {
        "id": "72_73_0",
        "name": "Road 7-1",
        "highway": "residential",
        "length_m": 2099.29,
        "status": "flooded",
        "flooded": true,
        "flood_frac": 0.3265,
        "is_bridge": false,
        "damage_score": 0.0,
        "failure_mode": ""
      }
    },
    {
      "type": "Feature",
      "id": "72_82_0",
      "geometry": {
        "type": "LineString",
        "coordinates": [
          [
            67.7138889,
            26.7972222
          ],
          [
            67.7138889,
            26.8161111
          ]
        ]
      },
      "properties": {
        "id": "72_82_0",
        "name": "Corridor 7-1",
        "highway": "residential",
        "length_m": 2099.29,
        "status": "flooded",
        "flooded": true,
        "flood_frac": 0.8776,
        "is_bridge": false,
        "damage_score": 0.0,
        "failure_mode": ""
      }
    },
    {
      "type": "Feature",
      "id": "73_63_0",
      "geometry": {
        "type": "LineString",
        "coordinates": [
          [
            67.7327778,
            26.7783333
          ],
          [
            67.7327778,
            26.7972222
          ]
        ]
      },
      "properties": {
        "id": "73_63_0",
        "name": "Corridor 6-2",
        "highway": "secondary",
        "length_m": 2099.29,
        "status": "passable",
        "flooded": false,
        "flood_frac": 0.1633,
        "is_bridge": false,
        "damage_score": 0.0,
        "failure_mode": ""
      }
    },
    {
      "type": "Feature",
      "id": "73_72_0",
      "geometry": {
        "type": "LineString",
        "coordinates": [
          [
            67.7138889,
            26.7972222
          ],
          [
            67.7327778,
            26.7972222
          ]
        ]
      },
      "properties": {
        "id": "73_72_0",
        "name": "Road 7-1",
        "highway": "residential",
        "length_m": 2099.29,
        "status": "flooded",
        "flooded": true,
        "flood_frac": 0.3265,
        "is_bridge": false,
        "damage_score": 0.0,
        "failure_mode": ""
      }
    },
    {
      "type": "Feature",
      "id": "73_74_0",
      "geometry": {
        "type": "LineString",
        "coordinates": [
          [
            67.7327778,
            26.7972222
          ],
          [
            67.7516667,
            26.7972222
          ]
        ]
      },
      "properties": {
        "id": "73_74_0",
        "name": "Road 7-2",
        "highway": "residential",
        "length_m": 2099.29,
        "status": "passable",
        "flooded": false,
        "flood_frac": 0.0,
        "is_bridge": false,
        "damage_score": 0.0,
        "failure_mode": ""
      }
    },
    {
      "type": "Feature",
      "id": "73_83_0",
      "geometry": {
        "type": "LineString",
        "coordinates": [
          [
            67.7327778,
            26.7972222
          ],
          [
            67.7327778,
            26.8161111
          ]
        ]
      },
      "properties": {
        "id": "73_83_0",
        "name": "Corridor 7-2",
        "highway": "secondary",
        "length_m": 2099.29,
        "status": "passable",
        "flooded": false,
        "flood_frac": 0.0,
        "is_bridge": false,
        "damage_score": 0.0,
        "failure_mode": ""
      }
    },
    {
      "type": "Feature",
      "id": "74_64_0",
      "geometry": {
        "type": "LineString",
        "coordinates": [
          [
            67.7516667,
            26.7783333
          ],
          [
            67.7516667,
            26.7972222
          ]
        ]
      },
      "properties": {
        "id": "74_64_0",
        "name": "Corridor 6-3",
        "highway": "residential",
        "length_m": 2099.29,
        "status": "passable",
        "flooded": false,
        "flood_frac": 0.0,
        "is_bridge": false,
        "damage_score": 0.0,
        "failure_mode": ""
      }
    },
    {
      "type": "Feature",
      "id": "74_73_0",
      "geometry": {
        "type": "LineString",
        "coordinates": [
          [
            67.7327778,
            26.7972222
          ],
          [
            67.7516667,
            26.7972222
          ]
        ]
      },
      "properties": {
        "id": "74_73_0",
        "name": "Road 7-2",
        "highway": "residential",
        "length_m": 2099.29,
        "status": "passable",
        "flooded": false,
        "flood_frac": 0.0,
        "is_bridge": false,
        "damage_score": 0.0,
        "failure_mode": ""
      }
    },
    {
      "type": "Feature",
      "id": "74_75_0",
      "geometry": {
        "type": "LineString",
        "coordinates": [
          [
            67.7516667,
            26.7972222
          ],
          [
            67.7705556,
            26.7972222
          ]
        ]
      },
      "properties": {
        "id": "74_75_0",
        "name": "Road 7-3",
        "highway": "residential",
        "length_m": 2099.29,
        "status": "passable",
        "flooded": false,
        "flood_frac": 0.0,
        "is_bridge": false,
        "damage_score": 0.0,
        "failure_mode": ""
      }
    },
    {
      "type": "Feature",
      "id": "74_84_0",
      "geometry": {
        "type": "LineString",
        "coordinates": [
          [
            67.7516667,
            26.7972222
          ],
          [
            67.7516667,
            26.8161111
          ]
        ]
      },
      "properties": {
        "id": "74_84_0",
        "name": "Corridor 7-3",
        "highway": "residential",
        "length_m": 2099.29,
        "status": "passable",
        "flooded": false,
        "flood_frac": 0.0,
        "is_bridge": false,
        "damage_score": 0.0,
        "failure_mode": ""
      }
    },
    {
      "type": "Feature",
      "id": "75_65_0",
      "geometry": {
        "type": "LineString",
        "coordinates": [
          [
            67.7705556,
            26.7783333
          ],
          [
            67.7705556,
            26.7972222
          ]
        ]
      },
      "properties": {
        "id": "75_65_0",
        "name": "Corridor 6-4",
        "highway": "primary",
        "length_m": 2099.29,
        "status": "passable",
        "flooded": false,
        "flood_frac": 0.0,
        "is_bridge": false,
        "damage_score": 0.0,
        "failure_mode": ""
      }
    },
    {
      "type": "Feature",
      "id": "75_74_0",
      "geometry": {
        "type": "LineString",
        "coordinates": [
          [
            67.7516667,
            26.7972222
          ],
          [
            67.7705556,
            26.7972222
          ]
        ]
      },
      "properties": {
        "id": "75_74_0",
        "name": "Road 7-3",
        "highway": "residential",
        "length_m": 2099.29,
        "status": "passable",
        "flooded": false,
        "flood_frac": 0.0,
        "is_bridge": false,
        "damage_score": 0.0,
        "failure_mode": ""
      }
    },
    {
      "type": "Feature",
      "id": "75_76_0",
      "geometry": {
        "type": "LineString",
        "coordinates": [
          [
            67.7705556,
            26.7972222
          ],
          [
            67.7894444,
            26.7972222
          ]
        ]
      },
      "properties": {
        "id": "75_76_0",
        "name": "Road 7-4",
        "highway": "residential",
        "length_m": 2099.29,
        "status": "passable",
        "flooded": false,
        "flood_frac": 0.0,
        "is_bridge": false,
        "damage_score": 0.0,
        "failure_mode": ""
      }
    },
    {
      "type": "Feature",
      "id": "75_85_0",
      "geometry": {
        "type": "LineString",
        "coordinates": [
          [
            67.7705556,
            26.7972222
          ],
          [
            67.7705556,
            26.8161111
          ]
        ]
      },
      "properties": {
        "id": "75_85_0",
        "name": "Corridor 7-4",
        "highway": "primary",
        "length_m": 2099.29,
        "status": "passable",
        "flooded": false,
        "flood_frac": 0.0,
        "is_bridge": false,
        "damage_score": 0.0,
        "failure_mode": ""
      }
    },
    {
      "type": "Feature",
      "id": "76_66_0",
      "geometry": {
        "type": "LineString",
        "coordinates": [
          [
            67.7894444,
            26.7783333
          ],
          [
            67.7894444,
            26.7972222
          ]
        ]
      },
      "properties": {
        "id": "76_66_0",
        "name": "Corridor 6-5",
        "highway": "residential",
        "length_m": 2099.29,
        "status": "passable",
        "flooded": false,
        "flood_frac": 0.0,
        "is_bridge": false,
        "damage_score": 0.0,
        "failure_mode": ""
      }
    },
    {
      "type": "Feature",
      "id": "76_75_0",
      "geometry": {
        "type": "LineString",
        "coordinates": [
          [
            67.7705556,
            26.7972222
          ],
          [
            67.7894444,
            26.7972222
          ]
        ]
      },
      "properties": {
        "id": "76_75_0",
        "name": "Road 7-4",
        "highway": "residential",
        "length_m": 2099.29,
        "status": "passable",
        "flooded": false,
        "flood_frac": 0.0,
        "is_bridge": false,
        "damage_score": 0.0,
        "failure_mode": ""
      }
    },
    {
      "type": "Feature",
      "id": "76_77_0",
      "geometry": {
        "type": "LineString",
        "coordinates": [
          [
            67.7894444,
            26.7972222
          ],
          [
            67.8083333,
            26.7972222
          ]
        ]
      },
      "properties": {
        "id": "76_77_0",
        "name": "Road 7-5",
        "highway": "residential",
        "length_m": 2099.29,
        "status": "passable",
        "flooded": false,
        "flood_frac": 0.102,
        "is_bridge": false,
        "damage_score": 0.0,
        "failure_mode": ""
      }
    },
    {
      "type": "Feature",
      "id": "76_86_0",
      "geometry": {
        "type": "LineString",
        "coordinates": [
          [
            67.7894444,
            26.7972222
          ],
          [
            67.7894444,
            26.8161111
          ]
        ]
      },
      "properties": {
        "id": "76_86_0",
        "name": "Corridor 7-5",
        "highway": "residential",
        "length_m": 2099.29,
        "status": "flooded",
        "flooded": true,
        "flood_frac": 0.4694,
        "is_bridge": false,
        "damage_score": 0.0,
        "failure_mode": ""
      }
    },
    {
      "type": "Feature",
      "id": "77_67_0",
      "geometry": {
        "type": "LineString",
        "coordinates": [
          [
            67.8083333,
            26.7783333
          ],
          [
            67.8083333,
            26.7972222
          ]
        ]
      },
      "properties": {
        "id": "77_67_0",
        "name": "Corridor 6-6",
        "highway": "residential",
        "length_m": 2099.29,
        "status": "flooded",
        "flooded": true,
        "flood_frac": 0.7143,
        "is_bridge": false,
        "damage_score": 0.0,
        "failure_mode": ""
      }
    },
    {
      "type": "Feature",
      "id": "77_76_0",
      "geometry": {
        "type": "LineString",
        "coordinates": [
          [
            67.7894444,
            26.7972222
          ],
          [
            67.8083333,
            26.7972222
          ]
        ]
      },
      "properties": {
        "id": "77_76_0",
        "name": "Road 7-5",
        "highway": "residential",
        "length_m": 2099.29,
        "status": "passable",
        "flooded": false,
        "flood_frac": 0.102,
        "is_bridge": false,
        "damage_score": 0.0,
        "failure_mode": ""
      }
    },
    {
      "type": "Feature",
      "id": "77_78_0",
      "geometry": {
        "type": "LineString",
        "coordinates": [
          [
            67.8083333,
            26.7972222
          ],
          [
            67.8272222,
            26.7972222
          ]
        ]
      },
      "properties": {
        "id": "77_78_0",
        "name": "Road 7-6",
        "highway": "residential",
        "length_m": 2099.29,
        "status": "flooded",
        "flooded": true,
        "flood_frac": 1.0,
        "is_bridge": false,
        "damage_score": 0.0,
        "failure_mode": ""
      }
    },
    {
      "type": "Feature",
      "id": "77_87_0",
      "geometry": {
        "type": "LineString",
        "coordinates": [
          [
            67.8083333,
            26.7972222
          ],
          [
            67.8083333,
            26.8161111
          ]
        ]
      },
      "properties": {
        "id": "77_87_0",
        "name": "Corridor 7-6",
        "highway": "residential",
        "length_m": 2099.29,
        "status": "flooded",
        "flooded": true,
        "flood_frac": 1.0,
        "is_bridge": false,
        "damage_score": 0.0,
        "failure_mode": ""
      }
    },
    {
      "type": "Feature",
      "id": "78_68_0",
      "geometry": {
        "type": "LineString",
        "coordinates": [
          [
            67.8272222,
            26.7783333
          ],
          [
            67.8272222,
            26.7972222
          ]
        ]
      },
      "properties": {
        "id": "78_68_0",
        "name": "Corridor 6-7",
        "highway": "secondary",
        "length_m": 2099.29,
        "status": "flooded",
        "flooded": true,
        "flood_frac": 0.9184,
        "is_bridge": false,
        "damage_score": 0.0,
        "failure_mode": ""
      }
    },
    {
      "type": "Feature",
      "id": "78_77_0",
      "geometry": {
        "type": "LineString",
        "coordinates": [
          [
            67.8083333,
            26.7972222
          ],
          [
            67.8272222,
            26.7972222
          ]
        ]
      },
      "properties": {
        "id": "78_77_0",
        "name": "Road 7-6",
        "highway": "residential",
        "length_m": 2099.29,
        "status": "flooded",
        "flooded": true,
        "flood_frac": 1.0,
        "is_bridge": false,
        "damage_score": 0.0,
        "failure_mode": ""
      }
    },
    {
      "type": "Feature",
      "id": "78_79_0",
      "geometry": {
        "type": "LineString",
        "coordinates": [
          [
            67.8272222,
            26.7972222
          ],
          [
            67.8461111,
            26.7972222
          ]
        ]
      },
      "properties": {
        "id": "78_79_0",
        "name": "Road 7-7",
        "highway": "residential",
        "length_m": 2099.29,
        "status": "flooded",
        "flooded": true,
        "flood_frac": 0.898,
        "is_bridge": false,
        "damage_score": 0.0,
        "failure_mode": ""
      }
    },
    {
      "type": "Feature",
      "id": "78_88_0",
      "geometry": {
        "type": "LineString",
        "coordinates": [
          [
            67.8272222,
            26.7972222
          ],
          [
            67.8272222,
            26.8161111
          ]
        ]
      },
      "properties": {
        "id": "78_88_0",
        "name": "Corridor 7-7",
        "highway": "secondary",
        "length_m": 2099.29,
        "status": "flooded",
        "flooded": true,
        "flood_frac": 1.0,
        "is_bridge": false,
        "damage_score": 0.0,
        "failure_mode": ""
      }
    },
    {
      "type": "Feature",
      "id": "79_69_0",
      "geometry": {
        "type": "LineString",
        "coordinates": [
          [
            67.8461111,
            26.7783333
          ],
          [
            67.8461111,
            26.7972222
          ]
        ]
      },
      "properties": {
        "id": "79_69_0",
        "name": "Corridor 6-8",
        "highway": "residential",
        "length_m": 2099.29,
        "status": "passable",
        "flooded": false,
        "flood_frac": 0.0,
        "is_bridge": false,
        "damage_score": 0.0,
        "failure_mode": ""
      }
    },
    {
      "type": "Feature",
      "id": "79_78_0",
      "geometry": {
        "type": "LineString",
        "coordinates": [
          [
            67.8272222,
            26.7972222
          ],
          [
            67.8461111,
            26.7972222
          ]
        ]
      },
      "properties": {
        "id": "79_78_0",
        "name": "Road 7-7",
        "highway": "residential",
        "length_m": 2099.29,
        "status": "flooded",
        "flooded": true,
        "flood_frac": 0.898,
        "is_bridge": false,
        "damage_score": 0.0,
        "failure_mode": ""
      }
    },
    {
      "type": "Feature",
      "id": "79_80_0",
      "geometry": {
        "type": "LineString",
        "coordinates": [
          [
            67.8461111,
            26.7972222
          ],
          [
            67.865,
            26.7972222
          ]
        ]
      },
      "properties": {
        "id": "79_80_0",
        "name": "Road 7-8",
        "highway": "residential",
        "length_m": 2099.29,
        "status": "passable",
        "flooded": false,
        "flood_frac": 0.0,
        "is_bridge": false,
        "damage_score": 0.0,
        "failure_mode": ""
      }
    },
    {
      "type": "Feature",
      "id": "79_89_0",
      "geometry": {
        "type": "LineString",
        "coordinates": [
          [
            67.8461111,
            26.7972222
          ],
          [
            67.8461111,
            26.8161111
          ]
        ]
      },
      "properties": {
        "id": "79_89_0",
        "name": "Corridor 7-8",
        "highway": "residential",
        "length_m": 2099.29,
        "status": "passable",
        "flooded": false,
        "flood_frac": 0.0,
        "is_bridge": false,
        "damage_score": 0.0,
        "failure_mode": ""
      }
    },
    {
      "type": "Feature",
      "id": "80_70_0",
      "geometry": {
        "type": "LineString",
        "coordinates": [
          [
            67.865,
            26.7783333
          ],
          [
            67.865,
            26.7972222
          ]
        ]
      },
      "properties": {
        "id": "80_70_0",
        "name": "Corridor 6-9",
        "highway": "residential",
        "length_m": 2099.29,
        "status": "passable",
        "flooded": false,
        "flood_frac": 0.0,
        "is_bridge": false,
        "damage_score": 0.0,
        "failure_mode": ""
      }
    },
    {
      "type": "Feature",
      "id": "80_79_0",
      "geometry": {
        "type": "LineString",
        "coordinates": [
          [
            67.8461111,
            26.7972222
          ],
          [
            67.865,
            26.7972222
          ]
        ]
      },
      "properties": {
        "id": "80_79_0",
        "name": "Road 7-8",
        "highway": "residential",
        "length_m": 2099.29,
        "status": "passable",
        "flooded": false,
        "flood_frac": 0.0,
        "is_bridge": false,
        "damage_score": 0.0,
        "failure_mode": ""
      }
    },
    {
      "type": "Feature",
      "id": "80_90_0",
      "geometry": {
        "type": "LineString",
        "coordinates": [
          [
            67.865,
            26.7972222
          ],
          [
            67.865,
            26.8161111
          ]
        ]
      },
      "properties": {
        "id": "80_90_0",
        "name": "Corridor 7-9",
        "highway": "residential",
        "length_m": 2099.29,
        "status": "passable",
        "flooded": false,
        "flood_frac": 0.0,
        "is_bridge": false,
        "damage_score": 0.0,
        "failure_mode": ""
      }
    },
    {
      "type": "Feature",
      "id": "81_71_0",
      "geometry": {
        "type": "LineString",
        "coordinates": [
          [
            67.695,
            26.7972222
          ],
          [
            67.695,
            26.8161111
          ]
        ]
      },
      "properties": {
        "id": "81_71_0",
        "name": "Corridor 7-0",
        "highway": "residential",
        "length_m": 2099.29,
        "status": "passable",
        "flooded": false,
        "flood_frac": 0.0,
        "is_bridge": false,
        "damage_score": 0.0,
        "failure_mode": ""
      }
    },
    {
      "type": "Feature",
      "id": "81_82_0",
      "geometry": {
        "type": "LineString",
        "coordinates": [
          [
            67.695,
            26.8161111
          ],
          [
            67.7138889,
            26.8161111
          ]
        ]
      },
      "properties": {
        "id": "81_82_0",
        "name": "Road 8-0",
        "highway": "secondary",
        "length_m": 2099.29,
        "status": "passable",
        "flooded": false,
        "flood_frac": 0.0,
        "is_bridge": false,
        "damage_score": 0.0,
        "failure_mode": ""
      }
    },
    {
      "type": "Feature",
      "id": "81_91_0",
      "geometry": {
        "type": "LineString",
        "coordinates": [
          [
            67.695,
            26.8161111
          ],
          [
            67.695,
            26.835
          ]
        ]
      },
      "properties": {
        "id": "81_91_0",
        "name": "Corridor 8-0",
        "highway": "residential",
        "length_m": 2099.29,
        "status": "passable",
        "flooded": false,
        "flood_frac": 0.0,
        "is_bridge": false,
        "damage_score": 0.0,
        "failure_mode": ""
      }
    },
    {
      "type": "Feature",
      "id": "82_72_0",
      "geometry": {
        "type": "LineString",
        "coordinates": [
          [
            67.7138889,
            26.7972222
          ],
          [
            67.7138889,
            26.8161111
          ]
        ]
      },
      "properties": {
        "id": "82_72_0",
        "name": "Corridor 7-1",
        "highway": "residential",
        "length_m": 2099.29,
        "status": "flooded",
        "flooded": true,
        "flood_frac": 0.8776,
        "is_bridge": false,
        "damage_score": 0.0,
        "failure_mode": ""
      }
    },
    {
      "type": "Feature",
      "id": "82_81_0",
      "geometry": {
        "type": "LineString",
        "coordinates": [
          [
            67.695,
            26.8161111
          ],
          [
            67.7138889,
            26.8161111
          ]
        ]
      },
      "properties": {
        "id": "82_81_0",
        "name": "Road 8-0",
        "highway": "secondary",
        "length_m": 2099.29,
        "status": "passable",
        "flooded": false,
        "flood_frac": 0.0,
        "is_bridge": false,
        "damage_score": 0.0,
        "failure_mode": ""
      }
    },
    {
      "type": "Feature",
      "id": "82_83_0",
      "geometry": {
        "type": "LineString",
        "coordinates": [
          [
            67.7138889,
            26.8161111
          ],
          [
            67.7327778,
            26.8161111
          ]
        ]
      },
      "properties": {
        "id": "82_83_0",
        "name": "Road 8-1",
        "highway": "secondary",
        "length_m": 2099.29,
        "status": "passable",
        "flooded": false,
        "flood_frac": 0.0,
        "is_bridge": false,
        "damage_score": 0.0,
        "failure_mode": ""
      }
    },
    {
      "type": "Feature",
      "id": "82_92_0",
      "geometry": {
        "type": "LineString",
        "coordinates": [
          [
            67.7138889,
            26.8161111
          ],
          [
            67.7138889,
            26.835
          ]
        ]
      },
      "properties": {
        "id": "82_92_0",
        "name": "Corridor 8-1",
        "highway": "residential",
        "length_m": 2099.29,
        "status": "passable",
        "flooded": false,
        "flood_frac": 0.0,
        "is_bridge": false,
        "damage_score": 0.0,
        "failure_mode": ""
      }
    },
    {
      "type": "Feature",
      "id": "83_73_0",
      "geometry": {
        "type": "LineString",
        "coordinates": [
          [
            67.7327778,
            26.7972222
          ],
          [
            67.7327778,
            26.8161111
          ]
        ]
      },
      "properties": {
        "id": "83_73_0",
        "name": "Corridor 7-2",
        "highway": "secondary",
        "length_m": 2099.29,
        "status": "passable",
        "flooded": false,
        "flood_frac": 0.0,
        "is_bridge": false,
        "damage_score": 0.0,
        "failure_mode": ""
      }
    },
    {
      "type": "Feature",
      "id": "83_82_0",
      "geometry": {
        "type": "LineString",
        "coordinates": [
          [
            67.7138889,
            26.8161111
          ],
          [
            67.7327778,
            26.8161111
          ]
        ]
      },
      "properties": {
        "id": "83_82_0",
        "name": "Road 8-1",
        "highway": "secondary",
        "length_m": 2099.29,
        "status": "passable",
        "flooded": false,
        "flood_frac": 0.0,
        "is_bridge": false,
        "damage_score": 0.0,
        "failure_mode": ""
      }
    },
    {
      "type": "Feature",
      "id": "83_84_0",
      "geometry": {
        "type": "LineString",
        "coordinates": [
          [
            67.7327778,
            26.8161111
          ],
          [
            67.7516667,
            26.8161111
          ]
        ]
      },
      "properties": {
        "id": "83_84_0",
        "name": "Road 8-2",
        "highway": "secondary",
        "length_m": 2099.29,
        "status": "passable",
        "flooded": false,
        "flood_frac": 0.0,
        "is_bridge": false,
        "damage_score": 0.0,
        "failure_mode": ""
      }
    },
    {
      "type": "Feature",
      "id": "83_93_0",
      "geometry": {
        "type": "LineString",
        "coordinates": [
          [
            67.7327778,
            26.8161111
          ],
          [
            67.7327778,
            26.835
          ]
        ]
      },
      "properties": {
        "id": "83_93_0",
        "name": "Corridor 8-2",
        "highway": "secondary",
        "length_m": 2099.29,
        "status": "passable",
        "flooded": false,
        "flood_frac": 0.0,
        "is_bridge": false,
        "damage_score": 0.0,
        "failure_mode": ""
      }
    },
    {
      "type": "Feature",
      "id": "84_74_0",
      "geometry": {
        "type": "LineString",
        "coordinates": [
          [
            67.7516667,
            26.7972222
          ],
          [
            67.7516667,
            26.8161111
          ]
        ]
      },
      "properties": {
        "id": "84_74_0",
        "name": "Corridor 7-3",
        "highway": "residential",
        "length_m": 2099.29,
        "status": "passable",
        "flooded": false,
        "flood_frac": 0.0,
        "is_bridge": false,
        "damage_score": 0.0,
        "failure_mode": ""
      }
    },
    {
      "type": "Feature",
      "id": "84_83_0",
      "geometry": {
        "type": "LineString",
        "coordinates": [
          [
            67.7327778,
            26.8161111
          ],
          [
            67.7516667,
            26.8161111
          ]
        ]
      },
      "properties": {
        "id": "84_83_0",
        "name": "Road 8-2",
        "highway": "secondary",
        "length_m": 2099.29,
        "status": "passable",
        "flooded": false,
        "flood_frac": 0.0,
        "is_bridge": false,
        "damage_score": 0.0,
        "failure_mode": ""
      }
    },
    {
      "type": "Feature",
      "id": "84_85_0",
      "geometry": {
        "type": "LineString",
        "coordinates": [
          [
            67.7516667,
            26.8161111
          ],
          [
            67.7705556,
            26.8161111
          ]
        ]
      },
      "properties": {
        "id": "84_85_0",
        "name": "Road 8-3",
        "highway": "secondary",
        "length_m": 2099.29,
        "status": "passable",
        "flooded": false,
        "flood_frac": 0.0,
        "is_bridge": false,
        "damage_score": 0.0,
        "failure_mode": ""
      }
    },
    {
      "type": "Feature",
      "id": "84_94_0",
      "geometry": {
        "type": "LineString",
        "coordinates": [
          [
            67.7516667,
            26.8161111
          ],
          [
            67.7516667,
            26.835
          ]
        ]
      },
      "properties": {
        "id": "84_94_0",
        "name": "Corridor 8-3",
        "highway": "residential",
        "length_m": 2099.29,
        "status": "passable",
        "flooded": false,
        "flood_frac": 0.0,
        "is_bridge": false,
        "damage_score": 0.0,
        "failure_mode": ""
      }
    },
    {
      "type": "Feature",
      "id": "85_75_0",
      "geometry": {
        "type": "LineString",
        "coordinates": [
          [
            67.7705556,
            26.7972222
          ],
          [
            67.7705556,
            26.8161111
          ]
        ]
      },
      "properties": {
        "id": "85_75_0",
        "name": "Corridor 7-4",
        "highway": "primary",
        "length_m": 2099.29,
        "status": "passable",
        "flooded": false,
        "flood_frac": 0.0,
        "is_bridge": false,
        "damage_score": 0.0,
        "failure_mode": ""
      }
    },
    {
      "type": "Feature",
      "id": "85_84_0",
      "geometry": {
        "type": "LineString",
        "coordinates": [
          [
            67.7516667,
            26.8161111
          ],
          [
            67.7705556,
            26.8161111
          ]
        ]
      },
      "properties": {
        "id": "85_84_0",
        "name": "Road 8-3",
        "highway": "secondary",
        "length_m": 2099.29,
        "status": "passable",
        "flooded": false,
        "flood_frac": 0.0,
        "is_bridge": false,
        "damage_score": 0.0,
        "failure_mode": ""
      }
    },
    {
      "type": "Feature",
      "id": "85_86_0",
      "geometry": {
        "type": "LineString",
        "coordinates": [
          [
            67.7705556,
            26.8161111
          ],
          [
            67.7894444,
            26.8161111
          ]
        ]
      },
      "properties": {
        "id": "85_86_0",
        "name": "Road 8-4",
        "highway": "secondary",
        "length_m": 2099.29,
        "status": "flooded",
        "flooded": true,
        "flood_frac": 0.5306,
        "is_bridge": false,
        "damage_score": 0.0,
        "failure_mode": ""
      }
    },
    {
      "type": "Feature",
      "id": "85_95_0",
      "geometry": {
        "type": "LineString",
        "coordinates": [
          [
            67.7705556,
            26.8161111
          ],
          [
            67.7705556,
            26.835
          ]
        ]
      },
      "properties": {
        "id": "85_95_0",
        "name": "Corridor 8-4",
        "highway": "primary",
        "length_m": 2099.29,
        "status": "passable",
        "flooded": false,
        "flood_frac": 0.0,
        "is_bridge": false,
        "damage_score": 0.0,
        "failure_mode": ""
      }
    },
    {
      "type": "Feature",
      "id": "86_76_0",
      "geometry": {
        "type": "LineString",
        "coordinates": [
          [
            67.7894444,
            26.7972222
          ],
          [
            67.7894444,
            26.8161111
          ]
        ]
      },
      "properties": {
        "id": "86_76_0",
        "name": "Corridor 7-5",
        "highway": "residential",
        "length_m": 2099.29,
        "status": "flooded",
        "flooded": true,
        "flood_frac": 0.4694,
        "is_bridge": false,
        "damage_score": 0.0,
        "failure_mode": ""
      }
    },
    {
      "type": "Feature",
      "id": "86_85_0",
      "geometry": {
        "type": "LineString",
        "coordinates": [
          [
            67.7705556,
            26.8161111
          ],
          [
            67.7894444,
            26.8161111
          ]
        ]
      },
      "properties": {
        "id": "86_85_0",
        "name": "Road 8-4",
        "highway": "secondary",
        "length_m": 2099.29,
        "status": "flooded",
        "flooded": true,
        "flood_frac": 0.5306,
        "is_bridge": false,
        "damage_score": 0.0,
        "failure_mode": ""
      }
    },
    {
      "type": "Feature",
      "id": "86_87_0",
      "geometry": {
        "type": "LineString",
        "coordinates": [
          [
            67.7894444,
            26.8161111
          ],
          [
            67.8083333,
            26.8161111
          ]
        ]
      },
      "properties": {
        "id": "86_87_0",
        "name": "Road 8-5",
        "highway": "secondary",
        "length_m": 2099.29,
        "status": "flooded",
        "flooded": true,
        "flood_frac": 1.0,
        "is_bridge": false,
        "damage_score": 0.0,
        "failure_mode": ""
      }
    },
    {
      "type": "Feature",
      "id": "86_96_0",
      "geometry": {
        "type": "LineString",
        "coordinates": [
          [
            67.7894444,
            26.8161111
          ],
          [
            67.7894444,
            26.835
          ]
        ]
      },
      "properties": {
        "id": "86_96_0",
        "name": "Corridor 8-5",
        "highway": "residential",
        "length_m": 2099.29,
        "status": "passable",
        "flooded": false,
        "flood_frac": 0.102,
        "is_bridge": false,
        "damage_score": 0.0,
        "failure_mode": ""
      }
    },
    {
      "type": "Feature",
      "id": "87_77_0",
      "geometry": {
        "type": "LineString",
        "coordinates": [
          [
            67.8083333,
            26.7972222
          ],
          [
            67.8083333,
            26.8161111
          ]
        ]
      },
      "properties": {
        "id": "87_77_0",
        "name": "Corridor 7-6",
        "highway": "residential",
        "length_m": 2099.29,
        "status": "flooded",
        "flooded": true,
        "flood_frac": 1.0,
        "is_bridge": false,
        "damage_score": 0.0,
        "failure_mode": ""
      }
    },
    {
      "type": "Feature",
      "id": "87_86_0",
      "geometry": {
        "type": "LineString",
        "coordinates": [
          [
            67.7894444,
            26.8161111
          ],
          [
            67.8083333,
            26.8161111
          ]
        ]
      },
      "properties": {
        "id": "87_86_0",
        "name": "Road 8-5",
        "highway": "secondary",
        "length_m": 2099.29,
        "status": "flooded",
        "flooded": true,
        "flood_frac": 1.0,
        "is_bridge": false,
        "damage_score": 0.0,
        "failure_mode": ""
      }
    },
    {
      "type": "Feature",
      "id": "87_88_0",
      "geometry": {
        "type": "LineString",
        "coordinates": [
          [
            67.8083333,
            26.8161111
          ],
          [
            67.8272222,
            26.8161111
          ]
        ]
      },
      "properties": {
        "id": "87_88_0",
        "name": "Road 8-6",
        "highway": "secondary",
        "length_m": 2099.29,
        "status": "likely_damaged",
        "flooded": true,
        "flood_frac": 1.0,
        "is_bridge": true,
        "damage_score": 1.0,
        "failure_mode": "submerged"
      }
    },
    {
      "type": "Feature",
      "id": "87_97_0",
      "geometry": {
        "type": "LineString",
        "coordinates": [
          [
            67.8083333,
            26.8161111
          ],
          [
            67.8083333,
            26.835
          ]
        ]
      },
      "properties": {
        "id": "87_97_0",
        "name": "Corridor 8-6",
        "highway": "residential",
        "length_m": 2099.29,
        "status": "passable",
        "flooded": false,
        "flood_frac": 0.102,
        "is_bridge": false,
        "damage_score": 0.0,
        "failure_mode": ""
      }
    },
    {
      "type": "Feature",
      "id": "88_78_0",
      "geometry": {
        "type": "LineString",
        "coordinates": [
          [
            67.8272222,
            26.7972222
          ],
          [
            67.8272222,
            26.8161111
          ]
        ]
      },
      "properties": {
        "id": "88_78_0",
        "name": "Corridor 7-7",
        "highway": "secondary",
        "length_m": 2099.29,
        "status": "flooded",
        "flooded": true,
        "flood_frac": 1.0,
        "is_bridge": false,
        "damage_score": 0.0,
        "failure_mode": ""
      }
    },
    {
      "type": "Feature",
      "id": "88_87_0",
      "geometry": {
        "type": "LineString",
        "coordinates": [
          [
            67.8083333,
            26.8161111
          ],
          [
            67.8272222,
            26.8161111
          ]
        ]
      },
      "properties": {
        "id": "88_87_0",
        "name": "Road 8-6",
        "highway": "secondary",
        "length_m": 2099.29,
        "status": "likely_damaged",
        "flooded": true,
        "flood_frac": 1.0,
        "is_bridge": true,
        "damage_score": 1.0,
        "failure_mode": "submerged"
      }
    },
    {
      "type": "Feature",
      "id": "88_89_0",
      "geometry": {
        "type": "LineString",
        "coordinates": [
          [
            67.8272222,
            26.8161111
          ],
          [
            67.8461111,
            26.8161111
          ]
        ]
      },
      "properties": {
        "id": "88_89_0",
        "name": "Road 8-7",
        "highway": "secondary",
        "length_m": 2099.29,
        "status": "likely_damaged",
        "flooded": true,
        "flood_frac": 0.8367,
        "is_bridge": true,
        "damage_score": 0.95,
        "failure_mode": "submerged"
      }
    },
    {
      "type": "Feature",
      "id": "88_98_0",
      "geometry": {
        "type": "LineString",
        "coordinates": [
          [
            67.8272222,
            26.8161111
          ],
          [
            67.8272222,
            26.835
          ]
        ]
      },
      "properties": {
        "id": "88_98_0",
        "name": "Corridor 8-7",
        "highway": "secondary",
        "length_m": 2099.29,
        "status": "passable",
        "flooded": false,
        "flood_frac": 0.102,
        "is_bridge": false,
        "damage_score": 0.0,
        "failure_mode": ""
      }
    },
    {
      "type": "Feature",
      "id": "89_79_0",
      "geometry": {
        "type": "LineString",
        "coordinates": [
          [
            67.8461111,
            26.7972222
          ],
          [
            67.8461111,
            26.8161111
          ]
        ]
      },
      "properties": {
        "id": "89_79_0",
        "name": "Corridor 7-8",
        "highway": "residential",
        "length_m": 2099.29,
        "status": "passable",
        "flooded": false,
        "flood_frac": 0.0,
        "is_bridge": false,
        "damage_score": 0.0,
        "failure_mode": ""
      }
    },
    {
      "type": "Feature",
      "id": "89_88_0",
      "geometry": {
        "type": "LineString",
        "coordinates": [
          [
            67.8272222,
            26.8161111
          ],
          [
            67.8461111,
            26.8161111
          ]
        ]
      },
      "properties": {
        "id": "89_88_0",
        "name": "Road 8-7",
        "highway": "secondary",
        "length_m": 2099.29,
        "status": "likely_damaged",
        "flooded": true,
        "flood_frac": 0.8367,
        "is_bridge": true,
        "damage_score": 0.95,
        "failure_mode": "submerged"
      }
    },
    {
      "type": "Feature",
      "id": "89_90_0",
      "geometry": {
        "type": "LineString",
        "coordinates": [
          [
            67.8461111,
            26.8161111
          ],
          [
            67.865,
            26.8161111
          ]
        ]
      },
      "properties": {
        "id": "89_90_0",
        "name": "Road 8-8",
        "highway": "secondary",
        "length_m": 2099.29,
        "status": "passable",
        "flooded": false,
        "flood_frac": 0.0,
        "is_bridge": false,
        "damage_score": 0.0,
        "failure_mode": ""
      }
    },
    {
      "type": "Feature",
      "id": "89_99_0",
      "geometry": {
        "type": "LineString",
        "coordinates": [
          [
            67.8461111,
            26.8161111
          ],
          [
            67.8461111,
            26.835
          ]
        ]
      },
      "properties": {
        "id": "89_99_0",
        "name": "Corridor 8-8",
        "highway": "residential",
        "length_m": 2099.29,
        "status": "passable",
        "flooded": false,
        "flood_frac": 0.0,
        "is_bridge": false,
        "damage_score": 0.0,
        "failure_mode": ""
      }
    },
    {
      "type": "Feature",
      "id": "90_80_0",
      "geometry": {
        "type": "LineString",
        "coordinates": [
          [
            67.865,
            26.7972222
          ],
          [
            67.865,
            26.8161111
          ]
        ]
      },
      "properties": {
        "id": "90_80_0",
        "name": "Corridor 7-9",
        "highway": "residential",
        "length_m": 2099.29,
        "status": "passable",
        "flooded": false,
        "flood_frac": 0.0,
        "is_bridge": false,
        "damage_score": 0.0,
        "failure_mode": ""
      }
    },
    {
      "type": "Feature",
      "id": "90_89_0",
      "geometry": {
        "type": "LineString",
        "coordinates": [
          [
            67.8461111,
            26.8161111
          ],
          [
            67.865,
            26.8161111
          ]
        ]
      },
      "properties": {
        "id": "90_89_0",
        "name": "Road 8-8",
        "highway": "secondary",
        "length_m": 2099.29,
        "status": "passable",
        "flooded": false,
        "flood_frac": 0.0,
        "is_bridge": false,
        "damage_score": 0.0,
        "failure_mode": ""
      }
    },
    {
      "type": "Feature",
      "id": "90_100_0",
      "geometry": {
        "type": "LineString",
        "coordinates": [
          [
            67.865,
            26.8161111
          ],
          [
            67.865,
            26.835
          ]
        ]
      },
      "properties": {
        "id": "90_100_0",
        "name": "Corridor 8-9",
        "highway": "residential",
        "length_m": 2099.29,
        "status": "passable",
        "flooded": false,
        "flood_frac": 0.0,
        "is_bridge": false,
        "damage_score": 0.0,
        "failure_mode": ""
      }
    },
    {
      "type": "Feature",
      "id": "91_81_0",
      "geometry": {
        "type": "LineString",
        "coordinates": [
          [
            67.695,
            26.8161111
          ],
          [
            67.695,
            26.835
          ]
        ]
      },
      "properties": {
        "id": "91_81_0",
        "name": "Corridor 8-0",
        "highway": "residential",
        "length_m": 2099.29,
        "status": "passable",
        "flooded": false,
        "flood_frac": 0.0,
        "is_bridge": false,
        "damage_score": 0.0,
        "failure_mode": ""
      }
    },
    {
      "type": "Feature",
      "id": "91_92_0",
      "geometry": {
        "type": "LineString",
        "coordinates": [
          [
            67.695,
            26.835
          ],
          [
            67.7138889,
            26.835
          ]
        ]
      },
      "properties": {
        "id": "91_92_0",
        "name": "Road 9-0",
        "highway": "residential",
        "length_m": 2099.29,
        "status": "passable",
        "flooded": false,
        "flood_frac": 0.0,
        "is_bridge": false,
        "damage_score": 0.0,
        "failure_mode": ""
      }
    },
    {
      "type": "Feature",
      "id": "92_82_0",
      "geometry": {
        "type": "LineString",
        "coordinates": [
          [
            67.7138889,
            26.8161111
          ],
          [
            67.7138889,
            26.835
          ]
        ]
      },
      "properties": {
        "id": "92_82_0",
        "name": "Corridor 8-1",
        "highway": "residential",
        "length_m": 2099.29,
        "status": "passable",
        "flooded": false,
        "flood_frac": 0.0,
        "is_bridge": false,
        "damage_score": 0.0,
        "failure_mode": ""
      }
    },
    {
      "type": "Feature",
      "id": "92_91_0",
      "geometry": {
        "type": "LineString",
        "coordinates": [
          [
            67.695,
            26.835
          ],
          [
            67.7138889,
            26.835
          ]
        ]
      },
      "properties": {
        "id": "92_91_0",
        "name": "Road 9-0",
        "highway": "residential",
        "length_m": 2099.29,
        "status": "passable",
        "flooded": false,
        "flood_frac": 0.0,
        "is_bridge": false,
        "damage_score": 0.0,
        "failure_mode": ""
      }
    },
    {
      "type": "Feature",
      "id": "92_93_0",
      "geometry": {
        "type": "LineString",
        "coordinates": [
          [
            67.7138889,
            26.835
          ],
          [
            67.7327778,
            26.835
          ]
        ]
      },
      "properties": {
        "id": "92_93_0",
        "name": "Road 9-1",
        "highway": "residential",
        "length_m": 2099.29,
        "status": "passable",
        "flooded": false,
        "flood_frac": 0.0,
        "is_bridge": false,
        "damage_score": 0.0,
        "failure_mode": ""
      }
    },
    {
      "type": "Feature",
      "id": "93_83_0",
      "geometry": {
        "type": "LineString",
        "coordinates": [
          [
            67.7327778,
            26.8161111
          ],
          [
            67.7327778,
            26.835
          ]
        ]
      },
      "properties": {
        "id": "93_83_0",
        "name": "Corridor 8-2",
        "highway": "secondary",
        "length_m": 2099.29,
        "status": "passable",
        "flooded": false,
        "flood_frac": 0.0,
        "is_bridge": false,
        "damage_score": 0.0,
        "failure_mode": ""
      }
    },
    {
      "type": "Feature",
      "id": "93_92_0",
      "geometry": {
        "type": "LineString",
        "coordinates": [
          [
            67.7138889,
            26.835
          ],
          [
            67.7327778,
            26.835
          ]
        ]
      },
      "properties": {
        "id": "93_92_0",
        "name": "Road 9-1",
        "highway": "residential",
        "length_m": 2099.29,
        "status": "passable",
        "flooded": false,
        "flood_frac": 0.0,
        "is_bridge": false,
        "damage_score": 0.0,
        "failure_mode": ""
      }
    },
    {
      "type": "Feature",
      "id": "93_94_0",
      "geometry": {
        "type": "LineString",
        "coordinates": [
          [
            67.7327778,
            26.835
          ],
          [
            67.7516667,
            26.835
          ]
        ]
      },
      "properties": {
        "id": "93_94_0",
        "name": "Road 9-2",
        "highway": "residential",
        "length_m": 2099.29,
        "status": "passable",
        "flooded": false,
        "flood_frac": 0.0,
        "is_bridge": false,
        "damage_score": 0.0,
        "failure_mode": ""
      }
    },
    {
      "type": "Feature",
      "id": "94_84_0",
      "geometry": {
        "type": "LineString",
        "coordinates": [
          [
            67.7516667,
            26.8161111
          ],
          [
            67.7516667,
            26.835
          ]
        ]
      },
      "properties": {
        "id": "94_84_0",
        "name": "Corridor 8-3",
        "highway": "residential",
        "length_m": 2099.29,
        "status": "passable",
        "flooded": false,
        "flood_frac": 0.0,
        "is_bridge": false,
        "damage_score": 0.0,
        "failure_mode": ""
      }
    },
    {
      "type": "Feature",
      "id": "94_93_0",
      "geometry": {
        "type": "LineString",
        "coordinates": [
          [
            67.7327778,
            26.835
          ],
          [
            67.7516667,
            26.835
          ]
        ]
      },
      "properties": {
        "id": "94_93_0",
        "name": "Road 9-2",
        "highway": "residential",
        "length_m": 2099.29,
        "status": "passable",
        "flooded": false,
        "flood_frac": 0.0,
        "is_bridge": false,
        "damage_score": 0.0,
        "failure_mode": ""
      }
    },
    {
      "type": "Feature",
      "id": "94_95_0",
      "geometry": {
        "type": "LineString",
        "coordinates": [
          [
            67.7516667,
            26.835
          ],
          [
            67.7705556,
            26.835
          ]
        ]
      },
      "properties": {
        "id": "94_95_0",
        "name": "Road 9-3",
        "highway": "residential",
        "length_m": 2099.29,
        "status": "passable",
        "flooded": false,
        "flood_frac": 0.0,
        "is_bridge": false,
        "damage_score": 0.0,
        "failure_mode": ""
      }
    },
    {
      "type": "Feature",
      "id": "95_85_0",
      "geometry": {
        "type": "LineString",
        "coordinates": [
          [
            67.7705556,
            26.8161111
          ],
          [
            67.7705556,
            26.835
          ]
        ]
      },
      "properties": {
        "id": "95_85_0",
        "name": "Corridor 8-4",
        "highway": "primary",
        "length_m": 2099.29,
        "status": "passable",
        "flooded": false,
        "flood_frac": 0.0,
        "is_bridge": false,
        "damage_score": 0.0,
        "failure_mode": ""
      }
    },
    {
      "type": "Feature",
      "id": "95_94_0",
      "geometry": {
        "type": "LineString",
        "coordinates": [
          [
            67.7516667,
            26.835
          ],
          [
            67.7705556,
            26.835
          ]
        ]
      },
      "properties": {
        "id": "95_94_0",
        "name": "Road 9-3",
        "highway": "residential",
        "length_m": 2099.29,
        "status": "passable",
        "flooded": false,
        "flood_frac": 0.0,
        "is_bridge": false,
        "damage_score": 0.0,
        "failure_mode": ""
      }
    },
    {
      "type": "Feature",
      "id": "95_96_0",
      "geometry": {
        "type": "LineString",
        "coordinates": [
          [
            67.7705556,
            26.835
          ],
          [
            67.7894444,
            26.835
          ]
        ]
      },
      "properties": {
        "id": "95_96_0",
        "name": "Road 9-4",
        "highway": "residential",
        "length_m": 2099.29,
        "status": "passable",
        "flooded": false,
        "flood_frac": 0.0,
        "is_bridge": false,
        "damage_score": 0.0,
        "failure_mode": ""
      }
    },
    {
      "type": "Feature",
      "id": "96_86_0",
      "geometry": {
        "type": "LineString",
        "coordinates": [
          [
            67.7894444,
            26.8161111
          ],
          [
            67.7894444,
            26.835
          ]
        ]
      },
      "properties": {
        "id": "96_86_0",
        "name": "Corridor 8-5",
        "highway": "residential",
        "length_m": 2099.29,
        "status": "passable",
        "flooded": false,
        "flood_frac": 0.102,
        "is_bridge": false,
        "damage_score": 0.0,
        "failure_mode": ""
      }
    },
    {
      "type": "Feature",
      "id": "96_95_0",
      "geometry": {
        "type": "LineString",
        "coordinates": [
          [
            67.7705556,
            26.835
          ],
          [
            67.7894444,
            26.835
          ]
        ]
      },
      "properties": {
        "id": "96_95_0",
        "name": "Road 9-4",
        "highway": "residential",
        "length_m": 2099.29,
        "status": "passable",
        "flooded": false,
        "flood_frac": 0.0,
        "is_bridge": false,
        "damage_score": 0.0,
        "failure_mode": ""
      }
    },
    {
      "type": "Feature",
      "id": "96_97_0",
      "geometry": {
        "type": "LineString",
        "coordinates": [
          [
            67.7894444,
            26.835
          ],
          [
            67.8083333,
            26.835
          ]
        ]
      },
      "properties": {
        "id": "96_97_0",
        "name": "Road 9-5",
        "highway": "residential",
        "length_m": 2099.29,
        "status": "passable",
        "flooded": false,
        "flood_frac": 0.0,
        "is_bridge": false,
        "damage_score": 0.0,
        "failure_mode": ""
      }
    },
    {
      "type": "Feature",
      "id": "97_87_0",
      "geometry": {
        "type": "LineString",
        "coordinates": [
          [
            67.8083333,
            26.8161111
          ],
          [
            67.8083333,
            26.835
          ]
        ]
      },
      "properties": {
        "id": "97_87_0",
        "name": "Corridor 8-6",
        "highway": "residential",
        "length_m": 2099.29,
        "status": "passable",
        "flooded": false,
        "flood_frac": 0.102,
        "is_bridge": false,
        "damage_score": 0.0,
        "failure_mode": ""
      }
    },
    {
      "type": "Feature",
      "id": "97_96_0",
      "geometry": {
        "type": "LineString",
        "coordinates": [
          [
            67.7894444,
            26.835
          ],
          [
            67.8083333,
            26.835
          ]
        ]
      },
      "properties": {
        "id": "97_96_0",
        "name": "Road 9-5",
        "highway": "residential",
        "length_m": 2099.29,
        "status": "passable",
        "flooded": false,
        "flood_frac": 0.0,
        "is_bridge": false,
        "damage_score": 0.0,
        "failure_mode": ""
      }
    },
    {
      "type": "Feature",
      "id": "97_98_0",
      "geometry": {
        "type": "LineString",
        "coordinates": [
          [
            67.8083333,
            26.835
          ],
          [
            67.8272222,
            26.835
          ]
        ]
      },
      "properties": {
        "id": "97_98_0",
        "name": "Road 9-6",
        "highway": "residential",
        "length_m": 2099.29,
        "status": "passable",
        "flooded": false,
        "flood_frac": 0.0,
        "is_bridge": false,
        "damage_score": 0.0,
        "failure_mode": ""
      }
    },
    {
      "type": "Feature",
      "id": "98_88_0",
      "geometry": {
        "type": "LineString",
        "coordinates": [
          [
            67.8272222,
            26.8161111
          ],
          [
            67.8272222,
            26.835
          ]
        ]
      },
      "properties": {
        "id": "98_88_0",
        "name": "Corridor 8-7",
        "highway": "secondary",
        "length_m": 2099.29,
        "status": "passable",
        "flooded": false,
        "flood_frac": 0.102,
        "is_bridge": false,
        "damage_score": 0.0,
        "failure_mode": ""
      }
    },
    {
      "type": "Feature",
      "id": "98_97_0",
      "geometry": {
        "type": "LineString",
        "coordinates": [
          [
            67.8083333,
            26.835
          ],
          [
            67.8272222,
            26.835
          ]
        ]
      },
      "properties": {
        "id": "98_97_0",
        "name": "Road 9-6",
        "highway": "residential",
        "length_m": 2099.29,
        "status": "passable",
        "flooded": false,
        "flood_frac": 0.0,
        "is_bridge": false,
        "damage_score": 0.0,
        "failure_mode": ""
      }
    },
    {
      "type": "Feature",
      "id": "98_99_0",
      "geometry": {
        "type": "LineString",
        "coordinates": [
          [
            67.8272222,
            26.835
          ],
          [
            67.8461111,
            26.835
          ]
        ]
      },
      "properties": {
        "id": "98_99_0",
        "name": "Road 9-7",
        "highway": "residential",
        "length_m": 2099.29,
        "status": "passable",
        "flooded": false,
        "flood_frac": 0.0,
        "is_bridge": false,
        "damage_score": 0.0,
        "failure_mode": ""
      }
    },
    {
      "type": "Feature",
      "id": "99_89_0",
      "geometry": {
        "type": "LineString",
        "coordinates": [
          [
            67.8461111,
            26.8161111
          ],
          [
            67.8461111,
            26.835
          ]
        ]
      },
      "properties": {
        "id": "99_89_0",
        "name": "Corridor 8-8",
        "highway": "residential",
        "length_m": 2099.29,
        "status": "passable",
        "flooded": false,
        "flood_frac": 0.0,
        "is_bridge": false,
        "damage_score": 0.0,
        "failure_mode": ""
      }
    },
    {
      "type": "Feature",
      "id": "99_98_0",
      "geometry": {
        "type": "LineString",
        "coordinates": [
          [
            67.8272222,
            26.835
          ],
          [
            67.8461111,
            26.835
          ]
        ]
      },
      "properties": {
        "id": "99_98_0",
        "name": "Road 9-7",
        "highway": "residential",
        "length_m": 2099.29,
        "status": "passable",
        "flooded": false,
        "flood_frac": 0.0,
        "is_bridge": false,
        "damage_score": 0.0,
        "failure_mode": ""
      }
    },
    {
      "type": "Feature",
      "id": "99_100_0",
      "geometry": {
        "type": "LineString",
        "coordinates": [
          [
            67.8461111,
            26.835
          ],
          [
            67.865,
            26.835
          ]
        ]
      },
      "properties": {
        "id": "99_100_0",
        "name": "Road 9-8",
        "highway": "residential",
        "length_m": 2099.29,
        "status": "passable",
        "flooded": false,
        "flood_frac": 0.0,
        "is_bridge": false,
        "damage_score": 0.0,
        "failure_mode": ""
      }
    },
    {
      "type": "Feature",
      "id": "100_90_0",
      "geometry": {
        "type": "LineString",
        "coordinates": [
          [
            67.865,
            26.8161111
          ],
          [
            67.865,
            26.835
          ]
        ]
      },
      "properties": {
        "id": "100_90_0",
        "name": "Corridor 8-9",
        "highway": "residential",
        "length_m": 2099.29,
        "status": "passable",
        "flooded": false,
        "flood_frac": 0.0,
        "is_bridge": false,
        "damage_score": 0.0,
        "failure_mode": ""
      }
    },
    {
      "type": "Feature",
      "id": "100_99_0",
      "geometry": {
        "type": "LineString",
        "coordinates": [
          [
            67.8461111,
            26.835
          ],
          [
            67.865,
            26.835
          ]
        ]
      },
      "properties": {
        "id": "100_99_0",
        "name": "Road 9-8",
        "highway": "residential",
        "length_m": 2099.29,
        "status": "passable",
        "flooded": false,
        "flood_frac": 0.0,
        "is_bridge": false,
        "damage_score": 0.0,
        "failure_mode": ""
      }
    }
  ]
}