{"type": "FeatureCollection", "features": [{"type": "Feature", "geometry": {"type": "Polygon", "coordinates": [[[67.98442798717332, 26.665236879855907], [67.98393358807677, 26.66433052828602], [67.98262096198764, 26.66504338913482], [67.98362175292826, 26.665501959973447], [67.98442798717332, 26.665236879855907]], [[67.98382591128798, 26.665142293494824], [67.98392639048544, 26.665143012068576], [67.98392559073422, 26.665233288038564], [67.98382591128798, 26.665142293494824]]]}, "properties": {"name": "Sentinel-1 Flood Inundation Extent", "source": "Sentinel-1 RTC C-Band"}}, {"type": "Feature", "geometry": {"type": "Polygon", "coordinates": [[[68.00473604031987, 26.67567272689976], [68.00474466113049, 26.67467968626613], [68.00303322211546, 26.675028812662546], [68.00382457871851, 26.676478874762335], [68.00473604031987, 26.67567272689976]], [[68.0036337991566, 26.675303872170392], [68.00423437914506, 26.675578929208648], [68.00413153755505, 26.675849053933415], [68.0036337991566, 26.675303872170392]]]}, "properties": {"name": "Sentinel-1 Flood Inundation Extent", "source": "Sentinel-1 RTC C-Band"}}, {"type": "Feature", "geometry": {"type": "Polygon", "coordinates": [[[68.00462873214357, 26.69959664054828], [68.00312265348178, 26.699405509326343], [68.00321530581817, 26.70030897574745], [68.00452351377666, 26.70013759238251], [68.00462873214357, 26.69959664054828]]]}, "properties": {"name": "Sentinel-1 Flood Inundation Extent", "source": "Sentinel-1 RTC C-Band"}}, {"type": "Feature", "geometry": {"type": "Polygon", "coordinates": [[[67.98751254580618, 26.702816004699944], [67.98721579954433, 26.702272200048252], [67.98802308575054, 26.70191683237034], [67.98810285534061, 26.704264714628795], [67.9892148809899, 26.703550387411397], [67.98980282625622, 26.705269917708684], [67.9909132605203, 26.704736128574584], [67.99090371283353, 26.705819436442486], [67.99161049892969, 26.705463334280942], [67.99081592914627, 26.70437431131447], [67.99122196121472, 26.703925790894328], [67.98881601775497, 26.703186421360634], [67.98922603744619, 26.702286528471298], [67.98842273960041, 26.702190524892096], [67.98822969229118, 26.70128633593959], [67.98651141762988, 26.702357453947506], [67.9865074225537, 26.70280883178278], [67.98751254580618, 26.702816004699944]], [[67.98711369062752, 26.702452034053675], [67.98711289209129, 26.702542309638723], [67.98691266661069, 26.702450599492668], [67.98711369062752, 26.702452034053675]]]}, "properties": {"name": "Sentinel-1 Flood Inundation Extent", "source": "Sentinel-1 RTC C-Band"}}, {"type": "Feature", "geometry": {"type": "Polygon", "coordinates": [[[67.9911901443495, 26.70753681722164], [67.99129861493954, 26.706634775200566], [67.98968956574949, 26.706713612102302], [67.98979884364941, 26.70572129581868], [67.98839083686104, 26.70580154897801], [67.98757314578678, 26.707330499885288], [67.98837249006479, 26.70787788697941], [67.98958745644993, 26.706893447774632], [67.9911901443495, 26.70753681722164]], [[67.98899073817748, 26.70616694839816], [67.98898914380341, 26.70634749957752], [67.98889022284794, 26.7061662323903], [67.98899073817748, 26.70616694839816]]]}, "properties": {"name": "Sentinel-1 Flood Inundation Extent", "source": "Sentinel-1 RTC C-Band"}}, {"type": "Feature", "geometry": {"type": "Polygon", "coordinates": [[[68.00533556869549, 26.710796507278634], [68.00521151112815, 26.713504081663697], [68.00631176986576, 26.71414376048184], [68.00712065185776, 26.713607733446413], [68.00601647344583, 26.713419440735375], [68.00652300261848, 26.712971580375413], [68.00581856563598, 26.713056928540222], [68.00582875927907, 26.7118833408417], [68.00632587763921, 26.712518792851768], [68.00723526881882, 26.71198346852427], [68.00664154428235, 26.710895935928722], [68.00533556869549, 26.710796507278634]]]}, "properties": {"name": "Sentinel-1 Flood Inundation Extent", "source": "Sentinel-1 RTC C-Band"}}, {"type": "Feature", "geometry": {"type": "Polygon", "coordinates": [[[68.00280605638868, 26.71267466623311], [68.00290107273409, 26.713307303775082], [68.00390393620357, 26.713585190916053], [68.00471439499904, 26.712868625889417], [68.00280605638868, 26.71267466623311]]]}, "properties": {"name": "Sentinel-1 Flood Inundation Extent", "source": "Sentinel-1 RTC C-Band"}}, {"type": "Feature", "geometry": {"type": "Polygon", "coordinates": [[[67.99797470735709, 26.71336288554332], [67.9970700101589, 26.713356494576374], [67.9969402135526, 26.716695985001067], [67.99835546293126, 26.71580316922021], [67.99797470735709, 26.71336288554332]], [[67.99765495715603, 26.715437097589383], [67.99765337580776, 26.71561764901471], [67.99755443341846, 26.715436387489326], [67.99765495715603, 26.715437097589383]], [[67.99775943380654, 26.714986429020588], [67.99775785265402, 26.715166980463167], [67.99755838712028, 26.714985008919385], [67.99775943380654, 26.714986429020588]]]}, "properties": {"name": "Sentinel-1 Flood Inundation Extent", "source": "Sentinel-1 RTC C-Band"}}, {"type": "Feature", "geometry": {"type": "Polygon", "coordinates": [[[68.0052837866655, 26.716754719720203], [68.0042722514954, 26.71746987623477], [68.0043586386862, 26.71909554715619], [68.00567176776208, 26.718382504264955], [68.0052837866655, 26.716754719720203]], [[68.00456519036463, 26.71846502679102], [68.00456361971075, 26.718645578520615], [68.00446466375516, 26.718464321511956], [68.00456519036463, 26.71846502679102]]]}, "properties": {"name": "Sentinel-1 Flood Inundation Extent", "source": "Sentinel-1 RTC C-Band"}}, {"type": "Feature", "geometry": {"type": "Polygon", "coordinates": [[[67.99981913804018, 26.720869246161563], [67.99772148203668, 26.719319662350372], [67.99740882638635, 26.720581390789], [67.99861595574927, 26.72049963436695], [67.99860805470274, 26.721402391068597], [67.99981913804018, 26.720869246161563]]]}, "properties": {"name": "Sentinel-1 Flood Inundation Extent", "source": "Sentinel-1 RTC C-Band"}}, {"type": "Feature", "geometry": {"type": "Polygon", "coordinates": [[[67.98723391644698, 26.722946715047566], [67.98602995684683, 26.72266727244633], [67.98572276528135, 26.723297043690703], [67.98672247118435, 26.72393615438305], [67.98723391644698, 26.722946715047566]], [[67.98672886776991, 26.723213951934536], [67.98682939800418, 26.72321466989548], [67.98682779903896, 26.723395220520246], [67.98672886776991, 26.723213951934536]]]}, "properties": {"name": "Sentinel-1 Flood Inundation Extent", "source": "Sentinel-1 RTC C-Band"}}, {"type": "Feature", "geometry": {"type": "Polygon", "coordinates": [[[68.00421804178396, 26.723698908518305], [68.00421254126414, 26.72433083901838], [68.00491076681708, 26.72496770730469], [68.00592001270137, 26.72452337619767], [68.00421804178396, 26.723698908518305]]]}, "properties": {"name": "Sentinel-1 Flood Inundation Extent", "source": "Sentinel-1 RTC C-Band"}}, {"type": "Feature", "geometry": {"type": "Polygon", "coordinates": [[[68.00157980712552, 26.726479085106785], [68.00186722836538, 26.72810616968026], [68.00327943868203, 26.727574411895265], [68.00347578883496, 26.72811747880577], [68.0039855390658, 26.727308527578096], [68.00268174107441, 26.7269382424391], [68.00379469116386, 26.72613353108185], [68.00330460953803, 26.724685588426336], [68.00270063036994, 26.724771625150495], [68.00248303483978, 26.726666001620092], [68.00157980712552, 26.726479085106785]]]}, "properties": {"name": "Sentinel-1 Flood Inundation Extent", "source": "Sentinel-1 RTC C-Band"}}, {"type": "Feature", "geometry": {"type": "Polygon", "coordinates": [[[68.00919690904213, 26.729240929733788], [68.00990378857145, 26.728884740043664], [68.00971365909358, 26.727619474118697], [68.00850802413791, 26.727520771315657], [68.00820015790384, 26.72824086975321], [68.00919690904213, 26.729240929733788]]]}, "properties": {"name": "Sentinel-1 Flood Inundation Extent", "source": "Sentinel-1 RTC C-Band"}}, {"type": "Feature", "geometry": {"type": "Polygon", "coordinates": [[[68.00868640347944, 26.730140176089], [68.00928336946248, 26.730866597187497], [68.00999104041031, 26.73042013155542], [68.00949695412051, 26.729423587809727], [68.00869188066989, 26.729508245247022], [68.00868640347944, 26.730140176089]]]}, "properties": {"name": "Sentinel-1 Flood Inundation Extent", "source": "Sentinel-1 RTC C-Band"}}, {"type": "Feature", "geometry": {"type": "Polygon", "coordinates": [[[68.00762799604927, 26.74782788518559], [68.00680474598872, 26.749988865578466], [68.00780637088961, 26.750447283996184], [68.00843319957708, 26.74774323759808], [68.00762799604927, 26.74782788518559]]]}, "properties": {"name": "Sentinel-1 Flood Inundation Extent", "source": "Sentinel-1 RTC C-Band"}}, {"type": "Feature", "geometry": {"type": "Polygon", "coordinates": [[[67.9803919528887, 26.757384938624796], [67.97948529933828, 26.757558975031504], [67.97917716490512, 26.758279000007626], [67.98189472257283, 26.758027703833495], [67.9803919528887, 26.757384938624796]]]}, "properties": {"name": "Sentinel-1 Flood Inundation Extent", "source": "Sentinel-1 RTC C-Band"}}, {"type": "Feature", "geometry": {"type": "Polygon", "coordinates": [[[68.00662020663563, 26.759647635427456], [68.00662884255378, 26.758654605976872], [68.00491850241949, 26.7587328901463], [68.00500019127689, 26.760900204526575], [68.00662020663563, 26.759647635427456]]]}, "properties": {"name": "Sentinel-1 Flood Inundation Extent", "source": "Sentinel-1 RTC C-Band"}}, {"type": "Feature", "geometry": {"type": "Polygon", "coordinates": [[[67.99958160415714, 26.75950785029184], [67.99896873500155, 26.76058689252823], [67.99986194904777, 26.761947409668497], [68.00006940126424, 26.7612266272597], [68.00147414180049, 26.761597653845357], [68.00148361237997, 26.760514350979882], [67.99958160415714, 26.75950785029184]], [[67.99967742315076, 26.760050211266762], [68.00047718763307, 26.76059753809583], [67.99987380648004, 26.7605932817946], [67.99967742315076, 26.760050211266762]]]}, "properties": {"name": "Sentinel-1 Flood Inundation Extent", "source": "Sentinel-1 RTC C-Band"}}, {"type": "Feature", "geometry": {"type": "Polygon", "coordinates": [[[68.00759224136849, 26.775092464912248], [68.00548092178717, 26.77498738005729], [68.00587536499415, 26.775892955131273], [68.00758988676878, 26.77536329059115], [68.00759224136849, 26.775092464912248]]]}, "properties": {"name": "Sentinel-1 Flood Inundation Extent", "source": "Sentinel-1 RTC C-Band"}}, {"type": "Feature", "geometry": {"type": "Polygon", "coordinates": [[[68.00949066184204, 26.776550241362585], [68.00686778371077, 26.77743468688123], [68.00897523119353, 26.77799112847707], [68.00957400555974, 26.778537000017472], [68.00949066184204, 26.776550241362585]]]}, "properties": {"name": "Sentinel-1 Flood Inundation Extent", "source": "Sentinel-1 RTC C-Band"}}, {"type": "Feature", "geometry": {"type": "Polygon", "coordinates": [[[68.00249951204496, 26.782369430486344], [68.00231176399865, 26.78083333881482], [68.001502373497, 26.7813693195413], [68.00169169082648, 26.78272486195804], [68.00249951204496, 26.782369430486344]]]}, "properties": {"name": "Sentinel-1 Flood Inundation Extent", "source": "Sentinel-1 RTC C-Band"}}, {"type": "Feature", "geometry": {"type": "Polygon", "coordinates": [[[68.0103230563225, 26.784952163468926], [68.0114302769207, 26.784869614454564], [68.0112400584911, 26.783604357383535], [68.00953718117998, 26.782779934929525], [68.01073009376258, 26.784413322843648], [68.0103230563225, 26.784952163468926]]]}, "properties": {"name": "Sentinel-1 Flood Inundation Extent", "source": "Sentinel-1 RTC C-Band"}}, {"type": "Feature", "geometry": {"type": "Polygon", "coordinates": [[[67.9950765562343, 26.814276168863138], [67.99376303744387, 26.81489879706458], [67.99405451063811, 26.81607450896442], [67.99517079857708, 26.81499907819857], [67.9950765562343, 26.814276168863138]], [[67.99426210959084, 26.815353744264335], [67.99426051600136, 26.815534292955913], [67.99416149797393, 26.81535302930333], [67.99426210959084, 26.815353744264335]]]}, "properties": {"name": "Sentinel-1 Flood Inundation Extent", "source": "Sentinel-1 RTC C-Band"}}, {"type": "Feature", "geometry": {"type": "Polygon", "coordinates": [[[68.01145891901044, 26.816377699320828], [68.00974692855904, 26.816546292151266], [68.00943724090904, 26.817446927430726], [68.01034198233127, 26.81754353700592], [68.01145891901044, 26.816377699320828]]]}, "properties": {"name": "Sentinel-1 Flood Inundation Extent", "source": "Sentinel-1 RTC C-Band"}}, {"type": "Feature", "geometry": {"type": "Polygon", "coordinates": [[[68.00714820520746, 26.826097781651647], [68.00645330459253, 26.825009543071026], [68.00796104028174, 26.825200681643423], [68.00948840756574, 26.823134937962767], [68.00565700942404, 26.824010868832982], [68.00504067472212, 26.825451017732473], [68.00595256560122, 26.82473518605913], [68.00634008292097, 26.82645322931264], [68.00714820520746, 26.826097781651647]], [[68.00575526508378, 26.82428239949044], [68.00625836441658, 26.82428593346232], [68.00625678922415, 26.824466482588498], [68.00575526508378, 26.82428239949044]]]}, "properties": {"name": "Sentinel-1 Flood Inundation Extent", "source": "Sentinel-1 RTC C-Band"}}, {"type": "Feature", "geometry": {"type": "Polygon", "coordinates": [[[68.00452454889964, 26.838447703664464], [68.00534143947344, 26.83709925141537], [68.0036228088181, 26.83798995546013], [68.00381617254645, 26.838894116129502], [68.00452454889964, 26.838447703664464]]]}, "properties": {"name": "Sentinel-1 Flood Inundation Extent", "source": "Sentinel-1 RTC C-Band"}}, {"type": "Feature", "geometry": {"type": "Polygon", "coordinates": [[[68.0090844772846, 26.846424352973063], [68.01029843295453, 26.845710614352114], [68.01079534979623, 26.846436330048068], [68.01141879301113, 26.84418369138754], [68.00930697554797, 26.84398835483998], [68.00829273529524, 26.844884045640725], [68.00830296184057, 26.84371047889809], [68.00609683013899, 26.842792194478363], [68.00570690352815, 26.841344976033085], [68.00438680455301, 26.842689887798404], [68.00208563127838, 26.84113891398634], [68.00227423902085, 26.84258472151927], [68.0036831423287, 26.84259465302702], [68.00267124525718, 26.843219480121434], [68.0041760537596, 26.843771762052388], [68.00306588345224, 26.844125060350787], [68.0033575177834, 26.845300753046846], [68.00204367780249, 26.845923446762924], [68.0017306740636, 26.847185154200844], [68.00475382281601, 26.846755062619707], [68.00486156760803, 26.845943302617563], [68.00515953850085, 26.84639679797593], [68.00485525197665, 26.846665496576186], [68.00616277881366, 26.84676497084906], [68.00698286431813, 26.84505541454327], [68.00648913033277, 26.84396858887728], [68.00748526830243, 26.845149221003243], [68.00909391028773, 26.84534106057809], [68.0090844772846, 26.846424352973063]], [[68.00284562470783, 26.846290222359343], [68.00284404260032, 26.846470770736254], [68.00264355506664, 26.84637907724317], [68.00284562470783, 26.846290222359343]], [[68.00386070962634, 26.845304298101635], [68.00435837278634, 26.845939761045642], [68.00325134450534, 26.84593196328752], [68.00386070962634, 26.845304298101635]], [[68.0061801234864, 26.844778936519887], [68.0058726893091, 26.845408734708545], [68.00486551475707, 26.845491931355262], [68.0061801234864, 26.844778936519887]], [[68.00939661183595, 26.845252901202063], [68.00939582601576, 26.845343175584176], [68.00919533483983, 26.84525149127509], [68.00939661183595, 26.845252901202063]], [[68.00427274160339, 26.844223841878016], [68.00447085770024, 26.844586355793723], [68.00366180397351, 26.845032057615285], [68.00356907005252, 26.84412860629991], [68.00427274160339, 26.844223841878016]], [[68.0105106998937, 26.84444818091851], [68.01050913007171, 26.84462872976303], [68.01041006207141, 26.84444747680295], [68.0105106998937, 26.84444818091851]], [[68.00759377898164, 26.844247183813795], [68.00759220454611, 26.844427732503785], [68.00749314142608, 26.84424647762777], [68.00759377898164, 26.844247183813795]], [[68.00507941961379, 26.844048959130546], [68.00507863041035, 26.84413923340965], [68.00487814501076, 26.844047543118688], [68.00507941961379, 26.844048959130546]], [[68.00498825341995, 26.84296495975266], [68.00528542841687, 26.843508729123712], [68.00427669079389, 26.843772470586924], [68.00498825341995, 26.84296495975266]]]}, "properties": {"name": "Sentinel-1 Flood Inundation Extent", "source": "Sentinel-1 RTC C-Band"}}, {"type": "Feature", "geometry": {"type": "Polygon", "coordinates": [[[68.0003367826621, 26.84545999339903], [68.00103411937633, 26.846277438353063], [68.0013463357458, 26.84510600660626], [67.99984390469561, 26.844282872165945], [67.99902451339064, 26.84590211035004], [68.0003367826621, 26.84545999339903]]]}, "properties": {"name": "Sentinel-1 Flood Inundation Extent", "source": "Sentinel-1 RTC C-Band"}}, {"type": "Feature", "geometry": {"type": "Polygon", "coordinates": [[[68.02506475566115, 26.684119667034576], [68.0250685956445, 26.68366828271711], [68.02376598396401, 26.683207923987812], [68.02355422292216, 26.684470417777394], [68.02506475566115, 26.684119667034576]]]}, "properties": {"name": "Sentinel-1 Flood Inundation Extent", "source": "Sentinel-1 RTC C-Band"}}, {"type": "Feature", "geometry": {"type": "Polygon", "coordinates": [[[68.0222408253814, 26.685273920015327], [68.02355114606418, 26.68483152502967], [68.02345987974712, 26.683747512223622], [68.02165556348507, 26.683193401529238], [68.02295277823237, 26.684285717021744], [68.0222408253814, 26.685273920015327]]]}, "properties": {"name": "Sentinel-1 Flood Inundation Extent", "source": "Sentinel-1 RTC C-Band"}}, {"type": "Feature", "geometry": {"type": "Polygon", "coordinates": [[[68.01804381404692, 26.69418287469461], [68.01683542136331, 26.694445357759392], [68.01693127866142, 26.694987712732953], [68.01802833583403, 26.695988405318623], [68.0189421801277, 26.694911340320328], [68.0182378618735, 26.694996753663254], [68.01804381404692, 26.69418287469461]]]}, "properties": {"name": "Sentinel-1 Flood Inundation Extent", "source": "Sentinel-1 RTC C-Band"}}, {"type": "Feature", "geometry": {"type": "Polygon", "coordinates": [[[68.01254575260089, 26.714006713256197], [68.01225197476545, 26.71310185310035], [68.01385877377184, 26.71329359105935], [68.01396474020319, 26.71266235620845], [68.01255587769238, 26.712833123321445], [68.013670954135, 26.71175749860727], [68.01175170254156, 26.712827525469795], [68.01143610170521, 26.71445039518583], [68.01254575260089, 26.714006713256197]]]}, "properties": {"name": "Sentinel-1 Flood Inundation Extent", "source": "Sentinel-1 RTC C-Band"}}, {"type": "Feature", "geometry": {"type": "Polygon", "coordinates": [[[68.0232462500372, 26.720581050441986], [68.02123721450724, 26.72038664240736], [68.02071602629995, 26.722549804566427], [68.02122485826648, 26.72183106299462], [68.02252943573143, 26.72211090169863], [68.02233531776844, 26.721297029567022], [68.0232462500372, 26.720581050441986]], [[68.02173522747785, 26.720931766748215], [68.02173445561469, 26.721022043050212], [68.0215341688862, 26.720930380327612], [68.02173522747785, 26.720931766748215]]]}, "properties": {"name": "Sentinel-1 Flood Inundation Extent", "source": "Sentinel-1 RTC C-Band"}}, {"type": "Feature", "geometry": {"type": "Polygon", "coordinates": [[[68.02835636924358, 26.722602335305012], [68.02836710259577, 26.721338464755664], [68.02725666924769, 26.72187254615206], [68.02754751760247, 26.72313848373052], [68.02835636924358, 26.722602335305012]], [[68.0275559582264, 26.722145442917828], [68.02775701931434, 26.722146820863692], [68.02775625216155, 26.722237097312444], [68.0275559582264, 26.722145442917828]]]}, "properties": {"name": "Sentinel-1 Flood Inundation Extent", "source": "Sentinel-1 RTC C-Band"}}, {"type": "Feature", "geometry": {"type": "Polygon", "coordinates": [[[68.01468730132143, 26.722146938017207], [68.01458132828543, 26.72277817244422], [68.0153762505851, 26.723867069379462], [68.0164914123525, 26.722791426377473], [68.01468730132143, 26.722146938017207]]]}, "properties": {"name": "Sentinel-1 Flood Inundation Extent", "source": "Sentinel-1 RTC C-Band"}}, {"type": "Feature", "geometry": {"type": "Polygon", "coordinates": [[[68.02601110840855, 26.726468365267632], [68.02882990223414, 26.72603628198677], [68.02875849313533, 26.722605088686976], [68.02783837194275, 26.724404420664957], [68.0269351150304, 26.72421766490119], [68.02784834474335, 26.723230827069898], [68.02643475814163, 26.723943387176707], [68.02752296057479, 26.726027328926573], [68.02681922301105, 26.726022503062488], [68.02632270064842, 26.72529684295186], [68.02601110840855, 26.726468365267632]], [[68.02813076621112, 26.725489804123953], [68.02802869861615, 26.725669668197863], [68.02782916573894, 26.725487737654234], [68.02813076621112, 26.725489804123953]]]}, "properties": {"name": "Sentinel-1 Flood Inundation Extent", "source": "Sentinel-1 RTC C-Band"}}, {"type": "Feature", "geometry": {"type": "Polygon", "coordinates": [[[68.02169199754486, 26.725987237859005], [68.02198896775475, 26.726530974860868], [68.02350391735159, 26.725728876691548], [68.02400042327992, 26.72645454618941], [68.02530813767476, 26.726373255501777], [68.0259244110668, 26.724842700595964], [68.02470570231026, 26.726278833480393], [68.02420611226381, 26.725914271565127], [68.02613469887511, 26.723760764444172], [68.02462595084982, 26.723840681432733], [68.02391067344072, 26.725189986302677], [68.02169199754486, 26.725987237859005]]]}, "properties": {"name": "Sentinel-1 Flood Inundation Extent", "source": "Sentinel-1 RTC C-Band"}}, {"type": "Feature", "geometry": {"type": "Polygon", "coordinates": [[[68.01547212082049, 26.724409423611235], [68.01406000261024, 26.724941305672118], [68.01425562245518, 26.72557463518974], [68.01635828046369, 26.726582326044632], [68.01756856661733, 26.72613930532755], [68.01636216188687, 26.72613094560502], [68.01547212082049, 26.724409423611235]]]}, "properties": {"name": "Sentinel-1 Flood Inundation Extent", "source": "Sentinel-1 RTC C-Band"}}, {"type": "Feature", "geometry": {"type": "Polygon", "coordinates": [[[68.0265851201407, 26.729903006407447], [68.02759279621249, 26.729639072969544], [68.0272121460457, 26.727108577669313], [68.02288760674855, 26.727259419878926], [68.02277935924198, 26.728161489815687], [68.02449154608375, 26.727812148102412], [68.02499191469259, 26.72808643286813], [68.02448461668686, 26.728624634659653], [68.02629503634743, 26.728546791539312], [68.0265851201407, 26.729903006407447]], [[68.02570027835928, 26.727549610209767], [68.02590134883361, 26.727550991042733], [68.02589981123559, 26.72773154370176], [68.02570027835928, 26.727549610209767]]]}, "properties": {"name": "Sentinel-1 Flood Inundation Extent", "source": "Sentinel-1 RTC C-Band"}}, {"type": "Feature", "geometry": {"type": "Polygon", "coordinates": [[[68.01976715861856, 26.72768929979495], [68.01865972284737, 26.727862206100284], [68.01694053672769, 26.729023961578886], [68.01784071198463, 26.729571885813808], [68.0182490582526, 26.72885246084539], [68.01814232232428, 26.72957397381082], [68.01964573166892, 26.73012606097499], [68.02065883508186, 26.729230244192536], [68.02225584428852, 26.73059548371982], [68.0242796938253, 26.72907463312028], [68.02348002618989, 26.72852744109748], [68.02237181526957, 26.728790652524115], [68.02238184605226, 26.727617061568242], [68.0204724511176, 26.727513608551156], [68.02016311265392, 26.728414287363286], [68.01935573017556, 26.728769834189137], [68.01935882615395, 26.7284087296259], [68.01986150518913, 26.728412203745975], [68.01976715861856, 26.72768929979495]], [[68.0221676556754, 26.729150371477637], [68.02236641382461, 26.72942258603386], [68.02186372997207, 26.72941912066849], [68.0221676556754, 26.729150371477637]], [[68.0186519774584, 26.72876496735341], [68.01865120289946, 26.72885524347229], [68.01835114399901, 26.728672604386325], [68.0186519774584, 26.72876496735341]], [[68.02347771395696, 26.728798269851307], [68.02347694320538, 26.728888546100244], [68.0233771776945, 26.72879757772316], [68.02347771395696, 26.728798269851307]], [[68.01885459843476, 26.728585805981925], [68.01885304964509, 26.728766358234044], [68.01875406249825, 26.72858511058265], [68.01885459843476, 26.728585805981925]], [[68.02156984234527, 26.728514278636727], [68.02156829784613, 26.728694831037636], [68.02146930638978, 26.72851358516334], [68.02156984234527, 26.728514278636727]]]}, "properties": {"name": "Sentinel-1 Flood Inundation Extent", "source": "Sentinel-1 RTC C-Band"}}, {"type": "Feature", "geometry": {"type": "Polygon", "coordinates": [[[68.01231353366737, 26.72926266443702], [68.01321991854992, 26.729088409757612], [68.0103043700164, 26.729068098108755], [68.01029187106016, 26.730512512173036], [68.01169627418788, 26.730883429511486], [68.0110953895743, 26.730608397611288], [68.0113058293742, 26.729526488456607], [68.01250837088658, 26.729986271857783], [68.01231353366737, 26.72926266443702]], [[68.01110631737966, 26.729344535031128], [68.01130739012787, 26.729345936634445], [68.0113058293742, 26.729526488456607], [68.01110631737966, 26.729344535031128]], [[68.01079611959506, 26.7303354669053], [68.01079533878303, 26.73042574279041], [68.01069558236493, 26.73033476575298], [68.01079611959506, 26.7303354669053]]]}, "properties": {"name": "Sentinel-1 Flood Inundation Extent", "source": "Sentinel-1 RTC C-Band"}}, {"type": "Feature", "geometry": {"type": "Polygon", "coordinates": [[[68.0175197139747, 26.731826698786048], [68.01681439061214, 26.73200237438714], [68.01680352462466, 26.733266238670154], [68.01781202617924, 26.732912100239165], [68.0175197139747, 26.731826698786048]]]}, "properties": {"name": "Sentinel-1 Flood Inundation Extent", "source": "Sentinel-1 RTC C-Band"}}, {"type": "Feature", "geometry": {"type": "Polygon", "coordinates": [[[68.02454665480141, 26.733139138615435], [68.02485443354313, 26.732419002723688], [68.02314372049531, 26.732587794360708], [68.02333477660703, 26.733762769528855], [68.02454665480141, 26.733139138615435]]]}, "properties": {"name": "Sentinel-1 Flood Inundation Extent", "source": "Sentinel-1 RTC C-Band"}}, {"type": "Feature", "geometry": {"type": "Polygon", "coordinates": [[[68.0263586832569, 26.732880744148424], [68.02736177935635, 26.73315847096851], [68.02775165957851, 26.734605648973453], [68.02703404234035, 26.73622579551753], [68.02955451169036, 26.7354305300685], [68.0280563533861, 26.734246611054242], [68.02797192673812, 26.73235011946885], [68.02706323097462, 26.732795297145245], [68.02666952332098, 26.73179949878917], [68.02545305462304, 26.732964806180295], [68.02625429981643, 26.733331435312344], [68.0260478369921, 26.73396198850404], [68.02655361539814, 26.73360433450909], [68.0263586832569, 26.732880744148424]]]}, "properties": {"name": "Sentinel-1 Flood Inundation Extent", "source": "Sentinel-1 RTC C-Band"}}, {"type": "Feature", "geometry": {"type": "Polygon", "coordinates": [[[68.02565105788823, 26.7333272926329], [68.02474542533878, 26.733411350030327], [68.02433171021973, 26.734762727324636], [68.02604399247845, 26.734413369754552], [68.02565105788823, 26.7333272926329]]]}, "properties": {"name": "Sentinel-1 Flood Inundation Extent", "source": "Sentinel-1 RTC C-Band"}}, {"type": "Feature", "geometry": {"type": "Polygon", "coordinates": [[[68.0195142355249, 26.733736410217443], [68.01840906531768, 26.73363848463968], [68.01920487108575, 26.734637085493187], [68.01898984738439, 26.73626066361688], [68.01969519426407, 26.736084977928403], [68.01980502336306, 26.73500236006909], [68.02151036863081, 26.735465542693863], [68.02071762921982, 26.734105849763765], [68.0217284439684, 26.733480854987707], [68.020320879737, 26.733471139786527], [68.02092953182749, 26.732843372278175], [68.01993264494487, 26.731843391569985], [68.0195142355249, 26.733736410217443]], [[68.01929534694425, 26.7358113694308], [68.01939588924937, 26.73581206461985], [68.01939434082855, 26.735992616717358], [68.01929534694425, 26.7358113694308]], [[68.01940982438074, 26.734187095531635], [68.0203201063372, 26.73356141589071], [68.0206170883749, 26.73410515555249], [68.01940982438074, 26.734187095531635]]]}, "properties": {"name": "Sentinel-1 Flood Inundation Extent", "source": "Sentinel-1 RTC C-Band"}}, {"type": "Feature", "geometry": {"type": "Polygon", "coordinates": [[[68.02395764137553, 26.743246608667693], [68.02417800559773, 26.740991090255488], [68.02236584397964, 26.741249452926976], [68.02275336925523, 26.742967470223707], [68.02346106640242, 26.742520938732103], [68.02395764137553, 26.743246608667693]], [[68.02276340229362, 26.74179388147982], [68.02276263054323, 26.741884157544064], [68.02266285462693, 26.741793188534782], [68.02276340229362, 26.74179388147982]], [[68.02336823090748, 26.7416174854889], [68.0233674596406, 26.741707761571707], [68.02296681239106, 26.741524438940093], [68.02336823090748, 26.7416174854889]]]}, "properties": {"name": "Sentinel-1 Flood Inundation Extent", "source": "Sentinel-1 RTC C-Band"}}, {"type": "Feature", "geometry": {"type": "Polygon", "coordinates": [[[68.0125418130533, 26.74939697205766], [68.01073027776711, 26.74956490566976], [68.0122268850321, 26.75092955715006], [68.0125418130533, 26.74939697205766]]]}, "properties": {"name": "Sentinel-1 Flood Inundation Extent", "source": "Sentinel-1 RTC C-Band"}}, {"type": "Feature", "geometry": {"type": "Polygon", "coordinates": [[[68.01292219456458, 26.751927492033477], [68.01200938218416, 26.75282394434799], [68.00951032587851, 26.75109116612881], [68.00929825699735, 26.75235361894133], [68.00999589535381, 26.753080740808585], [68.00948371775064, 26.754160535386394], [68.01079644523043, 26.753537734370056], [68.00987812681291, 26.75506610082816], [68.01068650721992, 26.7546203396231], [68.01037544771006, 26.75570154065538], [68.01248797898069, 26.75562599192781], [68.01188774508039, 26.755260685089446], [68.01259868146536, 26.754453109357595], [68.01230793181008, 26.753187148981695], [68.0132184059799, 26.752561521817018], [68.01350916443322, 26.75382748066937], [68.01442353107778, 26.7527504673222], [68.01461763814018, 26.753564346647256], [68.0148319863048, 26.752031057378314], [68.01372196954121, 26.752474744925205], [68.01292219456458, 26.751927492033477]], [[68.01179499442998, 26.754357228095383], [68.01148863276975, 26.754896778378676], [68.01119086284294, 26.754443296465258], [68.01179499442998, 26.754357228095383]], [[68.01089153216209, 26.75417036513496], [68.01089075061759, 26.754260640719224], [68.01059063936374, 26.754077984359608], [68.01089153216209, 26.75417036513496]], [[68.01179889855999, 26.753905850045015], [68.01179811774134, 26.75399612565743], [68.01169834056903, 26.75390514903359], [68.01179889855999, 26.753905850045015]], [[68.01160637309172, 26.752911416197197], [68.01190492162641, 26.753274621646298], [68.01129610864187, 26.75390234427481], [68.01130470177277, 26.752909312611465], [68.01160637309172, 26.752911416197197]], [[68.00980338680844, 26.752086304869422], [68.01120883212515, 26.75236695759577], [68.00990003183395, 26.75253838508817], [68.00980338680844, 26.752086304869422]]]}, "properties": {"name": "Sentinel-1 Flood Inundation Extent", "source": "Sentinel-1 RTC C-Band"}}, {"type": "Feature", "geometry": {"type": "Polygon", "coordinates": [[[68.01550476646037, 26.75564697569467], [68.01409069929745, 26.756359396448413], [68.01488973192426, 26.756996919075448], [68.01590000622218, 26.756462249957785], [68.01550476646037, 26.75564697569467]]]}, "properties": {"name": "Sentinel-1 Flood Inundation Extent", "source": "Sentinel-1 RTC C-Band"}}, {"type": "Feature", "geometry": {"type": "Polygon", "coordinates": [[[68.02874029272417, 26.760252342790164], [68.0294419401626, 26.760527992838334], [68.0285476101576, 26.75925792851839], [68.02753044949274, 26.76060517215396], [68.0288255048166, 26.762058551496782], [68.0296369332485, 26.76125157798684], [68.02843706470095, 26.760430827100798], [68.02874029272417, 26.760252342790164]], [[68.02903584565438, 26.7609766177523], [68.02903354333667, 26.761247445714968], [68.02883471618938, 26.76097523977383], [68.02903584565438, 26.7609766177523]]]}, "properties": {"name": "Sentinel-1 Flood Inundation Extent", "source": "Sentinel-1 RTC C-Band"}}, {"type": "Feature", "geometry": {"type": "Polygon", "coordinates": [[[68.0228504250557, 26.766892662939785], [68.0225548977463, 26.766168376323236], [68.02325656509115, 26.766444057352707], [68.0233625391146, 26.765812820068533], [68.02115002585852, 26.765797555519534], [68.0235459216402, 26.76789054868492], [68.02465065684905, 26.768078718688802], [68.02576617940223, 26.767003018742102], [68.0228504250557, 26.766892662939785]], [[68.02395437767976, 26.76717111387277], [68.02395283435852, 26.76735166541798], [68.02385380764329, 26.767170421166274], [68.02395437767976, 26.76717111387277]]]}, "properties": {"name": "Sentinel-1 Flood Inundation Extent", "source": "Sentinel-1 RTC C-Band"}}, {"type": "Feature", "geometry": {"type": "Polygon", "coordinates": [[[68.01463884105374, 26.77441939981208], [68.0143246401046, 26.775861707708135], [68.01663714360362, 26.775968057706198], [68.01634241256039, 26.77515348401378], [68.01463884105374, 26.77441939981208]], [[68.01533508685849, 26.775327048677447], [68.01573505943722, 26.775600670377234], [68.015332750604, 26.7755978749816], [68.01533508685849, 26.775327048677447]]]}, "properties": {"name": "Sentinel-1 Flood Inundation Extent", "source": "Sentinel-1 RTC C-Band"}}, {"type": "Feature", "geometry": {"type": "Polygon", "coordinates": [[[68.02830954535965, 26.775416623685533], [68.0286012901129, 26.776592277915526], [68.02991341412796, 26.776059581744107], [68.0279133860001, 26.774691657771008], [68.02699819139302, 26.775859029302083], [68.02830954535965, 26.775416623685533]]]}, "properties": {"name": "Sentinel-1 Flood Inundation Extent", "source": "Sentinel-1 RTC C-Band"}}, {"type": "Feature", "geometry": {"type": "Polygon", "coordinates": [[[68.01081695031996, 26.774392768962638], [68.01090266371278, 26.776108702114534], [68.01290562699556, 26.77711575970357], [68.01202542526909, 26.77422063911976], [68.01081695031996, 26.774392768962638]]]}, "properties": {"name": "Sentinel-1 Flood Inundation Extent", "source": "Sentinel-1 RTC C-Band"}}, {"type": "Feature", "geometry": {"type": "Polygon", "coordinates": [[[68.0176323853221, 26.778733542410308], [68.01751980666738, 26.778592326152634], [68.01651322986844, 26.77867562289782], [68.01651011813024, 26.779036724591755], [68.01831590439532, 26.77959093412285], [68.01772895094214, 26.778854672259612], [68.01862463333613, 26.778780545423146], [68.01851861876112, 26.779411776980776], [68.01932326414136, 26.779417349271135], [68.01953218104673, 26.77851598659101], [68.01703401187059, 26.77660277772735], [68.01712681616779, 26.77750623013239], [68.0162177152485, 26.77795132451457], [68.0177271821231, 26.77787151731753], [68.0176323853221, 26.778733542410308]], [[68.01772951292672, 26.777600690905164], [68.01803125005772, 26.777602782599526], [68.01802969666943, 26.777783333558585], [68.01772951292672, 26.777600690905164]]]}, "properties": {"name": "Sentinel-1 Flood Inundation Extent", "source": "Sentinel-1 RTC C-Band"}}, {"type": "Feature", "geometry": {"type": "Polygon", "coordinates": [[[68.01019999487394, 26.83388324973497], [68.01210958671898, 26.834167437479806], [68.01400433435106, 26.836166817771193], [68.01462296358196, 26.834455806462813], [68.01413076157807, 26.833188455794403], [68.01191929709672, 26.83290218753412], [68.01019999487394, 26.83388324973497]], [[68.01301446335661, 26.834264033449855], [68.01301289819642, 26.834444582691013], [68.01281320556863, 26.834262629201326], [68.01301446335661, 26.834264033449855]], [[68.01201365809158, 26.83362508715552], [68.01201287474152, 26.833715361757548], [68.01181240149377, 26.833623681514226], [68.01201365809158, 26.83362508715552]]]}, "properties": {"name": "Sentinel-1 Flood Inundation Extent", "source": "Sentinel-1 RTC C-Band"}}, {"type": "Feature", "geometry": {"type": "Polygon", "coordinates": [[[68.02004528576788, 26.835847673472962], [68.02055698136708, 26.834858135090624], [68.01965597859613, 26.83431021308266], [68.01864112795111, 26.835296258651706], [68.01974261695722, 26.83593585666466], [68.01922390943149, 26.837737864390828], [68.02053678810331, 26.837205279987984], [68.02004528576788, 26.835847673472962]], [[68.0196342124152, 26.83683790706766], [68.01983547516846, 26.836839301736816], [68.01993299781954, 26.837201098062266], [68.0196342124152, 26.83683790706766]]]}, "properties": {"name": "Sentinel-1 Flood Inundation Extent", "source": "Sentinel-1 RTC C-Band"}}, {"type": "Feature", "geometry": {"type": "Polygon", "coordinates": [[[68.01096973200784, 26.837951234346036], [68.01198623864893, 26.836784697528167], [68.01119138319966, 26.835605503364647], [68.01068666416717, 26.835782534641325], [68.01138088423129, 26.8369610282586], [68.01096973200784, 26.837951234346036]]]}, "properties": {"name": "Sentinel-1 Flood Inundation Extent", "source": "Sentinel-1 RTC C-Band"}}, {"type": "Feature", "geometry": {"type": "Polygon", "coordinates": [[[68.01438106409825, 26.839148685104924], [68.01544056709878, 26.83889738332576], [68.01548178377988, 26.839878590932972], [68.01701078240714, 26.837632222554713], [68.01671668386314, 26.836727377506996], [68.0159124148444, 26.83663150471729], [68.01650840239282, 26.837538450529287], [68.01539832853342, 26.837891848660266], [68.0154220256695, 26.838455984577138], [68.0145878010191, 26.838518165115094], [68.01438106409825, 26.839148685104924]]]}, "properties": {"name": "Sentinel-1 Flood Inundation Extent", "source": "Sentinel-1 RTC C-Band"}}, {"type": "Feature", "geometry": {"type": "Polygon", "coordinates": [[[68.02373997279324, 26.839213587050914], [68.0243522855803, 26.83822472942433], [68.02224520187163, 26.837487939285197], [68.02273751214723, 26.838755263922433], [68.02222736748294, 26.839564260089375], [68.02313772070711, 26.83902886883978], [68.02423540224, 26.840119807438434], [68.02504357058014, 26.839764259339987], [68.02373997279324, 26.839213587050914]]]}, "properties": {"name": "Sentinel-1 Flood Inundation Extent", "source": "Sentinel-1 RTC C-Band"}}, {"type": "Feature", "geometry": {"type": "Polygon", "coordinates": [[[68.01779636525843, 26.839894681959827], [68.01779870216708, 26.83962385791475], [68.01649202333003, 26.839434218446446], [68.01587417285859, 26.84105496215937], [68.01779636525843, 26.839894681959827]]]}, "properties": {"name": "Sentinel-1 Flood Inundation Extent", "source": "Sentinel-1 RTC C-Band"}}, {"type": "Feature", "geometry": {"type": "Polygon", "coordinates": [[[68.01999010562061, 26.842257180784976], [68.02079597180689, 26.84217248202517], [68.02040042012145, 26.841357222083992], [68.02110098589941, 26.841813472854998], [68.0210963273203, 26.842355121303516], [68.02180543669766, 26.84181834647426], [68.02151284212522, 26.840732961055878], [68.02030366988134, 26.840905151418706], [68.02051503875177, 26.83973297360596], [68.01880970908309, 26.839089193837378], [68.0185023603102, 26.8397190223135], [68.01940184378107, 26.840447501706606], [68.01839471987692, 26.84053079623726], [68.01858976206772, 26.841254390357168], [68.01999010562061, 26.842257180784976]], [[68.02120317438774, 26.841633619803403], [68.02120162171678, 26.841814169301056], [68.02110253872993, 26.84163292336277], [68.02120317438774, 26.841633619803403]], [[68.02130924372402, 26.84100239287476], [68.02120705600123, 26.841182246038752], [68.02090670333415, 26.840999607045], [68.02130924372402, 26.84100239287476]], [[68.01950869934825, 26.83972600153832], [68.01950714411801, 26.839906550992957], [68.019408065428, 26.839725303937914], [68.01950869934825, 26.83972600153832]]]}, "properties": {"name": "Sentinel-1 Flood Inundation Extent", "source": "Sentinel-1 RTC C-Band"}}, {"type": "Feature", "geometry": {"type": "Polygon", "coordinates": [[[68.0132956849065, 26.848259395058445], [68.01247331764893, 26.850239812397923], [68.01418424927829, 26.85025175004458], [68.01360778209369, 26.847087933240736], [68.01269888690554, 26.84744271067171], [68.0132956849065, 26.848259395058445]], [[68.01328707358215, 26.849252413946108], [68.01338771574113, 26.84925311613054], [68.01338615015761, 26.849433665009418], [68.01328707358215, 26.849252413946108]], [[68.01339397792809, 26.848530920568095], [68.01349461945223, 26.84853162265907], [68.01349227139916, 26.84880244601199], [68.01339397792809, 26.848530920568095]]]}, "properties": {"name": "Sentinel-1 Flood Inundation Extent", "source": "Sentinel-1 RTC C-Band"}}, {"type": "Feature", "geometry": {"type": "Polygon", "coordinates": [[[68.02173248971057, 26.850304169098745], [68.02194308866358, 26.849222265433657], [68.02032814712626, 26.849752767068665], [68.01993490705813, 26.84866668218243], [68.01972584586306, 26.849568033234252], [68.02173248971057, 26.850304169098745]]]}, "properties": {"name": "Sentinel-1 Flood Inundation Extent", "source": "Sentinel-1 RTC C-Band"}}, {"type": "Feature", "geometry": {"type": "Polygon", "coordinates": [[[68.04423067201415, 26.651567630455414], [68.04403574964894, 26.65084405687815], [68.04282561030149, 26.651377609890854], [68.04291779751134, 26.652371341637544], [68.04423067201415, 26.651567630455414]], [[68.04312551169323, 26.65156019478937], [68.04342691901094, 26.651562223550215], [68.04342466156533, 26.651833056837205], [68.04312551169323, 26.65156019478937]]]}, "properties": {"name": "Sentinel-1 Flood Inundation Extent", "source": "Sentinel-1 RTC C-Band"}}, {"type": "Feature", "geometry": {"type": "Polygon", "coordinates": [[[68.03769564350078, 26.65206523349123], [68.03556606088063, 26.654398149334597], [68.03626177832099, 26.655305695308183], [68.03768428808246, 26.65341939744708], [68.03769564350078, 26.65206523349123]], [[68.03616585597057, 26.654763348809023], [68.03616509767538, 26.65485362633929], [68.0359656710288, 26.6546717084317], [68.03616585597057, 26.654763348809023]], [[68.03718572249277, 26.65296460742184], [68.03718420762193, 26.65314516258116], [68.03698478219043, 26.65296324609721], [68.03718572249277, 26.65296460742184]]]}, "properties": {"name": "Sentinel-1 Flood Inundation Extent", "source": "Sentinel-1 RTC C-Band"}}, {"type": "Feature", "geometry": {"type": "Polygon", "coordinates": [[[68.0383633722677, 26.656313040279496], [68.0358598896418, 26.65530296954173], [68.03575258965793, 26.656114785493912], [68.0383633722677, 26.656313040279496]]]}, "properties": {"name": "Sentinel-1 Flood Inundation Extent", "source": "Sentinel-1 RTC C-Band"}}, {"type": "Feature", "geometry": {"type": "Polygon", "coordinates": [[[68.0299188023813, 26.692458865245236], [68.03162738022927, 26.692470528280552], [68.03173780398109, 26.69129761347094], [68.03052564961433, 26.692011599437755], [68.02852092560416, 26.691365922707796], [68.0299188023813, 26.692458865245236]]]}, "properties": {"name": "Sentinel-1 Flood Inundation Extent", "source": "Sentinel-1 RTC C-Band"}}, {"type": "Feature", "geometry": {"type": "Polygon", "coordinates": [[[68.04447906555986, 26.718197736083443], [68.04257281892313, 26.717733476471512], [68.0427633005852, 26.71899870949579], [68.04364322807817, 26.719458152109237], [68.04275876927242, 26.719540370810282], [68.04315484470001, 26.7202652981935], [68.04386081338795, 26.719999211375473], [68.04367006142165, 26.719472162788023], [68.04416466321481, 26.719730412635062], [68.04447906555986, 26.718197736083443]]]}, "properties": {"name": "Sentinel-1 Flood Inundation Extent", "source": "Sentinel-1 RTC C-Band"}}, {"type": "Feature", "geometry": {"type": "Polygon", "coordinates": [[[68.04143223246828, 26.721878745686343], [68.04295076557861, 26.72062504965799], [68.04334533611107, 26.721530530276056], [68.0442546351177, 26.720994966579863], [68.04155469362068, 26.719261396584503], [68.04033850992744, 26.720426841345997], [68.03863102749244, 26.720234718426806], [68.04012609081545, 26.72177963320117], [68.0410407026538, 26.720612152881255], [68.04143223246828, 26.721878745686343]], [[68.04173987344355, 26.721158568345203], [68.04184040353978, 26.721159247281246], [68.04183889151851, 26.72133980095361], [68.04173987344355, 26.721158568345203]], [[68.04033320966465, 26.721058778965602], [68.04053502663491, 26.720969861950383], [68.04053351256633, 26.721150415558434], [68.04033320966465, 26.721058778965602]], [[68.03973230292678, 26.720783867534884], [68.03993336234599, 26.720785228162818], [68.03993260484488, 26.720875504953824], [68.03973230292678, 26.720783867534884]], [[68.04234834326162, 26.72053070291048], [68.04184267154501, 26.720888416763934], [68.04084418408084, 26.720069132902452], [68.04164992932124, 26.719894013574756], [68.0418449395182, 26.720617586236106], [68.04234834326162, 26.72053070291048]], [[68.04204902205001, 26.72025783645474], [68.04214955136405, 26.720258515150647], [68.04214879562863, 26.72034879200706], [68.04204902205001, 26.72025783645474]]]}, "properties": {"name": "Sentinel-1 Flood Inundation Extent", "source": "Sentinel-1 RTC C-Band"}}, {"type": "Feature", "geometry": {"type": "Polygon", "coordinates": [[[68.03060202513579, 26.73047220462854], [68.03130732011321, 26.73029645958835], [68.03091358297658, 26.729300671899228], [68.02990974524852, 26.72911324715416], [68.02828428412765, 26.731088317343403], [68.02980078490174, 26.730105600079074], [68.03019068710881, 26.731552772547797], [68.03170182819353, 26.731201969792917], [68.03060202513579, 26.73047220462854]]]}, "properties": {"name": "Sentinel-1 Flood Inundation Extent", "source": "Sentinel-1 RTC C-Band"}}, {"type": "Feature", "geometry": {"type": "Polygon", "coordinates": [[[68.04256606643762, 26.730553463175323], [68.04105496345792, 26.730904382845218], [68.04064296419628, 26.73207526029937], [68.04195224884344, 26.731813264235615], [68.04256606643762, 26.730553463175323]], [[68.04185549107571, 26.731361201604095], [68.04175343918786, 26.731541075847783], [68.04165441295518, 26.731359843203833], [68.04185549107571, 26.731361201604095]]]}, "properties": {"name": "Sentinel-1 Flood Inundation Extent", "source": "Sentinel-1 RTC C-Band"}}, {"type": "Feature", "geometry": {"type": "Polygon", "coordinates": [[[68.03118001560799, 26.733455447590618], [68.03128590933395, 26.732824199471914], [68.02978240459154, 26.73227223341126], [68.02927357669874, 26.732991004838986], [68.03028050914763, 26.732817329364405], [68.02987145654168, 26.733627066613508], [68.03047163922648, 26.733992296882573], [68.03058136388745, 26.732909667533384], [68.03118001560799, 26.733455447590618]]]}, "properties": {"name": "Sentinel-1 Flood Inundation Extent", "source": "Sentinel-1 RTC C-Band"}}, {"type": "Feature", "geometry": {"type": "Polygon", "coordinates": [[[68.03932305664523, 26.733601116792524], [68.03811504668835, 26.73377349310509], [68.03830170333892, 26.73549011150862], [68.03961558130428, 26.734686478760125], [68.03932305664523, 26.733601116792524]], [[68.0388150402168, 26.734229647184602], [68.03891330546341, 26.734501158275364], [68.03851341574585, 26.7342276028104], [68.0388150402168, 26.734229647184602]]]}, "properties": {"name": "Sentinel-1 Flood Inundation Extent", "source": "Sentinel-1 RTC C-Band"}}, {"type": "Feature", "geometry": {"type": "Polygon", "coordinates": [[[68.04072760121306, 26.733971750067912], [68.0405333356074, 26.733157900143382], [68.03942511424445, 26.733421244500988], [68.04021428644239, 26.735232221956796], [68.03919748384199, 26.736579563262165], [68.04049697473363, 26.737491177998326], [68.04120457090873, 26.737044554824553], [68.04040703753685, 26.73622662533487], [68.04071548386024, 26.735416176235493], [68.04161734073526, 26.735783400228534], [68.04072154265073, 26.734693963189116], [68.04152663514436, 26.734609124337958], [68.04143517428707, 26.733525124917367], [68.04213442392137, 26.734071539620388], [68.0417398231148, 26.733166056311145], [68.04072760121306, 26.733971750067912]], [[68.03990507911739, 26.736132946500927], [68.03990356305744, 26.736313499689615], [68.03980453591791, 26.73613226584202], [68.03990507911739, 26.736132946500927]], [[68.04061645614476, 26.735234942918588], [68.04061494126704, 26.735415496167864], [68.04041537128644, 26.735233582580193], [68.04061645614476, 26.735234942918588]], [[68.04052273120115, 26.73442177312935], [68.0405219737168, 26.734512049762426], [68.0404221894879, 26.734421092948423], [68.04052273120115, 26.73442177312935]]]}, "properties": {"name": "Sentinel-1 Flood Inundation Extent", "source": "Sentinel-1 RTC C-Band"}}, {"type": "Feature", "geometry": {"type": "Polygon", "coordinates": [[[68.0357637777528, 26.73836189285038], [68.03406976626852, 26.736544732692135], [68.0342617029414, 26.737629419289025], [68.03515669831305, 26.738809172090008], [68.0357637777528, 26.73836189285038]]]}, "properties": {"name": "Sentinel-1 Flood Inundation Extent", "source": "Sentinel-1 RTC C-Band"}}, {"type": "Feature", "geometry": {"type": "Polygon", "coordinates": [[[68.03175268234193, 26.737070622370172], [68.03114482982058, 26.737608160623147], [68.03144034441175, 26.73833243168011], [68.03325702294474, 26.73753229273673], [68.03175268234193, 26.737070622370172]], [[68.03184787514054, 26.737703243314257], [68.03184558180638, 26.737974072391896], [68.03154624212766, 26.737701183878233], [68.03184787514054, 26.737703243314257]]]}, "properties": {"name": "Sentinel-1 Flood Inundation Extent", "source": "Sentinel-1 RTC C-Band"}}, {"type": "Feature", "geometry": {"type": "Polygon", "coordinates": [[[68.03867958537697, 26.738381687616], [68.04007584796513, 26.739745370702742], [68.0411780726603, 26.74020423575055], [68.04078876193329, 26.738666814110132], [68.03867958537697, 26.738381687616]]]}, "properties": {"name": "Sentinel-1 Flood Inundation Extent", "source": "Sentinel-1 RTC C-Band"}}, {"type": "Feature", "geometry": {"type": "Polygon", "coordinates": [[[68.03303073769128, 26.740510042269417], [68.0344391563792, 26.740429357285702], [68.0370320816784, 26.74297487333592], [68.03724306434874, 26.74180264504967], [68.03614388592196, 26.740982643799143], [68.03655520517154, 26.739902059425564], [68.0332425191949, 26.739247544140778], [68.03424492638787, 26.73961550038623], [68.0341390413796, 26.740246750390003], [68.0334390312385, 26.739790573120093], [68.03222177756956, 26.74104621318306], [68.0338267197625, 26.741508564876213], [68.03303073769128, 26.740510042269417]], [[68.03673728097594, 26.74216033668789], [68.03673652024797, 26.742250613121946], [68.03653618416729, 26.74215897052378], [68.03673728097594, 26.74216033668789]], [[68.03564571844588, 26.740437567345584], [68.0357447423972, 26.74061880391204], [68.03534255433495, 26.740616068629393], [68.03564571844588, 26.740437567345584]]]}, "properties": {"name": "Sentinel-1 Flood Inundation Extent", "source": "Sentinel-1 RTC C-Band"}}, {"type": "Feature", "geometry": {"type": "Polygon", "coordinates": [[[68.03292179017338, 26.741502396459236], [68.03321274427628, 26.742768322015703], [68.0311035150442, 26.742483081459763], [68.03139215600491, 26.74401983890847], [68.02988237573472, 26.74419008067618], [68.03027615072182, 26.74518587031294], [68.03178288479911, 26.745376729770943], [68.03055865997632, 26.74744483840931], [68.0317499974283, 26.749258607935552], [68.03386622213392, 26.748731355601237], [68.0334815659558, 26.746652259848034], [68.03156954370232, 26.746819776378302], [68.03348996364292, 26.745659220579718], [68.03380535427165, 26.744036302648507], [68.03481466566382, 26.743591768611545], [68.03532960361632, 26.74215076755224], [68.03452216695055, 26.742506398697095], [68.0341276002569, 26.741600896105172], [68.03292179017338, 26.741502396459236]], [[68.03215986111631, 26.74835859194657], [68.0321583320164, 26.74853914441153], [68.03195875367494, 26.748357218998233], [68.03215986111631, 26.74835859194657]], [[68.03336956041204, 26.748005718575676], [68.03336803324653, 26.748186271114257], [68.03316845351956, 26.74800434735973], [68.03336956041204, 26.748005718575676]], [[68.03286832115297, 26.747821737484635], [68.03286679320783, 26.748002290001132], [68.03266721461405, 26.7478203655665], [68.03286832115297, 26.747821737484635]], [[68.03236784791437, 26.747547478411274], [68.0323670835574, 26.74763775466023], [68.03226729489931, 26.747546792139445], [68.03236784791437, 26.747547478411274]], [[68.03347774868156, 26.74710364128684], [68.03347393131753, 26.7475550226964], [68.03267179931595, 26.74727870802106], [68.03347774868156, 26.74710364128684]], [[68.0326878447532, 26.74538290628036], [68.03268708072072, 26.74547318256542], [68.0325872936328, 26.745382220286658], [68.0326878447532, 26.74538290628036]], [[68.0310836189993, 26.744830264349716], [68.03108285371819, 26.744920540598923], [68.03088251782994, 26.744828890042218], [68.0310836189993, 26.744830264349716]], [[68.03118799554402, 26.744379570119563], [68.03108591482105, 26.74455943559508], [68.0309876605002, 26.744287919727906], [68.03118799554402, 26.744379570119563]], [[68.03300019087891, 26.74412109560757], [68.03299866338733, 26.744301648225353], [68.03239689081428, 26.744116980084158], [68.03300019087891, 26.74412109560757]], [[68.03199621990802, 26.74393368240743], [68.03199545537738, 26.74402395869247], [68.03179512026158, 26.743932309436577], [68.03199621990802, 26.74393368240743]], [[68.03350828436047, 26.743492588957537], [68.03340544466376, 26.74376273257187], [68.03320663592513, 26.743490532641943], [68.03350828436047, 26.743492588957537]], [[68.0322003770204, 26.74357394991993], [68.03219961266291, 26.743664226214996], [68.0320998275057, 26.743573263623404], [68.0322003770204, 26.74357394991993]], [[68.03381527431398, 26.74286271022542], [68.03421365635703, 26.743316831829556], [68.03371319909722, 26.743042577778706], [68.03381527431398, 26.74286271022542]], [[68.03210212079473, 26.743302434739217], [68.03210059193897, 26.743482987329852], [68.03180047298669, 26.743300375446115], [68.03210212079473, 26.743302434739217]], [[68.03320969012945, 26.74312942733818], [68.0332073994816, 26.743400256317752], [68.03270694439671, 26.743125998773543], [68.03320969012945, 26.74312942733818]]]}, "properties": {"name": "Sentinel-1 Flood Inundation Extent", "source": "Sentinel-1 RTC C-Band"}}, {"type": "Feature", "geometry": {"type": "Polygon", "coordinates": [[[68.03466836732977, 26.749007663815263], [68.03526712088953, 26.74955342819711], [68.0365872726442, 26.748027619249086], [68.03388759063083, 26.746203619457237], [68.03488548626548, 26.74711323044163], [68.03466836732977, 26.749007663815263]], [[68.03527626620938, 26.74847011249648], [68.0351779987836, 26.74819859932184], [68.03577979751907, 26.748383256253636], [68.03527626620938, 26.74847011249648]]]}, "properties": {"name": "Sentinel-1 Flood Inundation Extent", "source": "Sentinel-1 RTC C-Band"}}, {"type": "Feature", "geometry": {"type": "Polygon", "coordinates": [[[68.04164433639846, 26.756548357604874], [68.0403461409611, 26.75545619703205], [68.03983651140088, 26.756265279403216], [68.04073094699149, 26.757535275760418], [68.04164433639846, 26.756548357604874]]]}, "properties": {"name": "Sentinel-1 Flood Inundation Extent", "source": "Sentinel-1 RTC C-Band"}}, {"type": "Feature", "geometry": {"type": "Polygon", "coordinates": [[[68.0415112035559, 26.760429560915785], [68.04222575367163, 26.759170450572604], [68.03990217001561, 26.760418670915417], [68.03999590570633, 26.76123183862778], [68.04110591355966, 26.760787945390543], [68.04109757657015, 26.76178098476717], [68.04311570023347, 26.760982090861646], [68.0415112035559, 26.760429560915785]]]}, "properties": {"name": "Sentinel-1 Flood Inundation Extent", "source": "Sentinel-1 RTC C-Band"}}, {"type": "Feature", "geometry": {"type": "Polygon", "coordinates": [[[68.03113545320267, 26.762435485881568], [68.0303332240122, 26.762159155873874], [68.02851459303228, 26.763139795354896], [68.03113238988215, 26.76279658998011], [68.03113545320267, 26.762435485881568]]]}, "properties": {"name": "Sentinel-1 Flood Inundation Extent", "source": "Sentinel-1 RTC C-Band"}}, {"type": "Feature", "geometry": {"type": "Polygon", "coordinates": [[[68.0350491430024, 26.76345528005932], [68.03394901413242, 26.76272553518041], [68.03404041794572, 26.763809533747708], [68.03323893582896, 26.76344294371818], [68.03262635739044, 26.76452213903559], [68.03524646413722, 26.763908029941753], [68.03424078929652, 26.763901180565533], [68.0350491430024, 26.76345528005932]]]}, "properties": {"name": "Sentinel-1 Flood Inundation Extent", "source": "Sentinel-1 RTC C-Band"}}, {"type": "Feature", "geometry": {"type": "Polygon", "coordinates": [[[68.03048760532174, 26.767667366482286], [68.03129217080415, 26.76767286857179], [68.03098509585301, 26.76830273748952], [68.03490432498121, 26.768690608063295], [68.03472226071088, 26.766432336616493], [68.03331428513283, 26.766422739450178], [68.03279920233643, 26.767863724688635], [68.03160766375741, 26.766049962983477], [68.03060120477222, 26.76613336324763], [68.03099428923323, 26.767219426026692], [68.0273676093244, 26.76791683032793], [68.02686937160388, 26.767371723026404], [68.02695917163571, 26.7686362754164], [68.02866351033408, 26.769279935998554], [68.0281529659955, 26.770179246752594], [68.02634419566961, 26.769986267856744], [68.02683859433553, 26.77098275607716], [68.02602861552697, 26.771609158514874], [68.02713723770606, 26.77134593113507], [68.02672493741105, 26.772516753760087], [68.02753722607538, 26.771619520056298], [68.02924237988687, 26.77217289886044], [68.02925159134473, 26.7710895885495], [68.02994870343406, 26.771906892753925], [68.03026422910453, 26.770283991945103], [68.03046154193723, 26.77073674786725], [68.03025656120022, 26.771186750923267], [68.03196555024617, 26.771288717546607], [68.03066882035564, 26.77001591669435], [68.03048760532174, 26.767667366482286]], [[68.02975982995865, 26.7704611014955], [68.02975829559728, 26.77064165326896], [68.0296592568507, 26.770460412830502], [68.02975982995865, 26.7704611014955]], [[68.02926310493582, 26.769735450423752], [68.02916022959018, 26.770005589061622], [68.0288592794072, 26.769913245738277], [68.02926310493582, 26.769735450423752]], [[68.03017515850999, 26.76892916499579], [68.03017362490723, 26.769109716830545], [68.02997401497151, 26.768927788256622], [68.03017515850999, 26.76892916499579]], [[68.02937595638993, 26.768291725018543], [68.0293744215659, 26.7684722768267], [68.02927538520417, 26.768291036132613], [68.02937595638993, 26.768291725018543]], [[68.02887693948117, 26.7678369004017], [68.02897597483128, 26.768018141357953], [68.02867579794417, 26.767835521871866], [68.02887693948117, 26.7678369004017]], [[68.03360911802943, 26.767237281497724], [68.03360758996844, 26.767417833559218], [68.03350854764615, 26.767236595640693], [68.03360911802943, 26.767237281497724]]]}, "properties": {"name": "Sentinel-1 Flood Inundation Extent", "source": "Sentinel-1 RTC C-Band"}}, {"type": "Feature", "geometry": {"type": "Polygon", "coordinates": [[[68.03378199323295, 26.77057886557555], [68.03257740834044, 26.770299803215313], [68.03319154890214, 26.769040057831745], [68.03178736941214, 26.76857906477892], [68.03137819077912, 26.769388799176184], [68.03227951506929, 26.76984636321527], [68.03216899395112, 26.771019263740428], [68.03347721626282, 26.770937911855913], [68.0337735890054, 26.771571901438318], [68.03378199323295, 26.77057886557555]]]}, "properties": {"name": "Sentinel-1 Flood Inundation Extent", "source": "Sentinel-1 RTC C-Band"}}, {"type": "Feature", "geometry": {"type": "Polygon", "coordinates": [[[68.03304433598129, 26.77454620516074], [68.0333537110076, 26.773645504648364], [68.03435947140694, 26.77365236262059], [68.03426500504061, 26.772929469366783], [68.0359656392684, 26.77402442457386], [68.03698282727659, 26.772677123440893], [68.03707578777609, 26.77358056745388], [68.03877874013028, 26.774404661575105], [68.03877113818787, 26.7753074222988], [68.04077814004349, 26.775862711681754], [68.04189435109814, 26.77469660772163], [68.04309749388051, 26.775156144914916], [68.04531624302659, 26.774448861694562], [68.04402083745688, 26.772995626184745], [68.04039252357548, 26.773873912836624], [68.04070259775764, 26.772882918441876], [68.04392404197115, 26.772543566405098], [68.04393613826154, 26.771099146444584], [68.0464437055056, 26.77192857559116], [68.04705092268814, 26.771481253589833], [68.04524888636324, 26.77047602793246], [68.0456557083346, 26.769937080029436], [68.04224606887921, 26.768740418309502], [68.04263624542104, 26.770187556545824], [68.04073218063816, 26.769362147755075], [68.04061871238657, 26.770896161991224], [68.03850894386198, 26.770611018307466], [68.03991469576664, 26.77089139371096], [68.03899129369867, 26.77305188469039], [68.03608374785753, 26.771948760286076], [68.03526999649922, 26.773026596705034], [68.03406920111425, 26.772296166413796], [68.03437550718263, 26.771756566988074], [68.03236708074864, 26.771381741256413], [68.03206306259919, 26.77165050834141], [68.03255751857864, 26.772646977918775], [68.03184966482074, 26.773093548867593], [68.02964391099736, 26.772265930300634], [68.02822357007487, 26.77370069378183], [68.03063585994695, 26.773897780082592], [68.03082934770391, 26.77480191478893], [68.0317383692954, 26.774356724215384], [68.03183052339139, 26.77535044625934], [68.03052148299415, 26.775522057336264], [68.03081248436588, 26.776787983452845], [68.02889534479105, 26.77749710419508], [68.02989653393416, 26.77804564951579], [68.03121096802454, 26.777242114227093], [68.03109199583335, 26.7794080461983], [68.03250931406569, 26.778334359495133], [68.03461538867838, 26.779070975207166], [68.03151117338155, 26.777424728880685], [68.03352734657172, 26.776896810212353], [68.03363327570152, 26.776265564890252], [68.03483868931107, 26.776454343858713], [68.03384360190142, 26.775183625623676], [68.03505282029498, 26.774921022684847], [68.03465967277452, 26.773834970574683], [68.03304433598129, 26.77454620516074]], [[68.03140599740289, 26.77796569633287], [68.03140446514615, 26.77814624800324], [68.03130541763434, 26.77796500865837], [68.03140599740289, 26.77796569633287]], [[68.03242786641218, 26.776076775767265], [68.03252691419439, 26.776258014378815], [68.03232728827757, 26.776076088862855], [68.03242786641218, 26.776076775767265]], [[68.03333154070187, 26.776263506516386], [68.03333077615461, 26.77635378242531], [68.0331311487561, 26.77617185800552], [68.03333154070187, 26.776263506516386]], [[68.03233188021333, 26.775534433531362], [68.03233034958248, 26.775714985313215], [68.03202938171023, 26.775622648321583], [68.03233188021333, 26.775534433531362]], [[68.03384130957107, 26.775454453429212], [68.03363709719105, 26.77581418528794], [68.0335395766968, 26.775452395555845], [68.03384130957107, 26.775454453429212]], [[68.04139298137065, 26.774512653955217], [68.04128785513127, 26.775053630291062], [68.04048702946875, 26.774596802970613], [68.04139298137065, 26.774512653955217]], [[68.03938068189898, 26.774589306404987], [68.0403849345693, 26.774776674056024], [68.03937916247894, 26.774769858586343], [68.03938068189898, 26.774589306404987]], [[68.03214297198191, 26.77408864520295], [68.03214144114823, 26.774269197011545], [68.03204239560739, 26.774087958143372], [68.03214297198191, 26.77408864520295]], [[68.04331302443752, 26.773442255529638], [68.043608702187, 26.774166502160885], [68.04301053924118, 26.773530494168877], [68.04331302443752, 26.773442255529638]], [[68.03134678741107, 26.773090111932923], [68.03104046345447, 26.77362970422774], [68.03053988378961, 26.773355436747387], [68.03134678741107, 26.773090111932923]], [[68.04411612179891, 26.773628238351417], [68.0441138539921, 26.773899067034417], [68.04391496915584, 26.773626881178892], [68.04411612179891, 26.773628238351417]], [[68.03576906162826, 26.773481399774145], [68.03576829910065, 26.773571675783522], [68.03556790973713, 26.773480030759668], [68.03576906162826, 26.773481399774145]], [[68.03818516727678, 26.773226977453763], [68.0382842220132, 26.77340821229102], [68.03798401569071, 26.77322561188096], [68.03818516727678, 26.773226977453763]], [[68.03386728742082, 26.772385071016146], [68.03345963747482, 26.77301425911512], [68.03285389026875, 26.773280969256255], [68.03286383268065, 26.772107382005515], [68.03386728742082, 26.772385071016146]], [[68.03044160830069, 26.773083920954388], [68.03044084157368, 26.77317419682655], [68.03024122430938, 26.772992268528384], [68.03044160830069, 26.773083920954388]], [[68.0414270928289, 26.770450226193258], [68.04211595841423, 26.772260511001537], [68.0406050569009, 26.772521132892706], [68.04131590659146, 26.771713412440228], [68.0414270928289, 26.770450226193258]], [[68.04312246587574, 26.77217703023717], [68.04312095253184, 26.77235758267817], [68.04302189086009, 26.77217635101529], [68.04312246587574, 26.77217703023717]], [[68.0424252557208, 26.771359788309955], [68.04252431576577, 26.771541020366417], [68.04232468144558, 26.771359108612387], [68.0424252557208, 26.771359788309955]], [[68.04303021487155, 26.771183312535324], [68.04292812715036, 26.77136318572737], [68.04272849246944, 26.771181274528956], [68.04303021487155, 26.771183312535324]], [[68.04374028303853, 26.77046585534498], [68.04373725851492, 26.77082696037478], [68.0434385624696, 26.77046381890077], [68.04374028303853, 26.77046585534498]], [[68.04324119800327, 26.770011079667132], [68.0431383551271, 26.77028122932418], [68.04293872193641, 26.770099318436127], [68.04324119800327, 26.770011079667132]]]}, "properties": {"name": "Sentinel-1 Flood Inundation Extent", "source": "Sentinel-1 RTC C-Band"}}, {"type": "Feature", "geometry": {"type": "Polygon", "coordinates": [[[68.03947138348083, 26.775763577397466], [68.03655766886101, 26.775382669376636], [68.0373493470472, 26.776922830768008], [68.03935788909739, 26.77729758863361], [68.03947138348083, 26.775763577397466]]]}, "properties": {"name": "Sentinel-1 Flood Inundation Extent", "source": "Sentinel-1 RTC C-Band"}}, {"type": "Feature", "geometry": {"type": "Polygon", "coordinates": [[[68.03483334570407, 26.777086275461023], [68.03492476487907, 26.77817027182728], [68.03662853024977, 26.778904116737916], [68.03664072219567, 26.777459701168276], [68.03483334570407, 26.777086275461023]]]}, "properties": {"name": "Sentinel-1 Flood Inundation Extent", "source": "Sentinel-1 RTC C-Band"}}, {"type": "Feature", "geometry": {"type": "Polygon", "coordinates": [[[68.04627222825013, 26.780413866685095], [68.04346273327891, 26.779582393521945], [68.04355574902824, 26.780485833935078], [68.04103512255902, 26.78119104325036], [68.04155395887588, 26.779298649133068], [68.04095426451963, 26.778843184668034], [68.04146171785966, 26.778304931605682], [68.0416583303943, 26.778847949088636], [68.04187161782762, 26.777404891907455], [68.03965962736646, 26.77729963424733], [68.03934269210927, 26.77910310953409], [68.03733259560504, 26.778908902664178], [68.03782712754072, 26.77990535492355], [68.03923907121555, 26.77946353158016], [68.03932901359752, 26.780728077944193], [68.03731203464751, 26.78134635376235], [68.03952561967745, 26.781271098044535], [68.03963304004958, 26.780459295795165], [68.04043845692132, 26.780374472323015], [68.04082561003675, 26.782182717787638], [68.04162952210015, 26.782278439965168], [68.04132321991331, 26.78281805444827], [68.0404225158677, 26.782270269034573], [68.0414116700192, 26.784263151633375], [68.04262021260054, 26.784090762585958], [68.04273291567941, 26.782647025274436], [68.04182689970257, 26.782731181066584], [68.0419350634046, 26.781829100769684], [68.0426330888475, 26.782556069455104], [68.04385673973583, 26.78057814696744], [68.04516053508155, 26.781038346961584], [68.0451665777437, 26.780316137623682], [68.04627222825013, 26.780413866685095]], [[68.04161814898754, 26.78363258063535], [68.04171873405663, 26.783633261121963], [68.0417172177401, 26.783813813196726], [68.04161814898754, 26.78363258063535]], [[68.04172404105219, 26.783001328823417], [68.04182462556803, 26.783002009220052], [68.04182386751604, 26.78309228526887], [68.04172404105219, 26.783001328823417]], [[68.041332320946, 26.781734741902326], [68.04153348772543, 26.78173610312107], [68.04153121299268, 26.78200693128929], [68.041332320946, 26.781734741902326]], [[68.04054586976635, 26.779562669083887], [68.0406540397294, 26.77866058955759], [68.04064341571188, 26.779924454475083], [68.03983572355558, 26.780280107306414], [68.04054586976635, 26.779562669083887]], [[68.0400528337674, 26.778385673552798], [68.04015341416617, 26.778386355027646], [68.04015189571835, 26.778566907153213], [68.0400528337674, 26.778385673552798]]]}, "properties": {"name": "Sentinel-1 Flood Inundation Extent", "source": "Sentinel-1 RTC C-Band"}}, {"type": "Feature", "geometry": {"type": "Polygon", "coordinates": [[[68.03999131876053, 26.785698030677676], [68.03977570922463, 26.78741191013381], [68.04068100446929, 26.78741804451438], [68.04069466769342, 26.785793076993723], [68.04270564985008, 26.78589696332213], [68.04261718274574, 26.78445186680287], [68.0418064313364, 26.785168634068523], [68.04171191051987, 26.78444574542153], [68.04100705135397, 26.784531256357432], [68.04140256874247, 26.78534646381784], [68.03999131876053, 26.785698030677676]]]}, "properties": {"name": "Sentinel-1 Flood Inundation Extent", "source": "Sentinel-1 RTC C-Band"}}, {"type": "Feature", "geometry": {"type": "Polygon", "coordinates": [[[68.02989964492465, 26.789511355044873], [68.03060684287128, 26.789155073488953], [68.03160507563167, 26.790064711564735], [68.03291581297641, 26.7897125438228], [68.0310153357044, 26.788435621300653], [68.02980289387794, 26.789059287781573], [68.02989964492465, 26.789511355044873]]]}, "properties": {"name": "Sentinel-1 Flood Inundation Extent", "source": "Sentinel-1 RTC C-Band"}}, {"type": "Feature", "geometry": {"type": "Polygon", "coordinates": [[[68.04517657318205, 26.80315732870066], [68.04498141803697, 26.802433764611262], [68.04306922779477, 26.802511134653354], [68.04356542071727, 26.803327016003102], [68.04517657318205, 26.80315732870066]]]}, "properties": {"name": "Sentinel-1 Flood Inundation Extent", "source": "Sentinel-1 RTC C-Band"}}, {"type": "Feature", "geometry": {"type": "Polygon", "coordinates": [[[68.03154083051963, 26.80947464562356], [68.03195246148768, 26.808394092735842], [68.03315055196845, 26.80948564910077], [68.03377485986704, 26.80705233183478], [68.03236025259831, 26.807764915703018], [68.03196932807536, 26.806408032264635], [68.0306415047469, 26.808746244775637], [68.02892503513519, 26.809456725945413], [68.02901795186403, 26.81036016971011], [68.03154083051963, 26.80947464562356]], [[68.03245702723595, 26.80821698074244], [68.0323548879977, 26.80839684404831], [68.03225581428512, 26.80821560538283], [68.03245702723595, 26.80821698074244]], [[68.03175431567357, 26.808031614810528], [68.03175354882416, 26.808121890272346], [68.03165370938088, 26.8080309266715], [68.03175431567357, 26.808031614810528]]]}, "properties": {"name": "Sentinel-1 Flood Inundation Extent", "source": "Sentinel-1 RTC C-Band"}}, {"type": "Feature", "geometry": {"type": "Polygon", "coordinates": [[[68.04231239146266, 26.82074274504488], [68.04372937687793, 26.81975923874087], [68.04553670188427, 26.820222843157058], [68.04584989529222, 26.818870743273344], [68.04434140872104, 26.81877028447351], [68.0447499285277, 26.81805079613925], [68.04373543875604, 26.819037033654723], [68.04222847041409, 26.81875600110188], [68.04090830225631, 26.82019155217637], [68.04211950529313, 26.81974835170093], [68.04231239146266, 26.82074274504488]]]}, "properties": {"name": "Sentinel-1 Flood Inundation Extent", "source": "Sentinel-1 RTC C-Band"}}, {"type": "Feature", "geometry": {"type": "Polygon", "coordinates": [[[68.03527221007324, 26.82033380536838], [68.03507709247175, 26.819610230248298], [68.03406863029463, 26.81987419264531], [68.03385591276015, 26.821226949410963], [68.03527221007324, 26.82033380536838]]]}, "properties": {"name": "Sentinel-1 Flood Inundation Extent", "source": "Sentinel-1 RTC C-Band"}}, {"type": "Feature", "geometry": {"type": "Polygon", "coordinates": [[[68.04088702089905, 26.822719267143544], [68.04100132019312, 26.821094989501574], [68.03949509364021, 26.82072365186014], [68.0400027466905, 26.82018541232845], [68.03828920532318, 26.82053490095132], [68.03948976560241, 26.8213555803783], [68.03907510835019, 26.8227972557846], [68.04018724813048, 26.822172838667672], [68.04088702089905, 26.822719267143544]]]}, "properties": {"name": "Sentinel-1 Flood Inundation Extent", "source": "Sentinel-1 RTC C-Band"}}, {"type": "Feature", "geometry": {"type": "Polygon", "coordinates": [[[68.04148769965153, 26.823084459730488], [68.0395766838525, 26.822981222092746], [68.03926949491184, 26.82361110135976], [68.04128266089788, 26.82353447411438], [68.04148769965153, 26.823084459730488]]]}, "properties": {"name": "Sentinel-1 Flood Inundation Extent", "source": "Sentinel-1 RTC C-Band"}}, {"type": "Feature", "geometry": {"type": "Polygon", "coordinates": [[[68.03939459254595, 26.832640008533925], [68.03799418710433, 26.831637407462722], [68.03860633518235, 26.830648482670256], [68.03678742309131, 26.831538916323534], [68.03797969543743, 26.83335263847557], [68.0375710754072, 26.83407210312325], [68.03928710895819, 26.83345180334274], [68.03939459254595, 26.832640008533925]], [[68.03808490025763, 26.832811670845654], [68.03818552862573, 26.83281235499727], [68.03818400347386, 26.83299290563031], [68.03808490025763, 26.832811670845654]]]}, "properties": {"name": "Sentinel-1 Flood Inundation Extent", "source": "Sentinel-1 RTC C-Band"}}, {"type": "Feature", "geometry": {"type": "Polygon", "coordinates": [[[68.04127942570555, 26.847819910784654], [68.04006258610728, 26.848895020456286], [68.04015561323031, 26.849798455168944], [68.04136409544219, 26.849716372185377], [68.04127942570555, 26.847819910784654]]]}, "properties": {"name": "Sentinel-1 Flood Inundation Extent", "source": "Sentinel-1 RTC C-Band"}}, {"type": "Feature", "geometry": {"type": "Polygon", "coordinates": [[[68.05399628677745, 26.649195320129355], [68.05319254810155, 26.649189968880993], [68.05287922642049, 26.65063240953123], [68.05408484955976, 26.65064043775829], [68.05399628677745, 26.649195320129355]]]}, "properties": {"name": "Sentinel-1 Flood Inundation Extent", "source": "Sentinel-1 RTC C-Band"}}, {"type": "Feature", "geometry": {"type": "Polygon", "coordinates": [[[68.05680937390925, 26.649214013721107], [68.05448449279335, 26.650913945755843], [68.0549786599667, 26.651910345216574], [68.05437063429305, 26.652538282297602], [68.05527189422104, 26.652905407578054], [68.05465865866141, 26.654165291940405], [68.0559729607732, 26.653180914707157], [68.05535973124046, 26.654440802211617], [68.05595884959152, 26.654896197880465], [68.05747780014563, 26.653461750809083], [68.05688461828673, 26.65228413666539], [68.05739290105447, 26.65156524403326], [68.05838648553043, 26.652926075461718], [68.05909348176684, 26.652479342160046], [68.05900115407158, 26.65148561719447], [68.05680047116248, 26.65029735137735], [68.05680343880067, 26.649936238843928], [68.05730577923703, 26.649939571233187], [68.05680937390925, 26.649214013721107]], [[68.05647976882035, 26.65264258186961], [68.0569769280231, 26.65327786242801], [68.05626991886918, 26.653724584802394], [68.05607714453349, 26.65273019159712], [68.05647976882035, 26.65264258186961]], [[68.05628773652916, 26.651557910698557], [68.05628625180113, 26.65173846689953], [68.05618726704783, 26.6515572436058], [68.05628773652916, 26.651557910698557]], [[68.0555881647574, 26.651101849126924], [68.0554862097385, 26.65128173772112], [68.05518628853119, 26.65109917839434], [68.0555881647574, 26.651101849126924]], [[68.05729762244236, 26.65093263079868], [68.0571956702221, 26.65111252069838], [68.05659508187021, 26.650837686637693], [68.05729762244236, 26.65093263079868]], [[68.05649906599463, 26.650295351060606], [68.05639414415413, 26.650836352848913], [68.05579058836058, 26.650922627876074], [68.05619840324705, 26.65020307198899], [68.05649906599463, 26.650295351060606]], [[68.0568056644926, 26.649665404431612], [68.05680418070148, 26.64984596070766], [68.05660472881652, 26.649664070994636], [68.0568056644926, 26.649665404431612]]]}, "properties": {"name": "Sentinel-1 Flood Inundation Extent", "source": "Sentinel-1 RTC C-Band"}}, {"type": "Feature", "geometry": {"type": "Polygon", "coordinates": [[[68.05001827820902, 26.656391423717626], [68.05202700368672, 26.656495119460022], [68.05182008797776, 26.657216002293247], [68.05372761132024, 26.657409281977593], [68.05514168950309, 26.656515861020445], [68.05485216624797, 26.655069408590723], [68.0557549332383, 26.655255975177212], [68.05525851599792, 26.65453041243393], [68.05455595551334, 26.654435457700902], [68.05304068140647, 26.655418482211964], [68.05114065767867, 26.65432241490271], [68.05258229214276, 26.650088732756938], [68.05056546280818, 26.650978105368964], [68.05116454383861, 26.65143352048137], [68.05056172855097, 26.65142949515142], [68.05036228417937, 26.651247596907847], [68.0501695647567, 26.650253196819826], [68.05177854754037, 26.650083373348306], [68.05208740778897, 26.649182603496364], [68.04776656893804, 26.649244007031115], [68.04795776828051, 26.650418965713882], [68.04906291917135, 26.65042636351884], [68.04886796781727, 26.64970279569124], [68.04946927840801, 26.649887383854033], [68.04966498139368, 26.65052067300684], [68.04734746521208, 26.65131770569095], [68.0492518897154, 26.651872154417962], [68.04964479663644, 26.652958177004663], [68.04914842820004, 26.652232593979548], [68.04853812417193, 26.653131338834957], [68.04723350528072, 26.652942033718674], [68.04762714549368, 26.65393778346785], [68.04853213600046, 26.653853561828303], [68.04801929433611, 26.655114087854056], [68.04762414846465, 26.654298894837076], [68.04671915395944, 26.654383110577392], [68.04618827884941, 26.65781029588933], [68.04829824754141, 26.657824441399203], [68.04708955173824, 26.658177473201288], [68.04728150567291, 26.659262153783697], [68.0499951055989, 26.659190037322183], [68.05010380363994, 26.658197652628026], [68.05111154155081, 26.657843253363968], [68.05101853369142, 26.656939803569507], [68.04971012831132, 26.657201909364108], [68.05021623608864, 26.65675387829406], [68.04891531450677, 26.656113198265448], [68.04912224611051, 26.655392319985083], [68.05001827820902, 26.656391423717626]], [[68.04930075089332, 26.658101999861675], [68.04980088294498, 26.658376193254508], [68.04919429058819, 26.658823550305787], [68.04930075089332, 26.658101999861675]], [[68.04960516723618, 26.657742904601804], [68.04980686430834, 26.657653970454195], [68.04990584377998, 26.65783519791063], [68.04960516723618, 26.657742904601804]], [[68.04890334113315, 26.657557643730023], [68.04891306956799, 26.6563840318128], [68.049105038386, 26.65746871058214], [68.04890334113315, 26.657557643730023]], [[68.04730699328279, 26.65619270900053], [68.04771113418917, 26.655924569023945], [68.04760166894623, 26.657007229511336], [68.04730699328279, 26.65619270900053]], [[68.04911102389302, 26.65674648783576], [68.04931197153323, 26.65674783219454], [68.04931047549374, 26.656928387898656], [68.04911102389302, 26.65674648783576]], [[68.05293052180083, 26.656591426183937], [68.05323119826438, 26.656683712462055], [68.05322970839593, 26.656864268373205], [68.05293052180083, 26.656591426183937]], [[68.04811003068204, 26.65628837265846], [68.04821050406998, 26.656289045570283], [68.04820900632721, 26.65646960122817], [68.04811003068204, 26.65628837265846]], [[68.05233364410564, 26.655865184113186], [68.05293871839548, 26.655598368662833], [68.05273479139366, 26.655958141306133], [68.05233364410564, 26.655865184113186]], [[68.04992677476073, 26.655307417513377], [68.05013220383125, 26.65476709327342], [68.05073055551675, 26.655312788363364], [68.04992677476073, 26.655307417513377]], [[68.04832220889703, 26.654935550788707], [68.04852315331996, 26.654936896178356], [68.04852165615716, 26.655117451887037], [68.04832220889703, 26.654935550788707]], [[68.04913571172447, 26.653767318217835], [68.04843465916542, 26.65349177772375], [68.04943787318633, 26.6536790564942], [68.04913571172447, 26.653767318217835]], [[68.04994546080282, 26.653050469957385], [68.04984274775367, 26.65332063208464], [68.04964404900353, 26.65304845491418], [68.04994546080282, 26.653050469957385]], [[68.0500526571348, 26.652238640174197], [68.05065323612857, 26.652513501607668], [68.04994546080282, 26.653050469957385], [68.0500526571348, 26.652238640174197]], [[68.05095837949955, 26.65206412470866], [68.05135951235775, 26.65215708544935], [68.05125754981754, 26.65233697078241], [68.05095837949955, 26.65206412470866]], [[68.05065995739724, 26.651701000080585], [68.05086089629344, 26.65170234201497], [68.05086014965791, 26.651792619972344], [68.05065995739724, 26.651701000080585]], [[68.04996040805153, 26.651244911387742], [68.05016134610841, 26.65124625428978], [68.05015985176294, 26.651426810178247], [68.04996040805153, 26.651244911387742]]]}, "properties": {"name": "Sentinel-1 Flood Inundation Extent", "source": "Sentinel-1 RTC C-Band"}}, {"type": "Feature", "geometry": {"type": "Polygon", "coordinates": [[[68.05645453048619, 26.655712036353552], [68.05544682677193, 26.656066474549043], [68.05543716529671, 26.65724008874241], [68.056843807703, 26.65724943084071], [68.05564331546987, 26.65660947806382], [68.05654906522554, 26.65643492776281], [68.05645453048619, 26.655712036353552]]]}, "properties": {"name": "Sentinel-1 Flood Inundation Extent", "source": "Sentinel-1 RTC C-Band"}}, {"type": "Feature", "geometry": {"type": "Polygon", "coordinates": [[[68.05522803914218, 26.658231810972932], [68.05523175614715, 26.65778042101216], [68.05080638265122, 26.658292629837952], [68.05160272176346, 26.659200775148154], [68.05522803914218, 26.658231810972932]], [[68.05180815059713, 26.65866044875276], [68.05200910174668, 26.658661789387143], [68.05200760982696, 26.658842345184073], [68.05180815059713, 26.65866044875276]]]}, "properties": {"name": "Sentinel-1 Flood Inundation Extent", "source": "Sentinel-1 RTC C-Band"}}, {"type": "Feature", "geometry": {"type": "Polygon", "coordinates": [[[68.05687525848404, 26.665645950877792], [68.05808623052143, 26.665022003556732], [68.05618897163389, 26.663564887904414], [68.05537472303402, 26.664823437240383], [68.05608106241698, 26.664466999845466], [68.05687525848404, 26.665645950877792]]]}, "properties": {"name": "Sentinel-1 Flood Inundation Extent", "source": "Sentinel-1 RTC C-Band"}}, {"type": "Feature", "geometry": {"type": "Polygon", "coordinates": [[[68.04818364862699, 26.707930470442655], [68.04707869495427, 26.707832773911193], [68.0474755112306, 26.708467412917074], [68.04918733590023, 26.7081177622635], [68.04889552934695, 26.706942138211083], [68.04788659743525, 26.70738678481611], [68.04818364862699, 26.707930470442655]]]}, "properties": {"name": "Sentinel-1 Flood Inundation Extent", "source": "Sentinel-1 RTC C-Band"}}, {"type": "Feature", "geometry": {"type": "Polygon", "coordinates": [[[68.05068763304538, 26.709030627440892], [68.04957442128016, 26.70992599917768], [68.04966070135518, 26.71164193863932], [68.05068089520782, 26.709843122416032], [68.05208369601792, 26.71039419216561], [68.05279481274547, 26.709496117495465], [68.05068763304538, 26.709030627440892]]]}, "properties": {"name": "Sentinel-1 Flood Inundation Extent", "source": "Sentinel-1 RTC C-Band"}}, {"type": "Feature", "geometry": {"type": "Polygon", "coordinates": [[[68.05196298709686, 26.71283100582647], [68.05154892527595, 26.714272754153757], [68.05256164192454, 26.713376697090904], [68.05295850731834, 26.71401132159277], [68.0536860609821, 26.71112714360224], [68.05196298709686, 26.71283100582647]]]}, "properties": {"name": "Sentinel-1 Flood Inundation Extent", "source": "Sentinel-1 RTC C-Band"}}, {"type": "Feature", "geometry": {"type": "Polygon", "coordinates": [[[68.05678065932753, 26.713765930828078], [68.05719242285576, 26.71259499739541], [68.05598540224445, 26.7126772556727], [68.0554708670203, 26.71411834807868], [68.05678065932753, 26.713765930828078]]]}, "properties": {"name": "Sentinel-1 Flood Inundation Extent", "source": "Sentinel-1 RTC C-Band"}}, {"type": "Feature", "geometry": {"type": "Polygon", "coordinates": [[[68.05657068132486, 26.714847922133846], [68.05576126776134, 26.715474514263367], [68.0552690732171, 26.71420728705402], [68.05444921522371, 26.716097753125506], [68.05696534247072, 26.715753367929725], [68.05824766146975, 26.718741198183732], [68.05895507283192, 26.71829448038371], [68.05856707175977, 26.71657654383396], [68.05776657582511, 26.7161198194184], [68.05797505914015, 26.71521838097266], [68.05706586826402, 26.715754035954088], [68.05697278129232, 26.714850594838804], [68.05858415207989, 26.714500164832366], [68.05828926312239, 26.713685667629928], [68.05607401295651, 26.714122361282055], [68.05657068132486, 26.714847922133846]], [[68.05776583254385, 26.71621009673727], [68.05776434597084, 26.7163906513715], [68.05766530632968, 26.716209429198212], [68.05776583254385, 26.71621009673727]], [[68.05687076840036, 26.715030481391654], [68.05686928049151, 26.715211036009293], [68.05666971809957, 26.71502914502873], [68.05687076840036, 26.715030481391654]]]}, "properties": {"name": "Sentinel-1 Flood Inundation Extent", "source": "Sentinel-1 RTC C-Band"}}, {"type": "Feature", "geometry": {"type": "Polygon", "coordinates": [[[68.05705396668931, 26.71719847269839], [68.05675982648229, 26.71629369543459], [68.05595561651307, 26.71628834741233], [68.05584466284157, 26.71755156021997], [68.05705396668931, 26.71719847269839]]]}, "properties": {"name": "Sentinel-1 Flood Inundation Extent", "source": "Sentinel-1 RTC C-Band"}}, {"type": "Feature", "geometry": {"type": "Polygon", "coordinates": [[[68.05312370299973, 26.718345968671727], [68.05375001180195, 26.715551399119118], [68.05303213990923, 26.717261971702232], [68.05082429064149, 26.716795809457647], [68.05172603725643, 26.71716296708519], [68.05082054671038, 26.71724719509061], [68.05101486269602, 26.718061033955873], [68.05242748289845, 26.717438499463668], [68.0523172364948, 26.71861143110513], [68.05312370299973, 26.718345968671727]]]}, "properties": {"name": "Sentinel-1 Flood Inundation Extent", "source": "Sentinel-1 RTC C-Band"}}, {"type": "Feature", "geometry": {"type": "Polygon", "coordinates": [[[68.05351237374494, 26.71997364052653], [68.0526031243973, 26.720509265004445], [68.05450797003365, 26.721153946316853], [68.05380798966567, 26.72069786931802], [68.0543233240336, 26.7191665084059], [68.05281913010899, 26.718705064466768], [68.05351237374494, 26.71997364052653]]]}, "properties": {"name": "Sentinel-1 Flood Inundation Extent", "source": "Sentinel-1 RTC C-Band"}}, {"type": "Feature", "geometry": {"type": "Polygon", "coordinates": [[[68.04597493688853, 26.71965231410099], [68.0446688152683, 26.719553243983967], [68.04496060598788, 26.72072887436788], [68.04556453797592, 26.720642656223145], [68.04597493688853, 26.71965231410099]]]}, "properties": {"name": "Sentinel-1 Flood Inundation Extent", "source": "Sentinel-1 RTC C-Band"}}, {"type": "Feature", "geometry": {"type": "Polygon", "coordinates": [[[68.04622801205527, 26.737529835668365], [68.04864408852511, 26.73718493607697], [68.04903800658649, 26.738180678305493], [68.04974557515823, 26.737734011779875], [68.04845276663102, 26.736009988431338], [68.04684557865318, 26.735818632764857], [68.04622801205527, 26.737529835668365]]]}, "properties": {"name": "Sentinel-1 Flood Inundation Extent", "source": "Sentinel-1 RTC C-Band"}}, {"type": "Feature", "geometry": {"type": "Polygon", "coordinates": [[[68.0518135915607, 26.742984201103457], [68.05120804618169, 26.743250996189207], [68.05139865696786, 26.74451621679857], [68.05270656730299, 26.744434678666746], [68.0518135915607, 26.742984201103457]]]}, "properties": {"name": "Sentinel-1 Flood Inundation Extent", "source": "Sentinel-1 RTC C-Band"}}, {"type": "Feature", "geometry": {"type": "Polygon", "coordinates": [[[68.04548225888645, 26.754588058241925], [68.04729233225801, 26.75460023450375], [68.04919395079395, 26.755696381341533], [68.04941159709152, 26.75371164477358], [68.04840149643852, 26.754246557831053], [68.04851333287742, 26.752893083808544], [68.04680384403925, 26.75288160001093], [68.04732394662138, 26.750808618140137], [68.0466215588144, 26.75062333327369], [68.04629954634375, 26.753058771601946], [68.04730061281425, 26.753607192322193], [68.0455888515555, 26.753866523184442], [68.04548225888645, 26.754588058241925]], [[68.04829943307058, 26.754426435943966], [68.04829792907161, 26.754606989110084], [68.04809831399726, 26.75442508560373], [68.04829943307058, 26.754426435943966]], [[68.04769983821144, 26.75397100121084], [68.04769908575486, 26.754061277784515], [68.0475992790914, 26.753970325661694], [68.04769983821144, 26.75397100121084]]]}, "properties": {"name": "Sentinel-1 Flood Inundation Extent", "source": "Sentinel-1 RTC C-Band"}}, {"type": "Feature", "geometry": {"type": "Polygon", "coordinates": [[[68.05258606313754, 26.75896923266723], [68.05219729127862, 26.757341563943456], [68.05280216172278, 26.75716504373705], [68.0529890662586, 26.75888164410108], [68.053693011535, 26.75888634548321], [68.05309860987589, 26.75779899601996], [68.05432852839408, 26.755008473942475], [68.0535307775174, 26.754190614501727], [68.05415281785676, 26.751937722647373], [68.05224522076433, 26.7515638559902], [68.05253491498324, 26.753010299933738], [68.05343919299436, 26.753106622338173], [68.05232855673178, 26.753640892595634], [68.0519398042085, 26.75201322253514], [68.05053424967737, 26.75173297107058], [68.05020781349639, 26.754710079847147], [68.05150459893538, 26.75598270578839], [68.0490888815879, 26.756237366324513], [68.04955488250674, 26.760664290092166], [68.0516637515236, 26.76103954214612], [68.05115492455613, 26.761758389488772], [68.05337411304689, 26.760960693925398], [68.05366608560396, 26.76213630480224], [68.05467249782536, 26.76205273928902], [68.05478202955277, 26.76097009004381], [68.05388367035967, 26.760151561415274], [68.05297409684788, 26.760687176876285], [68.05277820704602, 26.760053896496025], [68.05126973807647, 26.76004380768563], [68.04937854553607, 26.757683815033666], [68.05149185668483, 26.75751740864421], [68.05258606313754, 26.75896923266723]], [[68.05176731485005, 26.760679108603366], [68.05196919444633, 26.760590177427407], [68.05206826107931, 26.76077140323743], [68.05176731485005, 26.760679108603366]], [[68.05237145476626, 26.76059286741186], [68.05247201985505, 26.760593539729644], [68.05247052204899, 26.76077409295755], [68.05237145476626, 26.76059286741186]], [[68.05079092078553, 26.75715159010354], [68.05129523031835, 26.75697440292793], [68.05119091944923, 26.757425112983505], [68.05079092078553, 26.75715159010354]], [[68.05159616646999, 26.757066698343746], [68.0517972903978, 26.757068043844487], [68.0517957917544, 26.757248597126868], [68.05159616646999, 26.757066698343746]], [[68.04958718114995, 26.75678239788726], [68.04978905535452, 26.756693469631088], [68.04988736447926, 26.756964973476407], [68.04958718114995, 26.75678239788726]], [[68.05200290923202, 26.75652772915324], [68.05220403223476, 26.756529074051933], [68.0522010362895, 26.75689018068208], [68.05200290923202, 26.75652772915324]], [[68.05099654449559, 26.756611277008496], [68.05109710603938, 26.756611950209304], [68.05109635618099, 26.756702226838545], [68.05099654449559, 26.756611277008496]], [[68.05280964681961, 26.756262277004293], [68.05311207895062, 26.75617401582257], [68.05321039564298, 26.75644551757967], [68.05280964681961, 26.756262277004293]], [[68.05230908707696, 26.75598808639826], [68.05261077018821, 26.75599010295025], [68.0526092729004, 26.756170656302682], [68.05230908707696, 26.75598808639826]], [[68.05311731661605, 26.755542078976823], [68.05342273851278, 26.755092710242273], [68.05361862431018, 26.75572599003862], [68.0528156346435, 26.755540063533903], [68.05311731661605, 26.755542078976823]], [[68.05211920018726, 26.75463259157813], [68.0516178998217, 26.75444867537584], [68.05302648362286, 26.75436781011665], [68.05251395270263, 26.75553804744915], [68.05211920018726, 26.75463259157813]], [[68.05352554244568, 26.754822551543626], [68.05372591481296, 26.754914170924067], [68.0536238590722, 26.755094053060226], [68.05352554244568, 26.754822551543626]], [[68.05071061276878, 26.754713447714693], [68.05071286305362, 26.754442617777816], [68.05131472163404, 26.754627210142242], [68.05071061276878, 26.754713447714693]], [[68.05072186387532, 26.753359297925055], [68.0516343852137, 26.75246258833038], [68.05172520299566, 26.75363685797554], [68.05071661345777, 26.7539912345263], [68.05072186387532, 26.753359297925055]], [[68.05273004415521, 26.75373385762602], [68.05313302857725, 26.753646268095807], [68.05313153226689, 26.753826821535267], [68.05273004415521, 26.75373385762602]], [[68.05334611400826, 26.752203183489886], [68.05344667174107, 26.75220385492197], [68.05344592388224, 26.75229413166885], [68.05334611400826, 26.752203183489886]]]}, "properties": {"name": "Sentinel-1 Flood Inundation Extent", "source": "Sentinel-1 RTC C-Band"}}, {"type": "Feature", "geometry": {"type": "Polygon", "coordinates": [[[68.05638138194277, 26.76215440850954], [68.05648791465835, 26.76143286438148], [68.05528261696105, 26.761244272458242], [68.0551775704814, 26.76178526216433], [68.05598284650432, 26.761700346311184], [68.05567592313903, 26.76233027330501], [68.05687825106197, 26.762879968986894], [68.05819753625245, 26.76144423476501], [68.05638138194277, 26.76215440850954]], [[68.05698478147686, 26.76215842449343], [68.05698403609146, 26.762248701205856], [68.05678364828479, 26.762157086117476], [68.05698478147686, 26.76215842449343]]]}, "properties": {"name": "Sentinel-1 Flood Inundation Extent", "source": "Sentinel-1 RTC C-Band"}}, {"type": "Feature", "geometry": {"type": "Polygon", "coordinates": [[[68.05567293741626, 26.76269138000248], [68.05535555536703, 26.76458517919242], [68.05816105634541, 26.765867794291328], [68.05847020923848, 26.76496703197239], [68.05595747501097, 26.764769753188265], [68.05637392316315, 26.763057175424482], [68.05567293741626, 26.76269138000248]], [[68.05756434232268, 26.765051292628005], [68.05746228295686, 26.765231177195158], [68.05716206569656, 26.765048616968745], [68.05756434232268, 26.765051292628005]]]}, "properties": {"name": "Sentinel-1 Flood Inundation Extent", "source": "Sentinel-1 RTC C-Band"}}, {"type": "Feature", "geometry": {"type": "Polygon", "coordinates": [[[68.0526229765154, 26.766643415090858], [68.05141988131422, 26.766183959604227], [68.05030610367649, 26.767079315363024], [68.05100334639341, 26.7678965198005], [68.0526229765154, 26.766643415090858]], [[68.05161652269928, 26.766726964886647], [68.05181691402082, 26.766818587325826], [68.0518161643995, 26.766908863843913], [68.05161652269928, 26.766726964886647]]]}, "properties": {"name": "Sentinel-1 Flood Inundation Extent", "source": "Sentinel-1 RTC C-Band"}}, {"type": "Feature", "geometry": {"type": "Polygon", "coordinates": [[[68.04452447191187, 26.772908741882514], [68.04501979843224, 26.773814894599084], [68.04592272368636, 26.774091821428026], [68.04623124242343, 26.77328136627797], [68.04452447191187, 26.772908741882514]]]}, "properties": {"name": "Sentinel-1 Flood Inundation Extent", "source": "Sentinel-1 RTC C-Band"}}, {"type": "Feature", "geometry": {"type": "Polygon", "coordinates": [[[68.05344652905386, 26.776489601739996], [68.05355683923017, 26.77531667983483], [68.05124279376619, 26.77539148472579], [68.05183876342623, 26.7762982884694], [68.05062806246829, 26.77674158800383], [68.05052147540343, 26.777463124833186], [68.04983545235277, 26.775291772407336], [68.05043967114986, 26.775205541712396], [68.05034885674347, 26.77403127466434], [68.04843488685606, 26.77437955921669], [68.04943614763907, 26.77492796845734], [68.04992626204304, 26.776466039465195], [68.04941359307264, 26.77763625851864], [68.05011389662134, 26.77809236237303], [68.04980839743301, 26.77854172056498], [68.04870953307682, 26.777631532833105], [68.04880033222848, 26.778805799972663], [68.04960648404767, 26.77863064755525], [68.04919663962549, 26.779530710985444], [68.04829667435614, 26.778892698800245], [68.0480872294677, 26.779884386185493], [68.04979411660035, 26.78025697037012], [68.04990221452591, 26.7793548819443], [68.05200992836438, 26.779910689730368], [68.0508097009948, 26.77909012092109], [68.05072038268472, 26.777735301863494], [68.0510288783969, 26.776924836034535], [68.05223433259559, 26.777113467913804], [68.05254731189787, 26.775761339867266], [68.05264189621333, 26.776484223786127], [68.05344652905386, 26.776489601739996]], [[68.04919588751845, 26.77962098727284], [68.04949763279744, 26.77962301209793], [68.04939554712769, 26.779802889809442], [68.04919588751845, 26.77962098727284]], [[68.05010788584482, 26.778814572978735], [68.05020846691698, 26.778815247325653], [68.05020771563355, 26.778905523648724], [68.05010788584482, 26.778814572978735]], [[68.05031806216394, 26.777732605601425], [68.05041864228883, 26.77773327977402], [68.05041714012135, 26.77791383245761], [68.05031806216394, 26.777732605601425]]]}, "properties": {"name": "Sentinel-1 Flood Inundation Extent", "source": "Sentinel-1 RTC C-Band"}}, {"type": "Feature", "geometry": {"type": "Polygon", "coordinates": [[[68.05272823983614, 26.77820014804415], [68.05162860453844, 26.77738025876992], [68.05121202635793, 26.779092815913167], [68.05292640458717, 26.778562598519475], [68.05364244781032, 26.777122880589385], [68.05233266358138, 26.77738496990967], [68.05272823983614, 26.77820014804415]]]}, "properties": {"name": "Sentinel-1 Flood Inundation Extent", "source": "Sentinel-1 RTC C-Band"}}, {"type": "Feature", "geometry": {"type": "Polygon", "coordinates": [[[68.05380693372392, 26.781547768289784], [68.05401857767158, 26.780285242235973], [68.05532913931451, 26.77993286176516], [68.05372281856884, 26.77956101578134], [68.05321092210367, 26.78064097235331], [68.05380693372392, 26.781547768289784]]]}, "properties": {"name": "Sentinel-1 Flood Inundation Extent", "source": "Sentinel-1 RTC C-Band"}}, {"type": "Feature", "geometry": {"type": "Polygon", "coordinates": [[[68.0517952626887, 26.78153431761246], [68.05179751301792, 26.781263488615387], [68.05019344057679, 26.78062077356486], [68.04988417651246, 26.78152151301729], [68.0517952626887, 26.78153431761246]]]}, "properties": {"name": "Sentinel-1 Flood Inundation Extent", "source": "Sentinel-1 RTC C-Band"}}, {"type": "Feature", "geometry": {"type": "Polygon", "coordinates": [[[68.05057023405867, 26.78369286433908], [68.05116924229601, 26.78423856575922], [68.05258344154907, 26.78352578076235], [68.05249035243791, 26.782622344701444], [68.05329353058104, 26.782808277362477], [68.05330850930099, 26.781002750056956], [68.05220059594218, 26.781175904658788], [68.05299477335916, 26.782445155008205], [68.05068584023253, 26.7818880127646], [68.05067983208656, 26.782610223103344], [68.05208576471118, 26.782890481980164], [68.05057023405867, 26.78369286433908]], [[68.05138617460919, 26.782344110883542], [68.05138467367222, 26.78252466350034], [68.05108442197026, 26.78234208989116], [68.05138617460919, 26.782344110883542]], [[68.05309985234909, 26.781904169250677], [68.05309910325225, 26.781994445610124], [68.05289943384753, 26.781812548092173], [68.05309985234909, 26.781904169250677]]]}, "properties": {"name": "Sentinel-1 Flood Inundation Extent", "source": "Sentinel-1 RTC C-Band"}}, {"type": "Feature", "geometry": {"type": "Polygon", "coordinates": [[[68.05286211049538, 26.798424050695242], [68.05417513191563, 26.79780085884786], [68.05476524989399, 26.799429860600355], [68.05415566296281, 26.800148039275335], [68.05576750610113, 26.799887953573], [68.05545897627323, 26.800698426383374], [68.05676902374336, 26.800436315852885], [68.05677798499566, 26.79935300113375], [68.05547243678228, 26.799073454916364], [68.0562794709994, 26.798807992290204], [68.0566915747523, 26.797637082376454], [68.05629964214651, 26.796370533719017], [68.05318039575624, 26.796439993410743], [68.05226377191613, 26.797788079198966], [68.05286211049538, 26.798424050695242]], [[68.05627199955421, 26.799710754507434], [68.05647319890907, 26.799712095342354], [68.05647170489635, 26.799892647782208], [68.05627199955421, 26.799710754507434]], [[68.05516615138978, 26.799613098618934], [68.05526675094718, 26.799613769855462], [68.05526600299069, 26.799704046045765], [68.05516615138978, 26.799613098618934]], [[68.05487333176387, 26.798527770231285], [68.05507527702032, 26.798438836798496], [68.05517437955491, 26.7986200604771], [68.05487333176387, 26.798527770231285]], [[68.05588230754816, 26.798173376319006], [68.05608425142788, 26.798084441405518], [68.05608200963785, 26.79835527009539], [68.05588230754816, 26.798173376319006]], [[68.05326975070462, 26.79779480854498], [68.05327199911851, 26.797523980053963], [68.05357379210733, 26.797525997441003], [68.05326975070462, 26.79779480854498]], [[68.05367663720419, 26.797255841227443], [68.05548963466363, 26.7969971019344], [68.05528470084805, 26.797447140936967], [68.05367663720419, 26.797255841227443]], [[68.05579142645183, 26.796999114559043], [68.05589202372158, 26.79699978529104], [68.05589127634472, 26.79709006153098], [68.05579142645183, 26.796999114559043]]]}, "properties": {"name": "Sentinel-1 Flood Inundation Extent", "source": "Sentinel-1 RTC C-Band"}}, {"type": "Feature", "geometry": {"type": "Polygon", "coordinates": [[[68.04660538918382, 26.800729369806767], [68.04741396263022, 26.800283406690728], [68.04702514361134, 26.79865573136057], [68.04571509729358, 26.798917751743016], [68.0467142917121, 26.79973701160512], [68.04660538918382, 26.800729369806767]]]}, "properties": {"name": "Sentinel-1 Flood Inundation Extent", "source": "Sentinel-1 RTC C-Band"}}, {"type": "Feature", "geometry": {"type": "Polygon", "coordinates": [[[68.0525498781097, 26.811783560389426], [68.05427223824216, 26.810350581777843], [68.05368132643031, 26.808811855179744], [68.05297707311229, 26.8088071456493], [68.05326314879711, 26.81070496064609], [68.0525498781097, 26.811783560389426]]]}, "properties": {"name": "Sentinel-1 Flood Inundation Extent", "source": "Sentinel-1 RTC C-Band"}}, {"type": "Feature", "geometry": {"type": "Polygon", "coordinates": [[[68.05491960270943, 26.817216261255528], [68.0557267679704, 26.81695080586002], [68.05602188124686, 26.817765303220185], [68.05583112316408, 26.816500097161796], [68.05684175161136, 26.815965149363443], [68.05492783929884, 26.816223225653868], [68.05491960270943, 26.817216261255528]]]}, "properties": {"name": "Sentinel-1 Flood Inundation Extent", "source": "Sentinel-1 RTC C-Band"}}, {"type": "Feature", "geometry": {"type": "Polygon", "coordinates": [[[68.04859658120438, 26.839382955769132], [68.04830675367636, 26.837936516688554], [68.0458143811736, 26.835121028776715], [68.04631980298151, 26.83485359508679], [68.04721943295368, 26.835581901799852], [68.0472269877867, 26.834679146529187], [68.04642421390628, 26.8344028958673], [68.04712937965517, 26.834317366633968], [68.04792687036937, 26.83522554216571], [68.04843681498501, 26.834416447424992], [68.04632963315782, 26.83368001339916], [68.04480731760019, 26.835204513222294], [68.04261166223202, 26.83302293769867], [68.04322150303719, 26.83230481862453], [68.04191713638258, 26.831844588658], [68.04160233604281, 26.83337722600628], [68.04280836608342, 26.833565952105875], [68.04199117923662, 26.83500490945069], [68.04289761206913, 26.834920764282447], [68.04318660535317, 26.83645748843402], [68.04399014319449, 26.83664348214544], [68.04257977813056, 26.83681450482207], [68.04307383224594, 26.83790121402045], [68.04095825814939, 26.83815772829118], [68.04165357031272, 26.839245806436672], [68.0407432984505, 26.839781319138698], [68.04284979391292, 26.840608113142572], [68.04235269308987, 26.8398825046774], [68.04336435152403, 26.839257386694662], [68.04378357146918, 26.83727404974017], [68.04538460727038, 26.83836822973133], [68.04497449948784, 26.839268266865954], [68.04588626147465, 26.838552175362405], [68.04728984434702, 26.839193599535626], [68.0479019557966, 26.838204634491596], [68.04789365008025, 26.83919766498327], [68.04859658120438, 26.839382955769132]], [[68.04185179910834, 26.83960827121561], [68.04174964468, 26.839788140161026], [68.04165053014584, 26.839606907737494], [68.04185179910834, 26.83960827121561]], [[68.0428642167528, 26.838892881436646], [68.04286269861977, 26.83907343216246], [68.04276358287231, 26.838892200470323], [68.0428642167528, 26.838892881436646]], [[68.046393967344, 26.83801391554241], [68.04629182149971, 26.838193788036737], [68.04619270093283, 26.83801255860101], [68.046393967344, 26.83801391554241]], [[68.0454905394491, 26.8377369807125], [68.0454890255571, 26.837917531606482], [68.04538990651307, 26.8377363016414], [68.0454905394491, 26.8377369807125]], [[68.04690318001053, 26.837295102752798], [68.04700078966033, 26.837656882702436], [68.04670115887104, 26.837384022054486], [68.04690318001053, 26.837295102752798]], [[68.04610114517018, 26.83692857441245], [68.04629862825396, 26.837381308818212], [68.04589685430108, 26.837288318972856], [68.04610114517018, 26.83692857441245]], [[68.04509558016377, 26.83683150956425], [68.04509482293605, 26.836921785012965], [68.04489431591918, 26.836830150830863], [68.04509558016377, 26.83683150956425]], [[68.04710897902093, 26.8367548056511], [68.04710746775984, 26.836935356655413], [68.04670645058059, 26.83675209363382], [68.04710897902093, 26.8367548056511]], [[68.04671098619306, 26.8362104406561], [68.0467087184028, 26.836481267150226], [68.04650972295143, 26.836209084249763], [68.04671098619306, 26.8362104406561]], [[68.04570996709698, 26.83557172741955], [68.04580681499591, 26.836023783618977], [68.04540807402164, 26.835569690611344], [68.04570996709698, 26.83557172741955]], [[68.04340000546665, 26.835014442885644], [68.04400378835062, 26.835018524349934], [68.04390088350924, 26.83528867060246], [68.04340000546665, 26.835014442885644]]]}, "properties": {"name": "Sentinel-1 Flood Inundation Extent", "source": "Sentinel-1 RTC C-Band"}}, {"type": "Feature", "geometry": {"type": "Polygon", "coordinates": [[[68.05584302200204, 26.839341228772128], [68.05433275253687, 26.839421420755457], [68.05463990474733, 26.83879150909224], [68.05403685018409, 26.838697196835753], [68.0536290603676, 26.839326433869598], [68.05452802319279, 26.84014497145526], [68.05392045956232, 26.840592312372703], [68.05462266021604, 26.840867849301702], [68.05584302200204, 26.839341228772128]], [[68.05503644599229, 26.83951640416973], [68.05513708078394, 26.839517076420034], [68.05513558207493, 26.839697627774637], [68.05503644599229, 26.83951640416973]]]}, "properties": {"name": "Sentinel-1 Flood Inundation Extent", "source": "Sentinel-1 RTC C-Band"}}, {"type": "Feature", "geometry": {"type": "Polygon", "coordinates": [[[68.05332415349227, 26.839685516224137], [68.0518078624857, 26.840487885809665], [68.0521014993352, 26.8414829406889], [68.05361780186078, 26.840680568360586], [68.05332415349227, 26.839685516224137]]]}, "properties": {"name": "Sentinel-1 Flood Inundation Extent", "source": "Sentinel-1 RTC C-Band"}}, {"type": "Feature", "geometry": {"type": "Polygon", "coordinates": [[[68.04233598320181, 26.841868561828004], [68.04334462468269, 26.841604545987213], [68.04384022229651, 26.84251070184897], [68.04545420211322, 26.84207020087413], [68.04574930042277, 26.84288471658978], [68.0461609292202, 26.84180412701961], [68.04234281927393, 26.84105608397134], [68.04233598320181, 26.841868561828004]], [[68.04465138132657, 26.8417939391681], [68.04465062358392, 26.841884214541764], [68.0444501083346, 26.84179257957103], [68.04465138132657, 26.8417939391681]]]}, "properties": {"name": "Sentinel-1 Flood Inundation Extent", "source": "Sentinel-1 RTC C-Band"}}, {"type": "Feature", "geometry": {"type": "Polygon", "coordinates": [[[68.04653851810518, 26.84478592942991], [68.04523020879978, 26.844777103477313], [68.04582420377866, 26.84595475817324], [68.04652944174363, 26.84586923397519], [68.04653851810518, 26.84478592942991]]]}, "properties": {"name": "Sentinel-1 Flood Inundation Extent", "source": "Sentinel-1 RTC C-Band"}}, {"type": "Feature", "geometry": {"type": "Polygon", "coordinates": [[[68.0635038672232, 26.65377243340046], [68.06148705178192, 26.654661961076105], [68.06218445567256, 26.655388829200138], [68.0643046958549, 26.654138840307972], [68.06340560608257, 26.65350093657697], [68.06372837983183, 26.650884852162534], [68.06262469454784, 26.650697011703194], [68.06281457413256, 26.652052510783374], [68.06180249275896, 26.652948665009397], [68.06250431382878, 26.65313386209888], [68.06301182888275, 26.652505226888415], [68.06290177473218, 26.653678181829665], [68.0635038672232, 26.65377243340046]], [[68.06351712825938, 26.652147424515352], [68.06331397728164, 26.652416935275877], [68.06291430707371, 26.65214345147036], [68.06351712825938, 26.652147424515352]]]}, "properties": {"name": "Sentinel-1 Flood Inundation Extent", "source": "Sentinel-1 RTC C-Band"}}, {"type": "Feature", "geometry": {"type": "Polygon", "coordinates": [[[68.06067809998208, 26.65528859838121], [68.0598765360463, 26.65501244934065], [68.05986618062177, 26.65627634334236], [68.060972130552, 26.656193371885784], [68.06096621984194, 26.656915597165057], [68.06178034917122, 26.655657011304264], [68.06027103301784, 26.65591788873081], [68.06067809998208, 26.65528859838121]]]}, "properties": {"name": "Sentinel-1 Flood Inundation Extent", "source": "Sentinel-1 RTC C-Band"}}, {"type": "Feature", "geometry": {"type": "Polygon", "coordinates": [[[68.0628678586562, 26.65783097993614], [68.05895895564204, 26.65663147117265], [68.05885255751564, 26.657353030646718], [68.05975904877532, 26.657088181812906], [68.05955070009703, 26.657989633315584], [68.0628678586562, 26.65783097993614]], [[68.06035819867714, 26.65754355959331], [68.06025624497005, 26.65772345149524], [68.0600575137554, 26.65745128819541], [68.06035819867714, 26.65754355959331]]]}, "properties": {"name": "Sentinel-1 Flood Inundation Extent", "source": "Sentinel-1 RTC C-Band"}}, {"type": "Feature", "geometry": {"type": "Polygon", "coordinates": [[[68.05942357975255, 26.661238979306578], [68.0612284912691, 26.66170232947006], [68.06093148992014, 26.661158669173716], [68.06194291422348, 26.660352802396126], [68.06314200728399, 26.6611732598945], [68.0636495559184, 26.660544623951324], [68.06254651608748, 26.66026650253819], [68.06295506173663, 26.65945664978089], [68.0611405732046, 26.660166937790823], [68.06054953856118, 26.658718503765787], [68.0598462075165, 26.658713852557415], [68.05942357975255, 26.661238979306578]], [[68.06023036253268, 26.66088318521067], [68.06022888340733, 26.66106374137983], [68.06012988477222, 26.660882520689935], [68.06023036253268, 26.66088318521067]], [[68.06053771029998, 26.66016295356104], [68.06083840267782, 26.66025522410561], [68.06043501502604, 26.660433123569756], [68.06053771029998, 26.66016295356104]]]}, "properties": {"name": "Sentinel-1 Flood Inundation Extent", "source": "Sentinel-1 RTC C-Band"}}, {"type": "Feature", "geometry": {"type": "Polygon", "coordinates": [[[68.05860049249634, 26.663580885154847], [68.05828645195567, 26.665113613589874], [68.0605022201655, 26.664496301155637], [68.06059530710417, 26.665399745932888], [68.062003528262, 26.66522848345537], [68.06201238765195, 26.664145146453123], [68.06291523872174, 26.664331669503532], [68.06242906857507, 26.662342236834576], [68.06131936611165, 26.662876608484204], [68.06062340244236, 26.66196917965314], [68.06041578987264, 26.662780353691815], [68.05951295551579, 26.66259381514687], [68.06000573427771, 26.66377075407864], [68.05860049249634, 26.663580885154847]], [[68.06160455626288, 26.664864717287788], [68.06160381765545, 26.66495499535801], [68.06130311241084, 26.664862726152798], [68.06160455626288, 26.664864717287788]], [[68.06110880072816, 26.664048895806644], [68.06120337005399, 26.664771784238056], [68.06090710048501, 26.66413784585329], [68.06110880072816, 26.664048895806644]], [[68.05960085255829, 26.66412920679044], [68.05959789189443, 26.664490318893755], [68.0593998913911, 26.664127876638346], [68.05960085255829, 26.66412920679044]], [[68.06171168415263, 26.664052878149533], [68.06171020715503, 26.664233434314998], [68.06151072299723, 26.664051550986038], [68.06171168415263, 26.664052878149533]], [[68.06081622929406, 26.66296356686598], [68.06131345586992, 26.663598833156268], [68.06021039316428, 26.6633206931008], [68.06081622929406, 26.66296356686598]]]}, "properties": {"name": "Sentinel-1 Flood Inundation Extent", "source": "Sentinel-1 RTC C-Band"}}, {"type": "Feature", "geometry": {"type": "Polygon", "coordinates": [[[68.06551303153333, 26.66615443815574], [68.06500546707058, 26.66678307988276], [68.06752121487101, 26.666348197777673], [68.06731511019314, 26.666978826094205], [68.06801849341625, 26.666983441661436], [68.068022895106, 26.666441772383077], [68.0651221393517, 26.66479762179509], [68.06401537149584, 26.66497090148456], [68.06431018745518, 26.665785390082856], [68.06331495045175, 26.664605153960053], [68.06220522965124, 26.665139531893693], [68.06380188131034, 26.66650430552194], [68.06551303153333, 26.66615443815574]], [[68.06591496168726, 26.666157081071013], [68.06591349117113, 26.666337637400378], [68.06581447914358, 26.666156420448758], [68.06591496168726, 26.666157081071013]], [[68.06481259836694, 26.665788697759993], [68.06481186225476, 26.665878975901485], [68.06471211617765, 26.665788036366646], [68.06481259836694, 26.665788697759993]]]}, "properties": {"name": "Sentinel-1 Flood Inundation Extent", "source": "Sentinel-1 RTC C-Band"}}, {"type": "Feature", "geometry": {"type": "Polygon", "coordinates": [[[68.06156983795134, 26.669107785327558], [68.06167475503705, 26.66856678088664], [68.05916190211556, 26.668640445631855], [68.05925720256405, 26.669273056721305], [68.06156983795134, 26.669107785327558]], [[68.05976332897956, 26.668824992816468], [68.05996429839757, 26.66882632267078], [68.0598623334736, 26.669006213727442], [68.05976332897956, 26.668824992816468]]]}, "properties": {"name": "Sentinel-1 Flood Inundation Extent", "source": "Sentinel-1 RTC C-Band"}}, {"type": "Feature", "geometry": {"type": "Polygon", "coordinates": [[[68.06637327666854, 26.671577071743826], [68.0661796541397, 26.670672969734046], [68.0635670060631, 26.67065577264538], [68.06415592534236, 26.672375028464874], [68.06656763697019, 26.67239089535318], [68.067584263347, 26.67095304425881], [68.06817251110448, 26.672762563109412], [68.06968276744043, 26.672411329505778], [68.07078447898076, 26.672869954963204], [68.06978545278713, 26.672141152971893], [68.07039862684645, 26.670881204626035], [68.06918838832856, 26.67141497834733], [68.06889792246143, 26.67005883008682], [68.06869108474483, 26.670779738278483], [68.06738769521277, 26.670410056207498], [68.06819745451169, 26.669693105672383], [68.06648993287452, 26.66959161336215], [68.06637327666854, 26.671577071743826]], [[68.06606813819728, 26.67202648075522], [68.06606740287393, 26.672116758849857], [68.06586716281942, 26.672025159387914], [68.06606813819728, 26.67202648075522]], [[68.06868668538115, 26.671321407329277], [68.06948765224132, 26.671687787770818], [68.06858473159286, 26.671501304885055], [68.06868668538115, 26.671321407329277]], [[68.06536693204555, 26.6717510204895], [68.06536619617896, 26.671841298569543], [68.06516595719074, 26.67174969814289], [68.06536693204555, 26.6717510204895]], [[68.06496792704687, 26.671387263221607], [68.06496645470526, 26.671567819369166], [68.06476621652526, 26.67147621839642], [68.06496792704687, 26.671387263221607]], [[68.064466228148, 26.671293677390175], [68.06436426786182, 26.671473571744663], [68.06416476715098, 26.671291691883965], [68.064466228148, 26.671293677390175]], [[68.06476916181342, 26.671115106112683], [68.06476842549658, 26.67120538418537], [68.0646686749587, 26.671114444566673], [68.06476916181342, 26.671115106112683]], [[68.06718598820093, 26.670499014924633], [68.0670803604286, 26.67113030205953], [68.06698428088313, 26.67058797334607], [68.06718598820093, 26.670499014924633]], [[68.06709064303513, 26.66986640808738], [68.06718819136378, 26.67022818048904], [68.06688967138412, 26.669865088265134], [68.06709064303513, 26.66986640808738]]]}, "properties": {"name": "Sentinel-1 Flood Inundation Extent", "source": "Sentinel-1 RTC C-Band"}}, {"type": "Feature", "geometry": {"type": "Polygon", "coordinates": [[[68.0705205548552, 26.680632561177955], [68.06931094550403, 26.681076054481863], [68.06950314191344, 26.682160708132294], [68.07061592605862, 26.681265165494025], [68.0705205548552, 26.680632561177955]]]}, "properties": {"name": "Sentinel-1 Flood Inundation Extent", "source": "Sentinel-1 RTC C-Band"}}, {"type": "Feature", "geometry": {"type": "Polygon", "coordinates": [[[68.06386279778447, 26.683658449792784], [68.06628504368679, 26.682410436402257], [68.06619043127161, 26.68168755190289], [68.06709269240726, 26.681964329737227], [68.06720274034059, 26.6807913757452], [68.06579727660089, 26.680601572679617], [68.0643807639196, 26.681765924870746], [68.06417534878148, 26.68230626818553], [68.06507908232916, 26.68240250292591], [68.06357089371366, 26.682482849583135], [68.06386279778447, 26.683658449792784]]]}, "properties": {"name": "Sentinel-1 Flood Inundation Extent", "source": "Sentinel-1 RTC C-Band"}}, {"type": "Feature", "geometry": {"type": "Polygon", "coordinates": [[[68.0593742524461, 26.716220767679836], [68.05897140505313, 26.716308379001816], [68.05915835574639, 26.71802498167043], [68.05996702825152, 26.717488647728253], [68.0593742524461, 26.716220767679836]]]}, "properties": {"name": "Sentinel-1 Flood Inundation Extent", "source": "Sentinel-1 RTC C-Band"}}, {"type": "Feature", "geometry": {"type": "Polygon", "coordinates": [[[68.0588166731437, 26.722897955444658], [68.05820827837326, 26.72352589336988], [68.05830063682131, 26.724519610254692], [68.05960979930494, 26.724257447559335], [68.06052053037757, 26.723541223781336], [68.05812112363996, 26.72190023557258], [68.0588166731437, 26.722897955444658]], [[68.05961276762785, 26.723896338494665], [68.05961202555237, 26.723986615762588], [68.05951223460781, 26.723895672087057], [68.05961276762785, 26.723896338494665]], [[68.05871094169517, 26.723529229272756], [68.0587094561412, 26.7237097837699], [68.05850987635591, 26.723527895125255], [68.05871094169517, 26.723529229272756]], [[68.05941467049271, 26.723533896545707], [68.05941318604897, 26.723714451079303], [68.05931413779687, 26.723533230006076], [68.05941467049271, 26.723533896545707]]]}, "properties": {"name": "Sentinel-1 Flood Inundation Extent", "source": "Sentinel-1 RTC C-Band"}}, {"type": "Feature", "geometry": {"type": "Polygon", "coordinates": [[[68.05918390722933, 26.727143652971193], [68.06057583935073, 26.72904880254363], [68.06138532591325, 26.728422185958685], [68.06127219306161, 26.72995623385748], [68.06227165575007, 26.730685101695364], [68.0626841699669, 26.729423877925793], [68.06368363743536, 26.73015273598155], [68.06368954982246, 26.72943051758907], [68.06520130943738, 26.72898907699995], [68.06521237645468, 26.727634916642305], [68.06168767766069, 26.72833390403278], [68.0622983004701, 26.72743511989989], [68.06098984784, 26.727607029243035], [68.06099725873077, 26.726704256614404], [68.05918390722933, 26.727143652971193]], [[68.06187912586908, 26.72950883832273], [68.06197818311044, 26.729690057696683], [68.06167804983684, 26.729507508390302], [68.06187912586908, 26.72950883832273]], [[68.06238847649242, 26.728699666440196], [68.06389505902763, 26.72889018079238], [68.062486793926, 26.728971162760647], [68.06238847649242, 26.728699666440196]], [[68.0645056679102, 26.72799138684994], [68.06450419121477, 26.7281719415339], [68.06420405764108, 26.727989397532866], [68.0645056679102, 26.72799138684994]], [[68.06038811312611, 26.727422480586675], [68.06098688338604, 26.727968138261783], [68.06038366361057, 26.72796414402821], [68.06038811312611, 26.727422480586675]]]}, "properties": {"name": "Sentinel-1 Flood Inundation Extent", "source": "Sentinel-1 RTC C-Band"}}, {"type": "Feature", "geometry": {"type": "Polygon", "coordinates": [[[68.06417746642855, 26.731239380849544], [68.06527159651561, 26.73269110990243], [68.06498473565848, 26.73088357575061], [68.06317354952736, 26.731052189692527], [68.06316837298576, 26.73168413055213], [68.06417746642855, 26.731239380849544]]]}, "properties": {"name": "Sentinel-1 Flood Inundation Extent", "source": "Sentinel-1 RTC C-Band"}}, {"type": "Feature", "geometry": {"type": "Polygon", "coordinates": [[[68.06698815780663, 26.731799589658632], [68.06648324622292, 26.7320671141676], [68.06637238757844, 26.733330335083267], [68.06758330240186, 26.732796607381356], [68.06698815780663, 26.731799589658632]], [[68.0670835429113, 26.732432192450172], [68.06708207000088, 26.732612747154125], [68.06688246144019, 26.732430869760933], [68.0670835429113, 26.732432192450172]]]}, "properties": {"name": "Sentinel-1 Flood Inundation Extent", "source": "Sentinel-1 RTC C-Band"}}, {"type": "Feature", "geometry": {"type": "Polygon", "coordinates": [[[68.06829273128685, 26.744447665082202], [68.06607248854415, 26.745426161496777], [68.06697008823, 26.746334890981903], [68.06595422952992, 26.74759215065556], [68.06716456257762, 26.747148708739772], [68.06896938135073, 26.74779254559409], [68.06927766106504, 26.746982031160872], [68.06947068278204, 26.747976400571567], [68.0702773219811, 26.74771084605531], [68.06978042909437, 26.746985330517354], [68.0711874463593, 26.747084836506712], [68.07109276257272, 26.74636195957969], [68.0697907157708, 26.745721449081145], [68.06998447481467, 26.746625540781913], [68.06937968486588, 26.746802136718486], [68.0695896107718, 26.74572012962453], [68.06868463844765, 26.74571418854114], [68.06829273128685, 26.744447665082202]], [[68.0686780178018, 26.746526683521335], [68.06837341472693, 26.74688581062621], [68.06827654107042, 26.746433763888543], [68.0686780178018, 26.746526683521335]], [[68.07068908208282, 26.74653987855103], [68.07058706056036, 26.746719774001843], [68.07048797559248, 26.746538560331246], [68.07068908208282, 26.74653987855103]], [[68.06828095675023, 26.745892100633807], [68.06817746005187, 26.746252548697544], [68.06737156343488, 26.746427814278967], [68.0676783775645, 26.745797857764153], [68.06828095675023, 26.745892100633807]], [[68.06908317182085, 26.74616821589884], [68.069081701191, 26.746348770356004], [68.06898261894686, 26.746167555694296], [68.06908317182085, 26.74616821589884]]]}, "properties": {"name": "Sentinel-1 Flood Inundation Extent", "source": "Sentinel-1 RTC C-Band"}}, {"type": "Feature", "geometry": {"type": "Polygon", "coordinates": [[[68.06444518032002, 26.7476724834245], [68.06302336055485, 26.74937845137779], [68.06512838042832, 26.750204884721256], [68.0658389166443, 26.74939703053491], [68.06514019701244, 26.74876045134855], [68.06544850645105, 26.747949946126642], [68.06444518032002, 26.7476724834245]], [[68.06493613223527, 26.74912023350821], [68.0650329945373, 26.749572282074435], [68.06463298834329, 26.749298797808855], [68.06493613223527, 26.74912023350821]], [[68.06423002711641, 26.749386420718157], [68.06412799288927, 26.749566311118386], [68.064028915988, 26.74938509320772], [68.06423002711641, 26.749386420718157]]]}, "properties": {"name": "Sentinel-1 Flood Inundation Extent", "source": "Sentinel-1 RTC C-Band"}}, {"type": "Feature", "geometry": {"type": "Polygon", "coordinates": [[[68.06873369516872, 26.752034252033994], [68.06863828803742, 26.751401651414973], [68.0669221768304, 26.752202904773466], [68.06751889488056, 26.753019368491493], [68.06873369516872, 26.752034252033994]]]}, "properties": {"name": "Sentinel-1 Flood Inundation Extent", "source": "Sentinel-1 RTC C-Band"}}, {"type": "Feature", "geometry": {"type": "Polygon", "coordinates": [[[68.06588707277568, 26.755807364740548], [68.06560384747416, 26.753548450664912], [68.0646892067567, 26.754716083732323], [68.06498128266324, 26.755891674953723], [68.06588707277568, 26.755807364740548]]]}, "properties": {"name": "Sentinel-1 Flood Inundation Extent", "source": "Sentinel-1 RTC C-Band"}}, {"type": "Feature", "geometry": {"type": "Polygon", "coordinates": [[[68.05601492816923, 26.75781844744252], [68.05600821393925, 26.75863093808231], [68.05791817588769, 26.758733926823012], [68.05742429681123, 26.757647262755103], [68.05601492816923, 26.75781844744252]]]}, "properties": {"name": "Sentinel-1 Flood Inundation Extent", "source": "Sentinel-1 RTC C-Band"}}, {"type": "Feature", "geometry": {"type": "Polygon", "coordinates": [[[68.06381295826984, 26.763467635841586], [68.06400743520489, 26.764281456164277], [68.06531039496103, 26.764831745901795], [68.06592119413585, 26.763932955080392], [68.06381295826984, 26.763467635841586]]]}, "properties": {"name": "Sentinel-1 Flood Inundation Extent", "source": "Sentinel-1 RTC C-Band"}}, {"type": "Feature", "geometry": {"type": "Polygon", "coordinates": [[[68.06167061955281, 26.767155018364978], [68.0623812890021, 26.766347186813267], [68.06137781086414, 26.766069699079704], [68.05996091076335, 26.767143687639873], [68.06167061955281, 26.767155018364978]], [[68.0611714750695, 26.766700304134112], [68.06137187445303, 26.76679191326103], [68.06137113238594, 26.76688219002843], [68.0611714750695, 26.766700304134112]]]}, "properties": {"name": "Sentinel-1 Flood Inundation Extent", "source": "Sentinel-1 RTC C-Band"}}, {"type": "Feature", "geometry": {"type": "Polygon", "coordinates": [[[68.05787048594372, 26.788887644771098], [68.05927800430509, 26.78898728166007], [68.05917220230509, 26.789618548486317], [68.05977649157342, 26.78953227994322], [68.05978616405221, 26.78835868616584], [68.05787645020722, 26.78816543356983], [68.05787048594372, 26.788887644771098]]]}, "properties": {"name": "Sentinel-1 Flood Inundation Extent", "source": "Sentinel-1 RTC C-Band"}}, {"type": "Feature", "geometry": {"type": "Polygon", "coordinates": [[[68.06555751477914, 26.79607080146075], [68.06515512788077, 26.796068145652146], [68.06423568307474, 26.797777418611965], [68.06574909399502, 26.79724572344539], [68.06555751477914, 26.79607080146075]], [[68.06544804050824, 26.79715345553791], [68.06544730069055, 26.79724373202382], [68.06524684514855, 26.797152127571486], [68.06544804050824, 26.79715345553791]]]}, "properties": {"name": "Sentinel-1 Flood Inundation Extent", "source": "Sentinel-1 RTC C-Band"}}, {"type": "Feature", "geometry": {"type": "Polygon", "coordinates": [[[68.05899638695429, 26.798735792443583], [68.05819085031081, 26.798820718186516], [68.05861411302631, 26.796295657523952], [68.05720575915774, 26.796286288072285], [68.0574002370068, 26.79710011397698], [68.05810665578545, 26.796833970721632], [68.05779964315762, 26.797463897061], [68.05729740079656, 26.797370273136558], [68.05718262179451, 26.79908485230952], [68.0578853241837, 26.799270091881386], [68.05728098190465, 26.799356350846658], [68.0568449806499, 26.803416100664418], [68.05873184020194, 26.806407936000223], [68.05771981390166, 26.80712345278117], [68.05912457609006, 26.807584201575803], [68.05871022122919, 26.80902594514866], [68.06011277762033, 26.8097575132784], [68.05960377554923, 26.810476381788327], [68.06071345368862, 26.810122624742952], [68.06059052129113, 26.81283024248749], [68.06149528037209, 26.812926525276467], [68.06221367524425, 26.811215945059235], [68.06300964879931, 26.812304589872515], [68.0619961086766, 26.81320068837322], [68.0626981634358, 26.81347618237134], [68.06208260307703, 26.814916602566573], [68.06359402794784, 26.814655766527167], [68.06431092094964, 26.813125728041964], [68.06271227063695, 26.811760934222104], [68.06323090548956, 26.80986846292742], [68.06161075862045, 26.811121668373875], [68.06111588967732, 26.81012529446212], [68.06172994801125, 26.808865429637283], [68.0606247492309, 26.808677537848688], [68.06113373657878, 26.80795866510897], [68.06053753448079, 26.807051898202488], [68.059327279495, 26.807404986327715], [68.05983775805538, 26.80650556574967], [68.06225378289088, 26.80634102728129], [68.06055092630763, 26.805426925815375], [68.06086315258423, 26.80416506045138], [68.05945023183226, 26.804697368264414], [68.05955753840354, 26.803885550388657], [68.06056357310337, 26.80389222932376], [68.05997707199214, 26.801811868564137], [68.06027887691283, 26.801813871957858], [68.06047338498168, 26.802627693835305], [68.06077519210478, 26.802629696227406], [68.06158669859953, 26.801822545899043], [68.06177898737535, 26.802907195182794], [68.06248617539906, 26.802550754627188], [68.06227828810655, 26.803361909181206], [68.06298028375824, 26.80363740059573], [68.06450118622216, 26.802202957542228], [68.06299586452097, 26.801741597196894], [68.06350554628112, 26.800932437651813], [68.06500715810819, 26.801845174496428], [68.06571802854124, 26.801037335122977], [68.06150467337686, 26.799564970623667], [68.06191672695192, 26.798394044292344], [68.06393240641806, 26.797955976805316], [68.06384588874309, 26.796240059295844], [68.06314022777646, 26.796415955217785], [68.06282582480556, 26.797948657408497], [68.06202549370478, 26.79740167043304], [68.06181835645425, 26.79812254867242], [68.06061191917718, 26.798024269030776], [68.06080865466804, 26.798567261733606], [68.06010074267775, 26.799013970940983], [68.06000460857571, 26.79847164520076], [68.06040700335994, 26.79847431586426], [68.06021026994597, 26.797931322650488], [68.06162013108408, 26.797760109995263], [68.06172592860958, 26.79712884189925], [68.0589159032304, 26.796297663441855], [68.05940920738661, 26.797474597546685], [68.06031384376779, 26.79757088488126], [68.05960742516156, 26.79783703913694], [68.05880860100378, 26.797109481756976], [68.05899638695429, 26.798735792443583]], [[68.05940399505602, 26.79810653180014], [68.06000684106169, 26.798200816209185], [68.06000460857571, 26.79847164520076], [68.05940399505602, 26.79810653180014]], [[68.06289047891003, 26.814560829171757], [68.06288973650831, 26.814651105369574], [68.06268925297522, 26.81455949677416], [68.06289047891003, 26.814560829171757]], [[68.0628024875905, 26.81302546751082], [68.06280174516846, 26.81311574372594], [68.06260126437166, 26.813024135058495], [68.0628024875905, 26.81302546751082]], [[68.0595165748391, 26.808850742265292], [68.05931386907776, 26.809029957688878], [68.05921624160366, 26.80866818440715], [68.0595165748391, 26.808850742265292]], [[68.06022082975565, 26.808855419272692], [68.0602200854231, 26.808945695474083], [68.0600196140477, 26.808854083342265], [68.06022082975565, 26.808855419272692]], [[68.0599249626451, 26.808131205679054], [68.05982286618728, 26.808311089955474], [68.05962314103164, 26.808129201095372], [68.0599249626451, 26.808131205679054]], [[68.06033260098839, 26.80750194393034], [68.06062995718146, 26.808045604316938], [68.06013138766302, 26.807500608220952], [68.06033260098839, 26.80750194393034]], [[68.06045032146804, 26.80542625819922], [68.06024390232892, 26.806056856449015], [68.05964324883465, 26.805691743384326], [68.06045032146804, 26.80542625819922]], [[68.05894423019899, 26.805055130520852], [68.05924082866764, 26.80568906988675], [68.05853883018122, 26.805413559913163], [68.05894423019899, 26.805055130520852]], [[68.05954636757293, 26.805239693978912], [68.05944427326475, 26.80541957810687], [68.05934590319168, 26.80514808103023], [68.05954636757293, 26.805239693978912]], [[68.06025432109838, 26.804792988998624], [68.06015148405214, 26.80506314993716], [68.06005311255868, 26.804791653302477], [68.06025432109838, 26.804792988998624]], [[68.05825193099466, 26.803606028441134], [68.05905005055814, 26.80442386563075], [68.05814983622109, 26.803785911661315], [68.05825193099466, 26.803606028441134]], [[68.05765278917637, 26.80306035488887], [68.05765129681484, 26.80324090730478], [68.05755218650894, 26.80305968526798], [68.05765278917637, 26.80306035488887]], [[68.05886002145907, 26.803068384765556], [68.05875792813993, 26.8032482684755], [68.05815878565448, 26.802702597023348], [68.05886002145907, 26.803068384765556]], [[68.05917076914986, 26.801987075563652], [68.05996888451631, 26.802804907633455], [68.05876314521232, 26.802616334798486], [68.05917076914986, 26.801987075563652]], [[68.06319484259703, 26.80201375767565], [68.06328951098492, 26.802736634177197], [68.06279020876255, 26.80228192367193], [68.06319484259703, 26.80201375767565]], [[68.06289452087671, 26.80183120776384], [68.06289303689461, 26.802011760483197], [68.06279391914214, 26.801830541895292], [68.06289452087671, 26.80183120776384]], [[68.05776607500003, 26.801526328669645], [68.05766398144054, 26.8017062116203], [68.05756487236903, 26.801524989588064], [68.05776607500003, 26.801526328669645]], [[68.06159784354713, 26.800468400861103], [68.06169175788783, 26.80128155462592], [68.05988168090768, 26.801179266614604], [68.06159784354713, 26.800468400861103]], [[68.06289971470419, 26.801199273209228], [68.06279762943447, 26.801379160089397], [68.06259791118308, 26.801197275443734], [68.06289971470419, 26.801199273209228]], [[68.05817742868551, 26.80044569098622], [68.05857461262546, 26.801080300860576], [68.05766920422697, 26.801074278004826], [68.05817742868551, 26.80044569098622]], [[68.06229759256814, 26.801014724325867], [68.06229610769336, 26.801195277035138], [68.06219699157114, 26.80101405805195], [68.06229759256814, 26.801014724325867]], [[68.05978331311402, 26.800907769749927], [68.0597825686913, 26.800998046041304], [68.05958285603604, 26.800816157275737], [68.05978331311402, 26.800907769749927]], [[68.06451303741584, 26.80075853502991], [68.06451229674235, 26.800848811445704], [68.06431183574959, 26.800757205570218], [68.06451303741584, 26.80075853502991]], [[68.06230278951993, 26.800382789806562], [68.06230130469403, 26.800563342532215], [68.06200024556138, 26.800471067180613], [68.06230278951993, 26.800382789806562]], [[68.05898670199784, 26.799909384234446], [68.0591841775159, 26.80036210265284], [68.05868341170635, 26.800087930768097], [68.05898670199784, 26.799909384234446]], [[68.05808428570464, 26.799542259204685], [68.0580827942537, 26.799722811732767], [68.057579795612, 26.79971946482567], [68.05808428570464, 26.799542259204685]], [[68.0583883208876, 26.79927343765151], [68.05828623042837, 26.79945332118592], [68.0581878678256, 26.79918182328588], [68.0583883208876, 26.79927343765151]], [[68.05959625784988, 26.79919118390348], [68.05999791092877, 26.799284132112295], [68.05959476881547, 26.799371736519127], [68.05959625784988, 26.79919118390348]], [[68.0607021068536, 26.799288805187167], [68.06070061956376, 26.799469357857735], [68.06050090800045, 26.799287470380172], [68.0607021068536, 26.799288805187167]], [[68.06031905093604, 26.796938950414617], [68.06031756319118, 26.79711950312522], [68.06011785625064, 26.796937615171355], [68.06031905093604, 26.796938950414617]], [[68.0634412773093, 26.796508227942397], [68.06374306849428, 26.796510223588378], [68.0634397945349, 26.79668878082579], [68.0634412773093, 26.796508227942397]]]}, "properties": {"name": "Sentinel-1 Flood Inundation Extent", "source": "Sentinel-1 RTC C-Band"}}, {"type": "Feature", "geometry": {"type": "Polygon", "coordinates": [[[68.06542801494513, 26.81186917158841], [68.06482509178073, 26.811774908444985], [68.0645180728897, 26.812404847962252], [68.06511137140983, 26.8136727040571], [68.06582453765387, 26.812594038497267], [68.06511951793333, 26.81267966504768], [68.06542801494513, 26.81186917158841]]]}, "properties": {"name": "Sentinel-1 Flood Inundation Extent", "source": "Sentinel-1 RTC C-Band"}}, {"type": "Feature", "geometry": {"type": "Polygon", "coordinates": [[[68.07045045294822, 26.812895335967664], [68.06833022715239, 26.813784208711844], [68.06902123861852, 26.81541381707459], [68.07084553927898, 26.813800742449683], [68.07045045294822, 26.812895335967664]], [[68.06994223702192, 26.81352396627662], [68.06994076345337, 26.813704519061194], [68.06984162476549, 26.813523305149328], [68.06994223702192, 26.81352396627662]]]}, "properties": {"name": "Sentinel-1 Flood Inundation Extent", "source": "Sentinel-1 RTC C-Band"}}, {"type": "Feature", "geometry": {"type": "Polygon", "coordinates": [[[68.06196489687859, 26.816992287429485], [68.059951850952, 26.817069212400757], [68.05943908750328, 26.818239459043546], [68.06135153813611, 26.81816187465962], [68.06196489687859, 26.816992287429485]]]}, "properties": {"name": "Sentinel-1 Flood Inundation Extent", "source": "Sentinel-1 RTC C-Band"}}, {"type": "Feature", "geometry": {"type": "Polygon", "coordinates": [[[68.05837696289791, 26.825003468218092], [68.05988033317867, 26.82573571166681], [68.06169898021653, 26.824844973198765], [68.06160802671454, 26.82367071741522], [68.06392082638592, 26.823866597410895], [68.06392527761902, 26.823324940751736], [68.06291758506916, 26.823498833424733], [68.06232054810103, 26.822682349587705], [68.06221472554402, 26.82331361534685], [68.05969548352878, 26.823748302795877], [68.05918343085094, 26.824828270594693], [68.05748779829533, 26.823011368515083], [68.0579752213069, 26.824910513404745], [68.05727236197887, 26.824725270794257], [68.05708232810056, 26.823369791045028], [68.05627736355976, 26.823364425087576], [68.0550661727255, 26.823807746968587], [68.05506167927531, 26.824349402210014], [68.05667386485156, 26.82408931599929], [68.05615729373282, 26.825710927329776], [68.05626614430997, 26.82471856367077], [68.05435658016536, 26.824434972883736], [68.05486642902017, 26.823625851275192], [68.0554701535441, 26.823629882227543], [68.0550736615275, 26.822904988139175], [68.05597475375043, 26.823452687579287], [68.05638994916748, 26.821920681261567], [68.05387371844338, 26.821994161845588], [68.05356586034202, 26.822714350251886], [68.05447218892115, 26.822630127971372], [68.05446244732946, 26.823803714268223], [68.05245078122768, 26.823699977527575], [68.05245453601812, 26.8232485984624], [68.0535606098969, 26.823346281186115], [68.0530627608837, 26.82271098464001], [68.05367397978331, 26.821812264556453], [68.05246730164549, 26.82171390942176], [68.05219398503581, 26.818281405685884], [68.05029808460276, 26.81637279773792], [68.05188762975155, 26.818821039082128], [68.05186208505783, 26.821890417563694], [68.0524635471551, 26.8221652885865], [68.05053673037277, 26.82395799046818], [68.05031366017535, 26.82657463637133], [68.05131763661983, 26.826852213474393], [68.0506087570593, 26.82738914356608], [68.05079947118378, 26.82865435369769], [68.05472684876167, 26.828319522937615], [68.05534632289024, 26.826427762523775], [68.05583896168251, 26.827694982428795], [68.05675131022235, 26.826888539625195], [68.05795506106843, 26.827347963325987], [68.05806912419945, 26.825723666653644], [68.05675878666759, 26.825985780749445], [68.05696451718241, 26.82544546669121], [68.05837696289791, 26.825003468218092]], [[68.05432734774698, 26.82795573016458], [68.05293136632667, 26.826411619599092], [68.05384297434038, 26.82569547149339], [68.05484320677213, 26.8264244028123], [68.05373260139639, 26.82686838418279], [68.05432734774698, 26.82795573016458]], [[68.05463146954096, 26.827686919969185], [68.05483271819601, 26.827688264427827], [68.0548319689856, 26.82777854024872], [68.05463146954096, 26.827686919969185]], [[68.05242524631204, 26.82676935439411], [68.0526264932173, 26.826770701947893], [68.05262574228806, 26.82686097772283], [68.05242524631204, 26.82676935439411]], [[68.05092492211288, 26.825675929765286], [68.05182977268579, 26.825772276645306], [68.05172464043592, 26.826313256928408], [68.05101952715506, 26.826398810562406], [68.05092492211288, 26.825675929765286]], [[68.05655679312041, 26.826074714996142], [68.05675803903887, 26.826076056642297], [68.05675654377092, 26.82625660842447], [68.05655679312041, 26.826074714996142]], [[68.05565268366921, 26.825888122318275], [68.05615579753626, 26.825891479089965], [68.05615355321507, 26.826162306721454], [68.05565268366921, 26.825888122318275]], [[68.05736177687862, 26.826080079863956], [68.05756302285332, 26.82608142036558], [68.0575622758589, 26.82617169627815], [68.05736177687862, 26.826080079863956]], [[68.05474932656821, 26.82561124809061], [68.0550519430318, 26.825522988421767], [68.05494907345987, 26.825793143985486], [68.05474932656821, 26.82561124809061]], [[68.05183578478446, 26.825050070468542], [68.0525438929195, 26.824603409319735], [68.05213539674673, 26.825322920178554], [68.05183578478446, 26.825050070468542]], [[68.05294412727798, 26.824876931032392], [68.05344873670883, 26.824699745672028], [68.0535448575249, 26.82524207364442], [68.05294412727798, 26.824876931032392]], [[68.05475457093364, 26.824979317141285], [68.0548551928711, 26.824979989256292], [68.05485369465804, 26.82516054096719], [68.05475457093364, 26.824979317141285]], [[68.05113293558456, 26.82486479760286], [68.05123355731529, 26.824865472290277], [68.05123280534404, 26.82495574805305], [68.05113293558456, 26.82486479760286]], [[68.05837994812079, 26.824642364416388], [68.05868181336662, 26.824644372790374], [68.05857969932896, 26.82482425531753], [68.05837994812079, 26.824642364416388]], [[68.06059362732282, 26.82465707754287], [68.06079561535435, 26.82456813736727], [68.06089400418153, 26.824839633229427], [68.06059362732282, 26.82465707754287]], [[68.06119959049225, 26.824390256123003], [68.06130021209627, 26.824390923641932], [68.06129872413668, 26.824571475703202], [68.06119959049225, 26.824390256123003]], [[68.05154369134814, 26.823874462368778], [68.05204529313042, 26.82405838510769], [68.05184179665702, 26.82432786421681], [68.05154369134814, 26.823874462368778]], [[68.06019486434391, 26.824203024990965], [68.0600957327827, 26.82402180468224], [68.06069797142685, 26.82420636542069], [68.06019486434391, 26.824203024990965]], [[68.05264901945363, 26.824062428154935], [68.05295088266288, 26.824064448712967], [68.05294938149095, 26.824245000347705], [68.05264901945363, 26.824062428154935]], [[68.05185081404197, 26.823244554698626], [68.05185231689, 26.823064003095865], [68.05215342620079, 26.823156301093693], [68.05185081404197, 26.823244554698626]], [[68.05537776773613, 26.82263617575004], [68.05547838762206, 26.822636847367846], [68.05547689054865, 26.822817399171058], [68.05537776773613, 26.82263617575004]], [[68.05266178291082, 26.82252773920429], [68.05276240262188, 26.822528412750547], [68.05276090125105, 26.82270896441462], [68.05266178291082, 26.82252773920429]], [[68.05497603715759, 26.822543212673356], [68.05517727674538, 26.82254455640437], [68.05517652797482, 26.82263483229988], [68.05497603715759, 26.822543212673356]]]}, "properties": {"name": "Sentinel-1 Flood Inundation Extent", "source": "Sentinel-1 RTC C-Band"}}, {"type": "Feature", "geometry": {"type": "Polygon", "coordinates": [[[68.0598684104116, 26.827180127161864], [68.05965970858259, 26.82808154936829], [68.06117131383807, 26.82782074438736], [68.0612793793889, 26.826918652073484], [68.05896652384799, 26.82672272748437], [68.0598684104116, 26.827180127161864]]]}, "properties": {"name": "Sentinel-1 Flood Inundation Extent", "source": "Sentinel-1 RTC C-Band"}}, {"type": "Feature", "geometry": {"type": "Polygon", "coordinates": [[[68.05686956314808, 26.83691049726655], [68.05666231354496, 26.83763136125544], [68.05756352798706, 26.838179052704977], [68.05827244472825, 26.83764208947107], [68.05686956314808, 26.83691049726655]]]}, "properties": {"name": "Sentinel-1 Flood Inundation Extent", "source": "Sentinel-1 RTC C-Band"}}, {"type": "Feature", "geometry": {"type": "Polygon", "coordinates": [[[68.0660737019326, 26.843562063815966], [68.06657171245875, 26.844197316990947], [68.06959679608218, 26.8434950024036], [68.07031601562255, 26.841694114141802], [68.0637931709735, 26.839394070379644], [68.06327736684892, 26.840925429208845], [68.06418086677424, 26.841202252094067], [68.06327142320964, 26.8416476361475], [68.06597750851138, 26.843019743784247], [68.06738940267364, 26.84266793711393], [68.06708008896568, 26.843568705504147], [68.0660737019326, 26.843562063815966]], [[68.06950501419992, 26.842411028269822], [68.0692993093565, 26.842951360037933], [68.06819228894264, 26.842944071309983], [68.06829736124952, 26.842403078404512], [68.06950501419992, 26.842411028269822]], [[68.06528416215879, 26.841660951365085], [68.06638746665499, 26.842119642230333], [68.0661854511487, 26.842208589477302], [68.06528416215879, 26.841660951365085]], [[68.064482776425, 26.841204249230454], [68.06448203442932, 26.841294525129495], [68.06438213987126, 26.84120358358991], [68.064482776425, 26.841204249230454]], [[68.06609592460013, 26.840853785970765], [68.06589094766471, 26.841303836617545], [68.06579475668059, 26.840761516362704], [68.06609592460013, 26.840853785970765]]]}, "properties": {"name": "Sentinel-1 Flood Inundation Extent", "source": "Sentinel-1 RTC C-Band"}}, {"type": "Feature", "geometry": {"type": "Polygon", "coordinates": [[[68.06234932917806, 26.843627703138864], [68.06113645265394, 26.844251622295243], [68.06062058896005, 26.845782968893175], [68.06202285927102, 26.846604802232964], [68.06253945200066, 26.844983174500502], [68.06353545021865, 26.84625370312382], [68.06234932917806, 26.843627703138864]]]}, "properties": {"name": "Sentinel-1 Flood Inundation Extent", "source": "Sentinel-1 RTC C-Band"}}, {"type": "Feature", "geometry": {"type": "Polygon", "coordinates": [[[68.06817011414898, 26.845652349975165], [68.06847351388595, 26.84547378700769], [68.06927420753425, 26.84602074341044], [68.06867996633967, 26.844843180889242], [68.06747228786722, 26.844835223315368], [68.06816198260796, 26.846645385221574], [68.06745305347113, 26.847182397109794], [68.06936968052642, 26.846653337400994], [68.06817011414898, 26.845652349975165]]]}, "properties": {"name": "Sentinel-1 Flood Inundation Extent", "source": "Sentinel-1 RTC C-Band"}}, {"type": "Feature", "geometry": {"type": "Polygon", "coordinates": [[[68.05859209622255, 26.847665374636446], [68.0567887702296, 26.846660272179598], [68.05647412156354, 26.848192943658358], [68.05858910869676, 26.84802647728493], [68.05859209622255, 26.847665374636446]], [[68.0575886660762, 26.847297569052134], [68.05758791841589, 26.847387844694612], [68.05738738259515, 26.847296227609544], [68.0575886660762, 26.847297569052134]]]}, "properties": {"name": "Sentinel-1 Flood Inundation Extent", "source": "Sentinel-1 RTC C-Band"}}, {"type": "Feature", "geometry": {"type": "Polygon", "coordinates": [[[68.06038352646678, 26.85011486581187], [68.06109846605591, 26.848855685250992], [68.05858388039151, 26.848658406874655], [68.05897301306938, 26.850286047919433], [68.06038352646678, 26.85011486581187]]]}, "properties": {"name": "Sentinel-1 Flood Inundation Extent", "source": "Sentinel-1 RTC C-Band"}}, {"type": "Feature", "geometry": {"type": "Polygon", "coordinates": [[[68.05807618161724, 26.849196709925497], [68.0563622488935, 26.849546406027034], [68.05635401293368, 26.850539437362563], [68.05786368196068, 26.850549503351573], [68.05807618161724, 26.849196709925497]]]}, "properties": {"name": "Sentinel-1 Flood Inundation Extent", "source": "Sentinel-1 RTC C-Band"}}, {"type": "Feature", "geometry": {"type": "Polygon", "coordinates": [[[68.07390910529588, 26.67171667918493], [68.07452004632795, 26.670727546718677], [68.07261371831768, 26.67035398326362], [68.072708364333, 26.671076865434205], [68.07381372209376, 26.671084075974985], [68.07390910529588, 26.67171667918493]], [[68.07411664127976, 26.670905484363885], [68.07411591232831, 26.670995762679492], [68.07391639651244, 26.670813896120904], [68.07411664127976, 26.670905484363885]]]}, "properties": {"name": "Sentinel-1 Flood Inundation Extent", "source": "Sentinel-1 RTC C-Band"}}, {"type": "Feature", "geometry": {"type": "Polygon", "coordinates": [[[68.07080057412553, 26.6708838341522], [68.07079252676166, 26.671876894628245], [68.07209521421927, 26.672336824349856], [68.07160446884907, 26.670889089793878], [68.07080057412553, 26.6708838341522]]]}, "properties": {"name": "Sentinel-1 Flood Inundation Extent", "source": "Sentinel-1 RTC C-Band"}}, {"type": "Feature", "geometry": {"type": "Polygon", "coordinates": [[[68.08653245477068, 26.676583417943196], [68.08604150902045, 26.675135728955308], [68.08855091380119, 26.675512985132823], [68.08875907213108, 26.67461148822027], [68.0841365080475, 26.674581760452185], [68.0856359450126, 26.675584534927662], [68.08462166058457, 26.67675168356792], [68.08491809322054, 26.677385575623315], [68.08653245477068, 26.676583417943196]]]}, "properties": {"name": "Sentinel-1 Flood Inundation Extent", "source": "Sentinel-1 RTC C-Band"}}, {"type": "Feature", "geometry": {"type": "Polygon", "coordinates": [[[68.07890520704977, 26.675270201169727], [68.07759737292433, 26.675442280980118], [68.0778806920284, 26.67770119677763], [68.07858486877842, 26.677615483392753], [68.07890520704977, 26.675270201169727]], [[68.07860010654426, 26.67571963789266], [68.07849743829078, 26.675989821120186], [68.07839912397816, 26.67571833408609], [68.07860010654426, 26.67571963789266]]]}, "properties": {"name": "Sentinel-1 Flood Inundation Extent", "source": "Sentinel-1 RTC C-Band"}}, {"type": "Feature", "geometry": {"type": "Polygon", "coordinates": [[[68.0873263306032, 26.6778524855923], [68.08661496413174, 26.678841027832437], [68.08622378191043, 26.67748426436237], [68.08370424057236, 26.678370864890027], [68.08200813742367, 26.676825100495964], [68.08179847550397, 26.67790714261929], [68.07877642307973, 26.678790405473624], [68.07957675052629, 26.67924700917445], [68.08390306363927, 26.678642996715773], [68.08480030183516, 26.67955161199392], [68.08458705525008, 26.68108505065796], [68.08559417769713, 26.680820688837137], [68.08531430217583, 26.678110392767355], [68.08611609166014, 26.6783864031662], [68.08540903339276, 26.67883326792507], [68.08590790486969, 26.679287895024697], [68.0876220624742, 26.678576650923596], [68.08882225028766, 26.6793066206722], [68.08862628532655, 26.678673381096644], [68.08933117894031, 26.67849733578694], [68.0873263306032, 26.6778524855923]], [[68.08239999002912, 26.678091595927253], [68.08249831576244, 26.678363080398864], [68.08229949655782, 26.67809094669418], [68.08239999002912, 26.678091595927253]], [[68.08179630612159, 26.678177977882573], [68.08179485984964, 26.678358534718935], [68.08169581259162, 26.678177328220496], [68.08179630612159, 26.678177977882573]]]}, "properties": {"name": "Sentinel-1 Flood Inundation Extent", "source": "Sentinel-1 RTC C-Band"}}, {"type": "Feature", "geometry": {"type": "Polygon", "coordinates": [[[68.0696924103173, 26.683606473628693], [68.06988681196941, 26.68442029248345], [68.06878132685122, 26.684413048049755], [68.06927868765764, 26.68504828815587], [68.07048687506062, 26.6847853525632], [68.0702946656971, 26.683700700282454], [68.07049126849118, 26.684243684261613], [68.0717001761676, 26.68389045994046], [68.0703988251351, 26.683249967830264], [68.07151600148306, 26.681812749757302], [68.07121963320246, 26.68117883174066], [68.06859206897813, 26.68296728176617], [68.06878646182923, 26.683781101967483], [68.0696924103173, 26.683606473628693]], [[68.07020222433611, 26.682706983703962], [68.07020149192755, 26.68279726176925], [68.06980096839406, 26.68261407335234], [68.07020222433611, 26.682706983703962]]]}, "properties": {"name": "Sentinel-1 Flood Inundation Extent", "source": "Sentinel-1 RTC C-Band"}}, {"type": "Feature", "geometry": {"type": "Polygon", "coordinates": [[[68.08215273610324, 26.68386811456529], [68.07672436582209, 26.684013494223002], [68.07651536645054, 26.68500524763906], [68.0771140004652, 26.685550836720395], [68.08215273610324, 26.68386811456529]], [[68.07711981677727, 26.684828611030504], [68.07681904636311, 26.684736373246498], [68.07752108701501, 26.68492150102757], [68.07711981677727, 26.684828611030504]], [[68.0777257183945, 26.684471415327025], [68.07792671626967, 26.6844727204814], [68.07792453711888, 26.684743555199102], [68.0777257183945, 26.684471415327025]], [[68.07984054595319, 26.683943435506553], [68.0802425401049, 26.683946039497627], [68.08014059232131, 26.684125945212248], [68.07984054595319, 26.683943435506553]]]}, "properties": {"name": "Sentinel-1 Flood Inundation Extent", "source": "Sentinel-1 RTC C-Band"}}, {"type": "Feature", "geometry": {"type": "Polygon", "coordinates": [[[68.06996899379169, 26.686677901241413], [68.07117573358393, 26.68659551632613], [68.07087935569174, 26.68596159774773], [68.07288570528854, 26.686426124510792], [68.07259151008705, 26.6855213749832], [68.07108474664105, 26.68542124435554], [68.07209778345813, 26.68443475554275], [68.07119548994764, 26.6841580087823], [68.07078544401328, 26.685148437784513], [68.06857079070724, 26.685585343889866], [68.06996899379169, 26.686677901241413]], [[68.07238758755828, 26.6858811745666], [68.07238612597868, 26.68606173072743], [68.07218585658164, 26.68597013958527], [68.07238758755828, 26.6858811745666]]]}, "properties": {"name": "Sentinel-1 Flood Inundation Extent", "source": "Sentinel-1 RTC C-Band"}}, {"type": "Feature", "geometry": {"type": "Polygon", "coordinates": [[[68.0859486402314, 26.686781654196597], [68.08564281439307, 26.68732138365591], [68.0866413546122, 26.688140356985002], [68.08734918590443, 26.68760320957586], [68.0859486402314, 26.686781654196597]]]}, "properties": {"name": "Sentinel-1 Flood Inundation Extent", "source": "Sentinel-1 RTC C-Band"}}, {"type": "Feature", "geometry": {"type": "Polygon", "coordinates": [[[68.07246470318555, 26.688770729084098], [68.07457963246587, 26.688242830618247], [68.07456213225129, 26.69040950486604], [68.0763784834916, 26.689518502413232], [68.07517900210067, 26.68869814969781], [68.07488915659634, 26.68725173583852], [68.07388049555382, 26.687696575597872], [68.07428833689424, 26.686976971904823], [68.07319158781704, 26.685886423951327], [68.07338163760606, 26.687241907063797], [68.07267739840638, 26.687327592898328], [68.07246470318555, 26.688770729084098]], [[68.07507485571205, 26.689148885674808], [68.0755788273071, 26.68897160168985], [68.07537563607319, 26.689241127360354], [68.07507485571205, 26.689148885674808]]]}, "properties": {"name": "Sentinel-1 Flood Inundation Extent", "source": "Sentinel-1 RTC C-Band"}}, {"type": "Feature", "geometry": {"type": "Polygon", "coordinates": [[[68.07789257270218, 26.688715796519592], [68.07728664871269, 26.689072992157698], [68.0765882210867, 26.68843647190855], [68.07709655021392, 26.687717513342218], [68.07529189033174, 26.68716407600411], [68.07528970469896, 26.68743491041757], [68.07668072099194, 26.689430185094576], [68.07788821340479, 26.689257465615636], [68.07789257270218, 26.688715796519592]]]}, "properties": {"name": "Sentinel-1 Flood Inundation Extent", "source": "Sentinel-1 RTC C-Band"}}, {"type": "Feature", "geometry": {"type": "Polygon", "coordinates": [[[68.07956630520846, 26.693060234558924], [68.07887509966316, 26.691520943225537], [68.07776154904887, 26.69250682654139], [68.07956630520846, 26.693060234558924]], [[68.07816357300719, 26.692509437189567], [68.07866755512448, 26.692332142582018], [68.07856487088974, 26.69260232485424], [68.07816357300719, 26.692509437189567]]]}, "properties": {"name": "Sentinel-1 Flood Inundation Extent", "source": "Sentinel-1 RTC C-Band"}}, {"type": "Feature", "geometry": {"type": "Polygon", "coordinates": [[[68.07225233629802, 26.73977895496244], [68.07194556428533, 26.740408922976286], [68.072741160491, 26.741497513444365], [68.07335177158905, 26.74059868293279], [68.07225233629802, 26.73977895496244]]]}, "properties": {"name": "Sentinel-1 Flood Inundation Extent", "source": "Sentinel-1 RTC C-Band"}}, {"type": "Feature", "geometry": {"type": "Polygon", "coordinates": [[[68.08471300585872, 26.74076274839101], [68.08350063321636, 26.741477176978055], [68.08379215083039, 26.742743013372735], [68.08511086520583, 26.74130700990215], [68.08471300585872, 26.74076274839101]]]}, "properties": {"name": "Sentinel-1 Flood Inundation Extent", "source": "Sentinel-1 RTC C-Band"}}, {"type": "Feature", "geometry": {"type": "Polygon", "coordinates": [[[68.0850747359446, 26.745820893452652], [68.08547189151678, 26.74645543170343], [68.08637903896715, 26.746190432798144], [68.0866893558577, 26.745109043976353], [68.08548417142529, 26.74492071159057], [68.08518901758285, 26.744106266785092], [68.08591164838505, 26.741763585768137], [68.08500525801226, 26.741938305026707], [68.08458787752157, 26.743831540330085], [68.08277143545256, 26.74463234301837], [68.08276563972713, 26.74535456377037], [68.08237067735713, 26.744449185556327], [68.08348036612313, 26.744004950924978], [68.08227230012865, 26.744177702042354], [68.08207699695252, 26.743454179624944], [68.08329374330926, 26.742198098335372], [68.08320260578766, 26.741023838873275], [68.08199457110035, 26.741196588492034], [68.08290820173936, 26.740119111890607], [68.08099561419537, 26.74037757748743], [68.08180652490728, 26.739570289239158], [68.08039450410362, 26.74010283387193], [68.07869028359825, 26.73945979647849], [68.07818026813742, 26.740359304984096], [68.07707642649626, 26.740081278682904], [68.07737442687962, 26.74053462903579], [68.07506620257926, 26.739977899698257], [68.074545193872, 26.742231555738414], [68.07304061099927, 26.741770317698013], [68.07403952096462, 26.742589383433085], [68.07343036762391, 26.743307661769137], [68.07381867104151, 26.745025559444887], [68.07281095415317, 26.745289820044913], [68.0723992205117, 26.746460794595624], [68.07467466653802, 26.751080050052003], [68.07547912550335, 26.751085298291528], [68.07488966758879, 26.749366093331215], [68.07559209810877, 26.749551239160862], [68.07619032570399, 26.75018711320999], [68.0758996064443, 26.748830986803444], [68.07770741866801, 26.749113604617875], [68.07761342086988, 26.748300453721313], [68.07600235164143, 26.748560810039034], [68.07701446560942, 26.747754862974087], [68.07631496206703, 26.747208614773548], [68.07802875015207, 26.74667807587415], [68.07803821727175, 26.74550446889735], [68.08015563380864, 26.74479596285681], [68.0799647030585, 26.743530772674838], [68.08077056208276, 26.74335543441557], [68.08036254858783, 26.744075046967435], [68.08146208439398, 26.744894714121266], [68.08104681082258, 26.746517103847495], [68.08245963372933, 26.745894277573587], [68.08252467438192, 26.750318528098337], [68.08332985395455, 26.75023345412123], [68.08200520885146, 26.75239165591295], [68.08411694270124, 26.75240531424801], [68.08352662344569, 26.750776419552484], [68.08433397590466, 26.750420507264923], [68.08471957234721, 26.752499488401963], [68.08532364843273, 26.752413104892092], [68.0851413234444, 26.750064590233176], [68.08403881737254, 26.74960606053513], [68.08565133065153, 26.7491650576086], [68.08555727612433, 26.748351910536773], [68.08455100048545, 26.74843569920829], [68.08536844807425, 26.74681589366932], [68.08456040135479, 26.74726209037092], [68.08305715767933, 26.74662040103764], [68.0850747359446, 26.745820893452652]], [[68.08292110587328, 26.75104335065466], [68.08312149661859, 26.751134928968945], [68.08291965679585, 26.75122390569398], [68.08292110587328, 26.75104335065466]], [[68.08444610564408, 26.748976715456685], [68.08353386376109, 26.749873644098468], [68.08282851887232, 26.75004964738136], [68.08354327566173, 26.74870003583365], [68.08444610564408, 26.748976715456685]], [[68.07591055623912, 26.747476826115026], [68.0757014162816, 26.748468566398977], [68.07469952028319, 26.748010620818345], [68.07591055623912, 26.747476826115026]], [[68.08374872950367, 26.748159670185057], [68.08374728191494, 26.74834022533973], [68.08344706438577, 26.74815772042166], [68.08374872950367, 26.748159670185057]], [[68.07349359653294, 26.747912463628488], [68.07349213275917, 26.748093018267497], [68.07339304199843, 26.747911806511837], [68.07349359653294, 26.747912463628488]], [[68.08375234841587, 26.74770828227794], [68.0837509008612, 26.74788883744429], [68.08365179377019, 26.747707632440786], [68.08375234841587, 26.74770828227794]], [[68.08345213250652, 26.74752577739679], [68.0834514084995, 26.74761605497528], [68.08335157802988, 26.747525127350833], [68.08345213250652, 26.74752577739679]], [[68.08445840066994, 26.747441996330306], [68.08445695424736, 26.747622551539166], [68.08425656844234, 26.747530975197947], [68.08445840066994, 26.747441996330306]], [[68.07430461402738, 26.747105221877234], [68.07430315158604, 26.747285776578284], [68.07390313019145, 26.747012318014473], [68.07430461402738, 26.747105221877234]], [[68.07591493594063, 26.74693516176607], [68.07591347605387, 26.747115716553726], [68.0757138284568, 26.746933850939808], [68.07591493594063, 26.74693516176607]], [[68.07461066140256, 26.746565526841906], [68.07460919947889, 26.746746081572354], [68.0742084478978, 26.74656290123816], [68.07461066140256, 26.746565526841906]], [[68.0737071444334, 26.746379062940495], [68.07370641276557, 26.74646934028557], [68.07360659124183, 26.74637840601002], [68.0737071444334, 26.746379062940495]], [[68.07652628236585, 26.74594604094948], [68.0762209753408, 26.746395463033735], [68.07612553030289, 26.74576286600699], [68.07652628236585, 26.74594604094948]], [[68.07552440466759, 26.745488101522653], [68.07521617319337, 26.74629863095836], [68.07300327216473, 26.74637446293014], [68.07371372928877, 26.745566566782237], [68.07552440466759, 26.745488101522653]], [[68.08397009996445, 26.745633196872912], [68.08396865288405, 26.74581375210313], [68.08316640161979, 26.74553772019039], [68.08397009996445, 26.745633196872912]], [[68.08598043525423, 26.745736452293986], [68.08597899134288, 26.745917007623188], [68.0857793293102, 26.745735155796606], [68.08598043525423, 26.745736452293986]], [[68.08467252387494, 26.745818297596294], [68.0846718008854, 26.745908575227396], [68.08457197086604, 26.745817648453986], [68.08467252387494, 26.745818297596294]], [[68.08578293982308, 26.745283767478472], [68.08568094289939, 26.745463674461202], [68.08487941242643, 26.745097374535668], [68.08578293982308, 26.745283767478472]], [[68.07592880417955, 26.745219891050265], [68.07592734442333, 26.74540044588231], [68.07562714748458, 26.74521792484977], [68.07592880417955, 26.745219891050265]], [[68.07482638347958, 26.744761291552148], [68.07482492201108, 26.744941846339565], [68.07452399711822, 26.7448496004243], [68.07482638347958, 26.744761291552148]], [[68.07744291747844, 26.74450749274772], [68.07744073149398, 26.744778325137087], [68.07724181417898, 26.74450618419807], [68.07744291747844, 26.74450749274772]], [[68.0793599436997, 26.743707412081076], [68.07975633323599, 26.744432243050827], [68.07905756334685, 26.743795730797235], [68.0793599436997, 26.743707412081076]], [[68.08187081930467, 26.744084820802602], [68.08186864385105, 26.74435565354579], [68.08146788823969, 26.744172493586813], [68.08187081930467, 26.744084820802602]], [[68.07533571539825, 26.7439520742675], [68.0753349850936, 26.744042351685103], [68.07513461319567, 26.74395076275472], [68.07533571539825, 26.7439520742675]], [[68.0748351520017, 26.74367796272952], [68.07513534365565, 26.74386048534107], [68.07513461319567, 26.74395076275472], [68.0748351520017, 26.74367796272952]], [[68.07573718985756, 26.744044973865538], [68.07563809879093, 26.743863763575614], [68.0757386498283, 26.743864419008688], [68.07573718985756, 26.744044973865538]], [[68.07544356856818, 26.743049955651053], [68.07685637676543, 26.74242718459486], [68.07664871410715, 26.74323837250179], [68.0757386498283, 26.743864419008688], [68.07544356856818, 26.743049955651053]], [[68.07764912019056, 26.743876858693742], [68.07764766323658, 26.744057413647717], [68.07744801798883, 26.74387555046497], [68.07764912019056, 26.743876858693742]], [[68.07806079037373, 26.74270586684841], [68.07805423723178, 26.743518364333088], [68.07755148327236, 26.74351509470323], [68.07806079037373, 26.74270586684841]], [[68.08117131369056, 26.743538596264276], [68.08167406826578, 26.743541853063828], [68.08117058800754, 26.743628873835718], [68.08117131369056, 26.743538596264276]], [[68.07715438207998, 26.742880535397276], [68.07735256779118, 26.743242953921573], [68.0770538318678, 26.74287988099023], [68.07715438207998, 26.742880535397276]], [[68.08027507217383, 26.742449398860927], [68.08047108857113, 26.743082645965497], [68.08027071398364, 26.742991064218725], [68.08027507217383, 26.742449398860927]], [[68.08198224632969, 26.742731307909633], [68.08167769464502, 26.743090465125533], [68.08117711903182, 26.74281637565071], [68.08198224632969, 26.742731307909633]], [[68.07745821850553, 26.742611665727786], [68.07745748991948, 26.74270194321661], [68.07735766852122, 26.742611011542238], [68.07745821850553, 26.742611665727786]], [[68.0754516004411, 26.742056903823645], [68.07555068973306, 26.742238114241427], [68.07514922174204, 26.742145214259672], [68.0754516004411, 26.742056903823645]], [[68.07866845670068, 26.742168122780065], [68.07856572397475, 26.742438302027278], [68.07836607997086, 26.742256440131438], [68.07866845670068, 26.742168122780065]], [[68.07927102740376, 26.742262318728727], [68.07877264396602, 26.741717388369572], [68.07686148005773, 26.741795242231372], [68.07937666648843, 26.74163102872339], [68.07927102740376, 26.742262318728727]], [[68.08129290561887, 26.740921197613222], [68.08189184710618, 26.741466770409893], [68.07938102865735, 26.741089363398046], [68.08129290561887, 26.740921197613222]], [[68.07666256911261, 26.741523100536], [68.07666111074933, 26.74170365549962], [68.07656202010828, 26.74152244581091], [68.07666256911261, 26.741523100536]], [[68.0760607344403, 26.741338616178766], [68.0760592751382, 26.741519171116384], [68.07585963679381, 26.741337305812273], [68.0760607344403, 26.741338616178766]], [[68.07757333790659, 26.740806769769343], [68.07747060394371, 26.74107694823917], [68.07727169271634, 26.740804807365922], [68.07757333790659, 26.740806769769343]], [[68.07958939448784, 26.74018789307353], [68.07948666584649, 26.74045807316419], [68.07928847782028, 26.740095657432448], [68.07958939448784, 26.74018789307353]]]}, "properties": {"name": "Sentinel-1 Flood Inundation Extent", "source": "Sentinel-1 RTC C-Band"}}, {"type": "Feature", "geometry": {"type": "Polygon", "coordinates": [[[68.08736222477826, 26.74899551627682], [68.08736871330662, 26.748183017297368], [68.08585677552709, 26.748624688706695], [68.08595011026169, 26.749528113226333], [68.08736222477826, 26.74899551627682]]]}, "properties": {"name": "Sentinel-1 Flood Inundation Extent", "source": "Sentinel-1 RTC C-Band"}}, {"type": "Feature", "geometry": {"type": "Polygon", "coordinates": [[[68.07324855873111, 26.75332778615339], [68.07366543387214, 26.751524869745317], [68.07266278744729, 26.75115718674717], [68.07284192611955, 26.75386681946284], [68.0742490315787, 26.753966297232118], [68.07354145225312, 26.754413084918575], [68.07373525367167, 26.755317171548715], [68.07485677690022, 26.753428572352057], [68.07324855873111, 26.75332778615339]], [[68.0732610064657, 26.75179307281207], [68.07326027427358, 26.751883350076785], [68.07316044852335, 26.751792415442505], [68.0732610064657, 26.75179307281207]]]}, "properties": {"name": "Sentinel-1 Flood Inundation Extent", "source": "Sentinel-1 RTC C-Band"}}, {"type": "Feature", "geometry": {"type": "Polygon", "coordinates": [[[68.07261222688757, 26.757386314773438], [68.07321267439485, 26.757751369777207], [68.07392173973314, 26.75712403008092], [68.07371036614242, 26.758386596780333], [68.07472697228063, 26.757039006451553], [68.07413237658169, 26.755951739958835], [68.07261222688757, 26.757386314773438]], [[68.07432764793532, 26.756675271317047], [68.07442821020824, 26.756675927969322], [68.07442747878332, 26.756766205201718], [68.07432764793532, 26.756675271317047]]]}, "properties": {"name": "Sentinel-1 Flood Inundation Extent", "source": "Sentinel-1 RTC C-Band"}}, {"type": "Feature", "geometry": {"type": "Polygon", "coordinates": [[[68.08145451176806, 26.75834670961994], [68.08035121574731, 26.757978427474836], [68.08056033560244, 26.756986681053753], [68.07985566948547, 26.757072390757035], [68.08025283273484, 26.7577069428952], [68.07844196474943, 26.757785463517276], [68.0789389583937, 26.758510950232456], [68.08055016304182, 26.758250564332947], [68.08084676969733, 26.758884462547314], [68.08145451176806, 26.75834670961994]], [[68.07904388937615, 26.757969939670858], [68.07904243373561, 26.758150494336917], [68.07884276229348, 26.757968632785005], [68.07904388937615, 26.757969939670858]], [[68.08015008857565, 26.757977122443403], [68.080149361631, 26.758067399805054], [68.08004952499495, 26.7579764698207], [68.08015008857565, 26.757977122443403]]]}, "properties": {"name": "Sentinel-1 Flood Inundation Extent", "source": "Sentinel-1 RTC C-Band"}}, {"type": "Feature", "geometry": {"type": "Polygon", "coordinates": [[[68.08585476411419, 26.761444748458675], [68.08213524595166, 26.76124014603417], [68.08334349337008, 26.761067401117185], [68.08365460789278, 26.75989574552119], [68.08475069980139, 26.761166777038575], [68.08696677232408, 26.760729658977557], [68.08536566544059, 26.759726232719604], [68.08597700330776, 26.758737072562734], [68.0867779100671, 26.759193645631253], [68.08678512733317, 26.75829087042769], [68.08568109077143, 26.75801290685273], [68.08608840158425, 26.757383558326353], [68.0874825852174, 26.759107901738428], [68.08687270148727, 26.759916513607074], [68.08817789101356, 26.76019576239418], [68.08798973384191, 26.75856947260316], [68.08970364428642, 26.758038796361134], [68.09021796739566, 26.756597582528112], [68.08961459154769, 26.756593708758608], [68.09052324885191, 26.756148130226716], [68.08951906533657, 26.755961119536266], [68.08921378052032, 26.756410569598888], [68.08922169736456, 26.755417515803686], [68.0886176077432, 26.755503915560148], [68.08910817930203, 26.757041866673777], [68.08850119969415, 26.757489376034297], [68.08930354781532, 26.757765379761956], [68.08718594075266, 26.758474016476235], [68.08769308783315, 26.75793558831886], [68.0863929792285, 26.75702439296859], [68.08700140724808, 26.7563963376456], [68.0872944392781, 26.757481611075377], [68.08820167122958, 26.757216603035936], [68.08831448199395, 26.755682530862067], [68.08771327397193, 26.755407816359845], [68.08882017106251, 26.755324653239626], [68.08873401066023, 26.7535184543384], [68.08833825399456, 26.752703369493428], [68.08652530248037, 26.753052828401017], [68.08643629190543, 26.751607738920157], [68.08573310724128, 26.75151292369032], [68.08561593290878, 26.753588659282862], [68.08491635206528, 26.753042452001253], [68.084901890949, 26.75484800268479], [68.0854994757696, 26.75557411654204], [68.0818792597194, 26.75555071574295], [68.08237771656067, 26.756095636058326], [68.08076000818953, 26.757168540236968], [68.08105516095584, 26.75798299283814], [68.08176055766855, 26.757806999898346], [68.08166507431923, 26.757174406574162], [68.08216281160865, 26.757809605090838], [68.08154491355887, 26.759611244644326], [68.0828616825143, 26.758446103435674], [68.08355766404809, 26.759443708206344], [68.08132708336684, 26.761686320474105], [68.08141022406139, 26.763853628275225], [68.08302729842579, 26.76287099731456], [68.0834223251186, 26.763776373138647], [68.08201145989149, 26.76412836994048], [68.08290570684609, 26.7654883898717], [68.08392082415021, 26.764321288508786], [68.08672521373587, 26.765783901078457], [68.08694079099719, 26.763979648210345], [68.08784302843625, 26.76434658636761], [68.08754709053329, 26.76362242444846], [68.08644011221799, 26.76370557545913], [68.08644949990448, 26.76253196852963], [68.08805642213514, 26.762813163426543], [68.08806651365185, 26.76154927830313], [68.08615501990027, 26.761627248928786], [68.08574408026318, 26.762707984131016], [68.08585476411419, 26.761444748458675]], [[68.0861290144639, 26.76487723701266], [68.0861282920278, 26.764967514437817], [68.08602844463955, 26.76487658847712], [68.0861290144639, 26.76487723701266]], [[68.08613768343211, 26.76379390781959], [68.08613623863808, 26.763974462696787], [68.08593654569421, 26.763792610737895], [68.08613768343211, 26.76379390781959]], [[68.08584031256137, 26.763250297475974], [68.085636284688, 26.76361010972372], [68.08342812132425, 26.763054154130486], [68.08514139603942, 26.762613813070853], [68.08584031256137, 26.763250297475974]], [[68.08272776969399, 26.762598212925305], [68.08272704464099, 26.76268849029349], [68.0826272019722, 26.762597562027516], [68.08272776969399, 26.762598212925305]], [[68.0842384574925, 26.762337135605886], [68.08423628592993, 26.762607967831634], [68.08383691154009, 26.76224425849664], [68.0842384574925, 26.762337135605886]], [[68.08665641093225, 26.76181104503957], [68.08685682345688, 26.7619026184938], [68.08665424515235, 26.762081877468646], [68.08665641093225, 26.76181104503957]], [[68.08515658131536, 26.760717986790905], [68.08515585824101, 26.76080826424449], [68.08505601518051, 26.760717337658427], [68.08515658131536, 26.760717986790905]], [[68.08606456608499, 26.760362715856054], [68.08606312139032, 26.760543270816967], [68.08586343439315, 26.760361418824], [68.08606456608499, 26.760362715856054]], [[68.08526220832263, 26.760086693626516], [68.08526148535155, 26.760176971090804], [68.08516164274059, 26.760086044583097], [68.08526220832263, 26.760086693626516]], [[68.08496268119463, 26.759813913905184], [68.08496195799539, 26.75990419136538], [68.08476227388583, 26.759722337877935], [68.08496268119463, 26.759813913905184]], [[68.08446709033919, 26.75890789240329], [68.08436507853, 26.759087797734374], [68.08426596129871, 26.75890659316975], [68.08446709033919, 26.75890789240329]], [[68.08547273574571, 26.758914384291376], [68.08537072549153, 26.759094290386404], [68.08507120062464, 26.758821510916494], [68.08547273574571, 26.758914384291376]], [[68.08376386287239, 26.758813066395035], [68.08376241463854, 26.758993621279124], [68.08356200976438, 26.758902043605538], [68.08376386287239, 26.758813066395035]], [[68.0822597487209, 26.758261643285962], [68.0824572508406, 26.758714332408537], [68.08195660600566, 26.758440244481136], [68.0822597487209, 26.758261643285962]], [[68.08416973951701, 26.75836427871182], [68.0846725597432, 26.75836752654131], [68.08416901573663, 26.758454556170438], [68.08416973951701, 26.75836427871182]], [[68.08356997659229, 26.75790899172817], [68.08366836772103, 26.758180474203815], [68.0832675612721, 26.757997318370396], [68.08356997659229, 26.75790899172817]], [[68.08428332959011, 26.756739933919903], [68.08568976140694, 26.756929576746145], [68.08527883571874, 26.758010311625323], [68.0840727947301, 26.75791224163402], [68.08428332959011, 26.756739933919903]], [[68.082273528516, 26.7565463722444], [68.08287400387525, 26.756911387041097], [68.08246595231043, 26.757631003387843], [68.08216861427685, 26.757087385729914], [68.082273528516, 26.7565463722444]], [[68.08790286497816, 26.756853551858516], [68.08790142340851, 26.757034107001537], [68.08770173936114, 26.756852257591405], [68.08790286497816, 26.756853551858516]], [[68.08327770365925, 26.756733434081344], [68.0832762547877, 26.756913988993798], [68.08307657851397, 26.756732133257785], [68.08327770365925, 26.756733434081344]], [[68.08579176912473, 26.756749670305133], [68.08619401979651, 26.75675226396435], [68.0857910466767, 26.75683994782531], [68.08579176912473, 26.756749670305133]], [[68.08519489938799, 26.75593328007929], [68.0850921685332, 26.756203463616437], [68.08398308952081, 26.756557429764555], [68.0842883949723, 26.756107991511957], [68.08519489938799, 26.75593328007929]], [[68.08338261229318, 26.75619241960551], [68.08287907709035, 26.756279444898134], [68.08278141414964, 26.755917684437915], [68.08338261229318, 26.75619241960551]], [[68.08640019885723, 26.756121617585844], [68.08649859536978, 26.756393098296673], [68.08619907461312, 26.756120321219576], [68.08640019885723, 26.756121617585844]], [[68.08730525812388, 26.756127447703765], [68.08730453689124, 26.756217725270044], [68.08700429313866, 26.756035227413125], [68.08730525812388, 26.756127447703765]], [[68.0868053338716, 26.755763099236294], [68.08690373107396, 26.75603457969609], [68.0866042102358, 26.7557618034608], [68.0868053338716, 26.755763099236294]], [[68.08620485134252, 26.755398100869755], [68.08620340718055, 26.75557865596422], [68.08610428986105, 26.755397452599883], [68.08620485134252, 26.755398100869755]], [[68.08700934331647, 26.755403284461334], [68.0870079004255, 26.75558383959626], [68.08680822030261, 26.755401988991338], [68.08700934331647, 26.755403284461334]], [[68.08621351602888, 26.754314770204864], [68.08621207194845, 26.75449532532736], [68.08611295550062, 26.754314121965347], [68.08621351602888, 26.754314770204864]], [[68.08551248274662, 26.75394912084256], [68.08561015291035, 26.75431087969809], [68.08521007937742, 26.75403745198408], [68.08551248274662, 26.75394912084256]], [[68.08752080320517, 26.754323190829016], [68.08752008219928, 26.754413468423717], [68.08742024263277, 26.754322543516576], [68.08752080320517, 26.754323190829016]], [[68.08812848981533, 26.753785407522468], [68.08802576792385, 26.754055593492545], [68.08752512916926, 26.75378152523632], [68.08812848981533, 26.753785407522468]], [[68.08592483485565, 26.752687829096335], [68.08592411264001, 26.752778106671602], [68.0858242757673, 26.752687180688437], [68.08592483485565, 26.752687829096335]]]}, "properties": {"name": "Sentinel-1 Flood Inundation Extent", "source": "Sentinel-1 RTC C-Band"}}, {"type": "Feature", "geometry": {"type": "Polygon", "coordinates": [[[68.08074039318531, 26.759606029287607], [68.08023684113616, 26.759693044714627], [68.07981785321226, 26.7617668122235], [68.0809262687581, 26.761503157889976], [68.08154346176774, 26.759791799395646], [68.08063110862096, 26.76068870521006], [68.08074039318531, 26.759606029287607]]]}, "properties": {"name": "Sentinel-1 Flood Inundation Extent", "source": "Sentinel-1 RTC C-Band"}}, {"type": "Feature", "geometry": {"type": "Polygon", "coordinates": [[[68.07096724417373, 26.76179935718742], [68.07127481679854, 26.76107911769896], [68.06967384864944, 26.760075517636807], [68.0696650249403, 26.761158842366505], [68.07037119192492, 26.760892630080036], [68.07096724417373, 26.76179935718742]]]}, "properties": {"name": "Sentinel-1 Flood Inundation Extent", "source": "Sentinel-1 RTC C-Band"}}, {"type": "Feature", "geometry": {"type": "Polygon", "coordinates": [[[68.0828036864056, 26.765668293700823], [68.08299757781134, 26.766572368620547], [68.08430428016565, 26.76667109982647], [68.08440991841353, 26.766039808081697], [68.0828036864056, 26.765668293700823]]]}, "properties": {"name": "Sentinel-1 Flood Inundation Extent", "source": "Sentinel-1 RTC C-Band"}}, {"type": "Feature", "geometry": {"type": "Polygon", "coordinates": [[[68.08731781454254, 26.767141949911327], [68.08702620391996, 26.76587612248487], [68.08581285086427, 26.766680839321413], [68.08580562328582, 26.767583613210864], [68.08731781454254, 26.767141949911327]]]}, "properties": {"name": "Sentinel-1 Flood Inundation Extent", "source": "Sentinel-1 RTC C-Band"}}, {"type": "Feature", "geometry": {"type": "Polygon", "coordinates": [[[68.08618984962942, 26.769843142264936], [68.0852868517134, 26.769566470236757], [68.08497717138479, 26.770557572946498], [68.08638232919922, 26.770927767602366], [68.08618984962942, 26.769843142264936]]]}, "properties": {"name": "Sentinel-1 Flood Inundation Extent", "source": "Sentinel-1 RTC C-Band"}}, {"type": "Feature", "geometry": {"type": "Polygon", "coordinates": [[[68.07396547453281, 26.77653491907916], [68.07517755195425, 26.77591086365401], [68.07448886858185, 26.77401044923453], [68.07377896591487, 26.77472806465294], [68.07477743030329, 26.77563740600678], [68.07396547453281, 26.77653491907916]]]}, "properties": {"name": "Sentinel-1 Flood Inundation Extent", "source": "Sentinel-1 RTC C-Band"}}, {"type": "Feature", "geometry": {"type": "Polygon", "coordinates": [[[68.08261026661278, 26.777223131332416], [68.08432665546871, 26.77642169761788], [68.08262187584127, 26.775778696311487], [68.08311969638471, 26.776413892031368], [68.08241563714586, 26.776409334025722], [68.08261026661278, 26.777223131332416]]]}, "properties": {"name": "Sentinel-1 Flood Inundation Extent", "source": "Sentinel-1 RTC C-Band"}}, {"type": "Feature", "geometry": {"type": "Polygon", "coordinates": [[[68.07315203972801, 26.77761298092553], [68.07425549846815, 26.777981322405576], [68.07444348260289, 26.77960762183707], [68.07565193487024, 26.77943494824873], [68.07516292244927, 26.777716403561882], [68.07395668525433, 26.777618242612792], [68.07346404145125, 26.776351077300905], [68.07205299203274, 26.776702969533932], [68.07193846525277, 26.778417571906214], [68.07304925950835, 26.777883153681223], [68.07285323102633, 26.777249898902017], [68.0737584543029, 26.777255819813952], [68.07315203972801, 26.77761298092553]], [[68.07515560718065, 26.778619173340445], [68.07515414408562, 26.77879972728213], [68.07495371224122, 26.77870813697012], [68.07515560718065, 26.778619173340445]]]}, "properties": {"name": "Sentinel-1 Flood Inundation Extent", "source": "Sentinel-1 RTC C-Band"}}, {"type": "Feature", "geometry": {"type": "Polygon", "coordinates": [[[68.07914102084844, 26.79579865729782], [68.0778369115101, 26.795338763130506], [68.0772231065996, 26.79659870667464], [68.07853160422839, 26.796516945761887], [68.07914102084844, 26.79579865729782]], [[68.07793166885907, 26.796061632766616], [68.07793020905235, 26.796242186405262], [68.07783107178378, 26.796060977711427], [68.07793166885907, 26.796061632766616]]]}, "properties": {"name": "Sentinel-1 Flood Inundation Extent", "source": "Sentinel-1 RTC C-Band"}}, {"type": "Feature", "geometry": {"type": "Polygon", "coordinates": [[[68.08284568300648, 26.797989458548024], [68.08365482699097, 26.797453007171764], [68.08435466713803, 26.797999224092678], [68.08506465444249, 26.797281559995636], [68.08295499357554, 26.796906786921074], [68.08284568300648, 26.797989458548024]]]}, "properties": {"name": "Sentinel-1 Flood Inundation Extent", "source": "Sentinel-1 RTC C-Band"}}, {"type": "Feature", "geometry": {"type": "Polygon", "coordinates": [[[68.0758875390285, 26.80002069480879], [68.07629725417769, 26.79912055314095], [68.07719534596455, 26.80002922406266], [68.07537575177005, 26.801100731488077], [68.07658077601393, 26.801379439889974], [68.07920589973024, 26.800222876014075], [68.07951717599785, 26.799051239720107], [68.07991374758474, 26.79977606961649], [68.08243311758068, 26.79925072832106], [68.08264448518028, 26.79798815526079], [68.08203871164461, 26.79825507438028], [68.08064488015772, 26.79644039979978], [68.07550416685599, 26.797670873199106], [68.07508639640771, 26.79956405653341], [68.0758875390285, 26.80002069480879]], [[68.07841057885626, 26.799044041831547], [68.07911258980045, 26.799319453738693], [68.07850753085889, 26.79949608051374], [68.07841057885626, 26.799044041831547]], [[68.07750372083353, 26.79921869976045], [68.07740166014246, 26.79939859786131], [68.0772026518758, 26.79912645649272], [68.07750372083353, 26.79921869976045]], [[68.0808293393186, 26.798518074013305], [68.0808264285561, 26.798879181455362], [68.08032415847127, 26.798785638583322], [68.0808293393186, 26.798518074013305]], [[68.07791561023022, 26.798047722534385], [68.07801328944954, 26.79840948475421], [68.07761381376058, 26.798045756985932], [68.07791561023022, 26.798047722534385]], [[68.08073892834663, 26.79725354480227], [68.08073747290882, 26.797434098553296], [68.0806383301405, 26.79725289171435], [68.08073892834663, 26.79725354480227]]]}, "properties": {"name": "Sentinel-1 Flood Inundation Extent", "source": "Sentinel-1 RTC C-Band"}}, {"type": "Feature", "geometry": {"type": "Polygon", "coordinates": [[[68.0735707942558, 26.80036668163519], [68.07357959586864, 26.799283361699608], [68.0718613168373, 26.80026520505084], [68.07215797640686, 26.80089911931736], [68.0735707942558, 26.80036668163519]]]}, "properties": {"name": "Sentinel-1 Flood Inundation Extent", "source": "Sentinel-1 RTC C-Band"}}, {"type": "Feature", "geometry": {"type": "Polygon", "coordinates": [[[68.08200891332781, 26.80195642616977], [68.08252064260864, 26.80087636413061], [68.08181352458055, 26.801232906727368], [68.08041238131317, 26.800320998195595], [68.08130542407808, 26.801861581797997], [68.08200891332781, 26.80195642616977]]]}, "properties": {"name": "Sentinel-1 Flood Inundation Extent", "source": "Sentinel-1 RTC C-Band"}}, {"type": "Feature", "geometry": {"type": "Polygon", "coordinates": [[[68.08657586658528, 26.809569615307602], [68.08687190827386, 26.810293777490934], [68.08777884249251, 26.810119061697343], [68.08798800805822, 26.809127312307158], [68.08607643978439, 26.809114984221132], [68.08638550233572, 26.80821416373666], [68.08508846712076, 26.8068515641437], [68.08477287468345, 26.80856487335981], [68.08607354430787, 26.809476091654], [68.08586653363793, 26.810197007208423], [68.08657586658528, 26.809569615307602]]]}, "properties": {"name": "Sentinel-1 Flood Inundation Extent", "source": "Sentinel-1 RTC C-Band"}}, {"type": "Feature", "geometry": {"type": "Polygon", "coordinates": [[[68.06924222535353, 26.837624411811852], [68.0706518320666, 26.837543398616425], [68.07015235150246, 26.837088711581377], [68.07085899355654, 26.83682251181847], [68.06914971165035, 26.836630712848443], [68.06924222535353, 26.837624411811852]], [[68.06985192748165, 26.8369061746427], [68.06985118988129, 26.83699645073493], [68.06965066166809, 26.836904851124913], [68.06985192748165, 26.8369061746427]]]}, "properties": {"name": "Sentinel-1 Flood Inundation Extent", "source": "Sentinel-1 RTC C-Band"}}, {"type": "Feature", "geometry": {"type": "Polygon", "coordinates": [[[68.07290096137756, 26.845593159731795], [68.07088814851937, 26.845579951106696], [68.07148315308552, 26.84666722890664], [68.07228902186675, 26.84658223657228], [68.07290096137756, 26.845593159731795]], [[68.07148978249172, 26.845854744768353], [68.07148830931457, 26.846035296807283], [68.0711878599018, 26.845852762270134], [68.07148978249172, 26.845854744768353]], [[68.07199372306182, 26.845767771466075], [68.0719929868775, 26.84585804750016], [68.07189308225756, 26.845767111065474], [68.07199372306182, 26.845767771466075]]]}, "properties": {"name": "Sentinel-1 Flood Inundation Extent", "source": "Sentinel-1 RTC C-Band"}}, {"type": "Feature", "geometry": {"type": "Polygon", "coordinates": [[[68.07056484375579, 26.848195970879015], [68.07025848917368, 26.848735641981513], [68.07157200964777, 26.848112305672085], [68.07097552304042, 26.847205580231467], [68.06956579654738, 26.847286593461337], [68.07056484375579, 26.848195970879015]], [[68.0703679831941, 26.847652992070223], [68.07056926805437, 26.847654315055824], [68.07046715071053, 26.847834205539428], [68.0703679831941, 26.847652992070223]]]}, "properties": {"name": "Sentinel-1 Flood Inundation Extent", "source": "Sentinel-1 RTC C-Band"}}, {"type": "Feature", "geometry": {"type": "Polygon", "coordinates": [[[68.07268790971469, 26.84703625688806], [68.0724807390601, 26.847757145157125], [68.0736906549492, 26.8474942325993], [68.0737839490432, 26.848397652287876], [68.07498726409412, 26.84894721338392], [68.0754023094614, 26.847415152492673], [68.07429230604549, 26.847769014698418], [68.07268790971469, 26.84703625688806]]]}, "properties": {"name": "Sentinel-1 Flood Inundation Extent", "source": "Sentinel-1 RTC C-Band"}}, {"type": "Feature", "geometry": {"type": "Polygon", "coordinates": [[[68.081927317336, 26.849534123549233], [68.08172165695464, 26.850074474030997], [68.08052340249324, 26.84889303573689], [68.07950235758325, 26.850692012001822], [68.08393075738896, 26.85072076853145], [68.08403649036053, 26.850089486503258], [68.081927317336, 26.849534123549233]], [[68.08121916154002, 26.849980929221903], [68.08131980633613, 26.849981583081277], [68.08131761956737, 26.850252411732132], [68.08121916154002, 26.849980929221903]]]}, "properties": {"name": "Sentinel-1 Flood Inundation Extent", "source": "Sentinel-1 RTC C-Band"}}, {"type": "Feature", "geometry": {"type": "Polygon", "coordinates": [[[68.10162042188863, 26.66205371638293], [68.10182774348176, 26.66124247454984], [68.1004217422225, 26.661143297321633], [68.1001110982621, 26.662315016925458], [68.10162042188863, 26.66205371638293]]]}, "properties": {"name": "Sentinel-1 Flood Inundation Extent", "source": "Sentinel-1 RTC C-Band"}}, {"type": "Feature", "geometry": {"type": "Polygon", "coordinates": [[[68.09268271731572, 26.661364945708137], [68.0902676400374, 26.661800922233063], [68.09026262829302, 26.66243287409375], [68.09237270847447, 26.66244636744876], [68.09268271731572, 26.661364945708137]]]}, "properties": {"name": "Sentinel-1 Flood Inundation Extent", "source": "Sentinel-1 RTC C-Band"}}, {"type": "Feature", "geometry": {"type": "Polygon", "coordinates": [[[68.10291042277576, 26.664138388831123], [68.1028198267824, 26.66287384655557], [68.10040970674527, 26.662678041911143], [68.10069982357692, 26.664124415251656], [68.10291042277576, 26.664138388831123]], [[68.10110670298528, 26.663495004854582], [68.10170959027548, 26.663498817431268], [68.10170817626904, 26.663679375639838], [68.10110670298528, 26.663495004854582]], [[68.10060500486962, 26.663401546675217], [68.1008059670949, 26.663402818523625], [68.10080455167211, 26.66358337668976], [68.10060500486962, 26.663401546675217]]]}, "properties": {"name": "Sentinel-1 Flood Inundation Extent", "source": "Sentinel-1 RTC C-Band"}}, {"type": "Feature", "geometry": {"type": "Polygon", "coordinates": [[[68.093650415142, 26.66606586059114], [68.09275177898765, 26.66533785813542], [68.09003660161757, 26.66559134564954], [68.09184314686789, 26.665873753934267], [68.09203482180915, 26.667048663028698], [68.09254152809334, 26.666510199810748], [68.0943445304014, 26.667243971118406], [68.0960584564492, 26.666532618099765], [68.09546765793193, 26.66499403948594], [68.0937566050293, 26.6653442704943], [68.093650415142, 26.66606586059114]], [[68.09375089839382, 26.666066501527403], [68.09374947170136, 26.66624705927403], [68.093650415142, 26.66606586059114], [68.09375089839382, 26.666066501527403]], [[68.0947521682939, 26.666524301465895], [68.09485051449317, 26.666795778316622], [68.09455120093574, 26.66652302091811], [68.0947521682939, 26.666524301465895]], [[68.09425260175414, 26.666159984029544], [68.09425188880155, 26.666250262914804], [68.09415211840644, 26.66615934344598], [68.09425260175414, 26.666159984029544]], [[68.09556173324492, 26.665807189468122], [68.09556030941903, 26.665987747311906], [68.09546125016985, 26.665806549818114], [68.09556173324492, 26.665807189468122]], [[68.09264843963224, 26.66569833192431], [68.0926477254314, 26.66578861077527], [68.09244747383849, 26.6656970484379], [68.09264843963224, 26.66569833192431]]]}, "properties": {"name": "Sentinel-1 Flood Inundation Extent", "source": "Sentinel-1 RTC C-Band"}}, {"type": "Feature", "geometry": {"type": "Polygon", "coordinates": [[[68.10508087109069, 26.669298239489873], [68.10619114717532, 26.66867324372114], [68.10439509229126, 26.667036829220113], [68.1015794087982, 26.667289903476632], [68.10167140742483, 26.668373887427407], [68.1024774111155, 26.66810813076563], [68.1018787414806, 26.667562646511488], [68.10348579281337, 26.667663079491906], [68.10337613209698, 26.668836073529224], [68.10508087109069, 26.669298239489873]], [[68.10508580267958, 26.668666285654606], [68.10518628852624, 26.668666918561367], [68.10518558410259, 26.668757197686663], [68.10508580267958, 26.668666285654606]], [[68.10378372009004, 26.668116376833073], [68.10398469075137, 26.6681176443931], [68.1039832800427, 26.66829820259704], [68.10378372009004, 26.668116376833073]], [[68.10438804217672, 26.667939620432136], [68.10468949775907, 26.667941520371862], [68.10458619305543, 26.668302003601692], [68.10438804217672, 26.667939620432136]]]}, "properties": {"name": "Sentinel-1 Flood Inundation Extent", "source": "Sentinel-1 RTC C-Band"}}, {"type": "Feature", "geometry": {"type": "Polygon", "coordinates": [[[68.0889923320218, 26.670550237087163], [68.08920692984326, 26.668836230106937], [68.09051682216536, 26.668393204583175], [68.0898256060915, 26.6668539613123], [68.08861262610307, 26.66774901916817], [68.0889923320218, 26.670550237087163]]]}, "properties": {"name": "Sentinel-1 Flood Inundation Extent", "source": "Sentinel-1 RTC C-Band"}}, {"type": "Feature", "geometry": {"type": "Polygon", "coordinates": [[[68.09795273629756, 26.668440609773853], [68.09664358115239, 26.668793425663754], [68.09664002535843, 26.669244820209798], [68.0992427376868, 26.670525313804575], [68.09975013554651, 26.669896545694204], [68.09864478121592, 26.66988953722441], [68.09795273629756, 26.668440609773853]]]}, "properties": {"name": "Sentinel-1 Flood Inundation Extent", "source": "Sentinel-1 RTC C-Band"}}, {"type": "Feature", "geometry": {"type": "Polygon", "coordinates": [[[68.08903758858968, 26.67750233790852], [68.08994202701396, 26.677508135428386], [68.09003392053059, 26.67859212279056], [68.08931898590045, 26.680032071913704], [68.09122481965515, 26.68049569481111], [68.09114007190976, 26.678508921729666], [68.08924861606361, 26.676239726006987], [68.08903758858968, 26.67750233790852]], [[68.09063043955834, 26.679408492047365], [68.09062972334253, 26.679498770673458], [68.09042944984795, 26.679407205096545], [68.09063043955834, 26.679408492047365]]]}, "properties": {"name": "Sentinel-1 Flood Inundation Extent", "source": "Sentinel-1 RTC C-Band"}}, {"type": "Feature", "geometry": {"type": "Polygon", "coordinates": [[[68.09554614338447, 26.680523278435953], [68.09513845786111, 26.68124294782985], [68.09603794318795, 26.681880658394984], [68.09704718250624, 26.681345378619216], [68.09554614338447, 26.680523278435953]]]}, "properties": {"name": "Sentinel-1 Flood Inundation Extent", "source": "Sentinel-1 RTC C-Band"}}, {"type": "Feature", "geometry": {"type": "Polygon", "coordinates": [[[68.09733160816602, 26.68351398516981], [68.09713772293448, 26.682609920089156], [68.09532377386627, 26.68323035978587], [68.09541714646856, 26.684133786842377], [68.09733160816602, 26.68351398516981]]]}, "properties": {"name": "Sentinel-1 Flood Inundation Extent", "source": "Sentinel-1 RTC C-Band"}}, {"type": "Feature", "geometry": {"type": "Polygon", "coordinates": [[[68.09954328848035, 26.683437741758265], [68.0983436973351, 26.682617581426783], [68.09762741739871, 26.684238131072448], [68.09873290976799, 26.684245150940217], [68.09954328848035, 26.683437741758265]]]}, "properties": {"name": "Sentinel-1 Flood Inundation Extent", "source": "Sentinel-1 RTC C-Band"}}, {"type": "Feature", "geometry": {"type": "Polygon", "coordinates": [[[68.0997130794528, 26.68741128220445], [68.100920521943, 26.687238365378253], [68.1009318551371, 26.68579390468285], [68.09973932155735, 26.68407096758511], [68.09641288431176, 26.685313807663906], [68.09711282928961, 26.685769675584865], [68.09842004786375, 26.685687697299937], [68.0999339385946, 26.68488475072163], [68.1001250135432, 26.686149927474645], [68.09941724933853, 26.6866871404266], [68.1002212613263, 26.686692236938008], [68.0997130794528, 26.68741128220445]], [[68.0974178864536, 26.685320198548983], [68.09741646434404, 26.6855007559894], [68.09721617478702, 26.685409199656572], [68.0974178864536, 26.685320198548983]]]}, "properties": {"name": "Sentinel-1 Flood Inundation Extent", "source": "Sentinel-1 RTC C-Band"}}, {"type": "Feature", "geometry": {"type": "Polygon", "coordinates": [[[68.08916826807013, 26.686350925504808], [68.09026876116519, 26.686989961408848], [68.09107706979165, 26.686453438496454], [68.0903721292594, 26.686629491098053], [68.08967937862886, 26.685270805328535], [68.08916826807013, 26.686350925504808]]]}, "properties": {"name": "Sentinel-1 Flood Inundation Extent", "source": "Sentinel-1 RTC C-Band"}}, {"type": "Feature", "geometry": {"type": "Polygon", "coordinates": [[[68.09527245534971, 26.689730422853415], [68.09638796775621, 26.688473561323573], [68.0977900335879, 26.68911445860143], [68.09749492277727, 26.6883000344996], [68.09890480282584, 26.687947855060337], [68.09739655340341, 26.688028559665756], [68.09750345552978, 26.687216690190752], [68.09649986039427, 26.687029742140847], [68.09679282620199, 26.688115004209077], [68.09568729709443, 26.688107968299033], [68.09527245534971, 26.689730422853415]]]}, "properties": {"name": "Sentinel-1 Flood Inundation Extent", "source": "Sentinel-1 RTC C-Band"}}, {"type": "Feature", "geometry": {"type": "Polygon", "coordinates": [[[68.09344838208341, 26.691614734697197], [68.09384826248922, 26.691888136505714], [68.09374132914625, 26.692700001934124], [68.09535513836953, 26.69198802815884], [68.09556755358153, 26.690544851105937], [68.09425099983369, 26.691800422995723], [68.09345123955119, 26.691253620519202], [68.09456393304998, 26.69035788880059], [68.09336002165603, 26.690079357637444], [68.09356531561004, 26.689538969507264], [68.09466729110083, 26.689997415265562], [68.09517694193038, 26.68909783217575], [68.09478277358117, 26.688102205245475], [68.09336787980453, 26.689086293412657], [68.09328809366613, 26.686467572680566], [68.09409638493321, 26.685931032088412], [68.09448911356019, 26.687107218137424], [68.09539291644305, 26.687203261510497], [68.09488541556792, 26.68783200999579], [68.09639295139594, 26.68784161070586], [68.09589756252747, 26.686935625676135], [68.09650484310436, 26.686397791375093], [68.09509426272251, 26.686840226000886], [68.09470366825029, 26.685393205494783], [68.09399873929766, 26.685569276434066], [68.09491393784742, 26.684220864014637], [68.09310209515516, 26.68457043834968], [68.09091402367653, 26.681667387431798], [68.08619787323867, 26.680734291053508], [68.08598824235274, 26.68181633960555], [68.08648640923329, 26.682361243358805], [68.08779431190032, 26.68218908354143], [68.08727888456706, 26.683810868232026], [68.08315844381494, 26.68378432765061], [68.08305361138022, 26.684325349085743], [68.08887394339686, 26.685446206404922], [68.08839011449706, 26.683095740391977], [68.08980784163191, 26.681750585914152], [68.089293162122, 26.683282100246632], [68.09070443511463, 26.682749443898405], [68.0903950600869, 26.683740577592662], [68.08939079107849, 26.683643858823864], [68.0898846804435, 26.684730422381165], [68.09150483936465, 26.683205982050396], [68.09279773812206, 26.68492962717168], [68.09178987878379, 26.685284318014215], [68.09198372545379, 26.686188389104174], [68.09319973718854, 26.684932194577343], [68.09265434682997, 26.69034569954556], [68.09072684916849, 26.692590446519635], [68.0897253717844, 26.692132614472623], [68.08911802904476, 26.692670417765168], [68.08869804884479, 26.69492479800129], [68.0870899146806, 26.694914467016858], [68.08708415867672, 26.695636693703044], [68.08828882968633, 26.695825000611325], [68.08777837493899, 26.696814834326425], [68.09010301559964, 26.695204657918335], [68.08970958985316, 26.69411873991818], [68.09050935118309, 26.694665563309137], [68.09051723560796, 26.693672500512292], [68.09262646083228, 26.69386656165706], [68.09293370235062, 26.693146260235658], [68.09192934843178, 26.6930495573961], [68.09344481017298, 26.692066127393463], [68.09294585391926, 26.691611525400535], [68.09344838208341, 26.691614734697197]], [[68.08910367199496, 26.69447598593308], [68.08920202659003, 26.694747465910392], [68.08890265594185, 26.694474696150102], [68.08910367199496, 26.69447598593308]], [[68.09062132627278, 26.693221752039026], [68.09062060961983, 26.69331203048928], [68.09042031233541, 26.69322046446039], [68.09062132627278, 26.693221752039026]], [[68.09002043586504, 26.692947053137154], [68.09001900162585, 26.693127610013292], [68.08981942244327, 26.692945764720122], [68.09002043586504, 26.692947053137154]], [[68.09052368619722, 26.69285999448267], [68.09052296947858, 26.692950272935068], [68.09032267290002, 26.692858706781912], [68.09052368619722, 26.69285999448267]], [[68.09153304837594, 26.6923247578292], [68.09153090064595, 26.692595593279353], [68.09112959111032, 26.69250274199632], [68.09153304837594, 26.6923247578292]], [[68.09264934202808, 26.690977649285884], [68.09264791205437, 26.69115820634406], [68.09254883696964, 26.69097700701741], [68.09264934202808, 26.690977649285884]], [[68.09386040114344, 26.69035340100932], [68.09385825909861, 26.69062423670963], [68.09355817327057, 26.690441755163867], [68.09386040114344, 26.69035340100932]], [[68.09457249427669, 26.689274545683883], [68.09457106743918, 26.68945510288166], [68.09427169708347, 26.689182344268556], [68.09457249427669, 26.689274545683883]], [[68.09400516293425, 26.684756768691603], [68.09389966660167, 26.685388077977624], [68.09380416365705, 26.684755486278604], [68.09400516293425, 26.684756768691603]], [[68.08839585913668, 26.68237351216697], [68.08839083258886, 26.683005461867932], [68.08799315119713, 26.682461209914845], [68.08839585913668, 26.68237351216697]], [[68.09100736053708, 26.682570816667912], [68.09100664451974, 26.682661095263274], [68.09090686289719, 26.682570173424352], [68.09100736053708, 26.682570816667912]], [[68.0907094488507, 26.682117493767386], [68.09070801637155, 26.682298050953513], [68.09050845438587, 26.68211620680778], [68.0907094488507, 26.682117493767386]], [[68.08639598665921, 26.68109669805486], [68.08699464921749, 26.681642246463827], [68.08658906502343, 26.6820910542581], [68.08669531722619, 26.68136947256174], [68.08639598665921, 26.68109669805486]]]}, "properties": {"name": "Sentinel-1 Flood Inundation Extent", "source": "Sentinel-1 RTC C-Band"}}, {"type": "Feature", "geometry": {"type": "Polygon", "coordinates": [[[68.09990841041284, 26.688134786390208], [68.10019999326231, 26.68940059962492], [68.09949717567596, 26.68930586118137], [68.09949220883952, 26.68993781221018], [68.09809296557879, 26.688935816559617], [68.09607221424194, 26.690277215137716], [68.09727542368968, 26.69064600216563], [68.09828615702172, 26.68993015868653], [68.09888208235562, 26.69083677366382], [68.10018864906598, 26.690845059295732], [68.10090068679801, 26.689766170877338], [68.10030049715057, 26.689401236443558], [68.10141170431976, 26.68868600656888], [68.10160917161855, 26.68913867228846], [68.10110452837691, 26.689406328432543], [68.10280531904014, 26.690410200564123], [68.1022171455177, 26.688510534542804], [68.09990841041284, 26.688134786390208]], [[68.09989280772625, 26.690120918555266], [68.10009381675275, 26.69012219258795], [68.09999189388994, 26.69030211305372], [68.09989280772625, 26.690120918555266]], [[68.10210673775771, 26.689773802153187], [68.10230774629767, 26.689775073036877], [68.10230703895957, 26.6898653518226], [68.10210673775771, 26.689773802153187]], [[68.10180947130628, 26.689230222629977], [68.1019099750896, 26.689230858305812], [68.10190855981676, 26.689411415870218], [68.10180947130628, 26.689230222629977]]]}, "properties": {"name": "Sentinel-1 Flood Inundation Extent", "source": "Sentinel-1 RTC C-Band"}}, {"type": "Feature", "geometry": {"type": "Polygon", "coordinates": [[[68.10374151576853, 26.737724393082868], [68.10615110197521, 26.738191013680705], [68.10665806881786, 26.73765251164981], [68.10505073947778, 26.737461812621216], [68.10576586003303, 26.736021799803513], [68.10335844477885, 26.7352843390067], [68.10385055314352, 26.73664168979927], [68.10204569797875, 26.735998295425052], [68.10303698265152, 26.73781022167829], [68.10384843045097, 26.73691252447889], [68.10374151576853, 26.737724393082868]], [[68.10414865293411, 26.737094986562063], [68.10435045188025, 26.737005978394272], [68.10444958349092, 26.737187169793398], [68.10414865293411, 26.737094986562063]]]}, "properties": {"name": "Sentinel-1 Flood Inundation Extent", "source": "Sentinel-1 RTC C-Band"}}, {"type": "Feature", "geometry": {"type": "Polygon", "coordinates": [[[68.10401556234444, 26.741247148648018], [68.10250731978766, 26.741237611273164], [68.10300014979933, 26.742504686150575], [68.10411045184101, 26.74197000927526], [68.10401556234444, 26.741247148648018]], [[68.10310636695213, 26.741783097034954], [68.10310565864576, 26.74187337517878], [68.10290526700865, 26.741781824998807], [68.10310636695213, 26.741783097034954]]]}, "properties": {"name": "Sentinel-1 Flood Inundation Extent", "source": "Sentinel-1 RTC C-Band"}}, {"type": "Feature", "geometry": {"type": "Polygon", "coordinates": [[[68.09139738235599, 26.747396350184253], [68.08958524284766, 26.7476555731194], [68.08967860658838, 26.74855899603616], [68.09058504358946, 26.74838424821618], [68.09139738235599, 26.747396350184253]]]}, "properties": {"name": "Sentinel-1 Flood Inundation Extent", "source": "Sentinel-1 RTC C-Band"}}, {"type": "Feature", "geometry": {"type": "Polygon", "coordinates": [[[68.08894016941544, 26.752887803475904], [68.08903137162083, 26.75406205905334], [68.0900290663612, 26.755061571692572], [68.09113883161876, 26.754617279634996], [68.08993353885997, 26.754428982588816], [68.09004416556978, 26.753165740805986], [68.08894016941544, 26.752887803475904]], [[68.09013322244498, 26.7546108288988], [68.09013250349417, 26.754701106555586], [68.09003266154619, 26.754610183432955], [68.09013322244498, 26.7546108288988]], [[68.0895392093512, 26.753433345586153], [68.08953777058103, 26.753613900898667], [68.08933808966286, 26.753432053792906], [68.0895392093512, 26.753433345586153]]]}, "properties": {"name": "Sentinel-1 Flood Inundation Extent", "source": "Sentinel-1 RTC C-Band"}}, {"type": "Feature", "geometry": {"type": "Polygon", "coordinates": [[[68.08955486796428, 26.764086747118455], [68.08884296042069, 26.765075275489142], [68.09025813348289, 26.76418154526967], [68.09016979054755, 26.762646181397344], [68.08895649383568, 26.76345092694815], [68.08955486796428, 26.764086747118455]], [[68.08945861736628, 26.763544435892708], [68.08955918611387, 26.763545081964672], [68.08955846643074, 26.763635359493218], [68.08945861736628, 26.763544435892708]]]}, "properties": {"name": "Sentinel-1 Flood Inundation Extent", "source": "Sentinel-1 RTC C-Band"}}, {"type": "Feature", "geometry": {"type": "Polygon", "coordinates": [[[68.0896417637575, 26.76580266589166], [68.0890289769694, 26.76697239567608], [68.08932205236916, 26.76805766449387], [68.09043050984637, 26.767793937046914], [68.0896417637575, 26.76580266589166]]]}, "properties": {"name": "Sentinel-1 Flood Inundation Extent", "source": "Sentinel-1 RTC C-Band"}}, {"type": "Feature", "geometry": {"type": "Polygon", "coordinates": [[[68.08708707728151, 26.77084202766777], [68.08798143576938, 26.77220201717511], [68.08868402886571, 26.77238710165969], [68.08909353808531, 26.7714869144019], [68.08708707728151, 26.77084202766777]], [[68.08868835270104, 26.771845437271836], [68.08868763207029, 26.77193571467273], [68.0885877766677, 26.771844790396994], [68.08868835270104, 26.771845437271836]], [[68.08838734547705, 26.77175321903871], [68.08858921807803, 26.771664235596745], [68.0885877766677, 26.771844790396994], [68.08838734547705, 26.77175321903871]]]}, "properties": {"name": "Sentinel-1 Flood Inundation Extent", "source": "Sentinel-1 RTC C-Band"}}, {"type": "Feature", "geometry": {"type": "Polygon", "coordinates": [[[68.08716960672162, 26.773099609631487], [68.08738014286784, 26.771927299700277], [68.08597207821458, 26.77191822393379], [68.08616383591904, 26.773093126612377], [68.08716960672162, 26.773099609631487]]]}, "properties": {"name": "Sentinel-1 Flood Inundation Extent", "source": "Sentinel-1 RTC C-Band"}}, {"type": "Feature", "geometry": {"type": "Polygon", "coordinates": [[[68.09169126972219, 26.773670359638686], [68.0904843372446, 26.773662617518617], [68.09047570581338, 26.77474594651635], [68.09168552312218, 26.774392579230813], [68.09169126972219, 26.773670359638686]]]}, "properties": {"name": "Sentinel-1 Flood Inundation Extent", "source": "Sentinel-1 RTC C-Band"}}, {"type": "Feature", "geometry": {"type": "Polygon", "coordinates": [[[68.09147502564947, 26.775564896163274], [68.09328330386819, 26.775847325994818], [68.09377831820332, 26.776843595627902], [68.09429698030002, 26.77486070662185], [68.09147502564947, 26.775564896163274]]]}, "properties": {"name": "Sentinel-1 Flood Inundation Extent", "source": "Sentinel-1 RTC C-Band"}}, {"type": "Feature", "geometry": {"type": "Polygon", "coordinates": [[[68.0990691859455, 26.7819331359181], [68.0985655467902, 26.782020214076297], [68.09885304406198, 26.783827684212763], [68.09966272538198, 26.783200858349], [68.0990691859455, 26.7819331359181]]]}, "properties": {"name": "Sentinel-1 Flood Inundation Extent", "source": "Sentinel-1 RTC C-Band"}}, {"type": "Feature", "geometry": {"type": "Polygon", "coordinates": [[[68.09360173371738, 26.786412356773095], [68.0950021030627, 26.78741441226896], [68.09722222590023, 26.786525760220613], [68.09642966637026, 26.784985912975554], [68.09381079895248, 26.785420593123018], [68.0907019209933, 26.784227005446514], [68.0912953774955, 26.78549476049089], [68.09320153023711, 26.786138949509745], [68.09219276960592, 26.786493615630317], [68.09159282933221, 26.7860383598287], [68.09188812825838, 26.786852790449434], [68.09360173371738, 26.786412356773095]], [[68.09541448370902, 26.786153099193132], [68.09551364118539, 26.78633429631764], [68.09521259013799, 26.786242091668747], [68.09541448370902, 26.786153099193132]], [[68.09642108714681, 26.786069242028038], [68.09642037218967, 26.786159519441483], [68.0962199095829, 26.786067958554668], [68.09642108714681, 26.786069242028038]], [[68.09461263870386, 26.785786848372336], [68.09461048955616, 26.78605768048443], [68.09410969631578, 26.785783632763888], [68.09461263870386, 26.785786848372336]]]}, "properties": {"name": "Sentinel-1 Flood Inundation Extent", "source": "Sentinel-1 RTC C-Band"}}, {"type": "Feature", "geometry": {"type": "Polygon", "coordinates": [[[68.09162009348339, 26.79524728300994], [68.09162800271694, 26.794254233993364], [68.0892129819279, 26.79432900453567], [68.09031233609323, 26.795238888356685], [68.0901053807201, 26.795959812875598], [68.09080956211567, 26.795964335714952], [68.09081819831665, 26.79488100986187], [68.09162009348339, 26.79524728300994]]]}, "properties": {"name": "Sentinel-1 Flood Inundation Extent", "source": "Sentinel-1 RTC C-Band"}}, {"type": "Feature", "geometry": {"type": "Polygon", "coordinates": [[[68.10265307915547, 26.799470592951593], [68.10034353573882, 26.798914246701564], [68.10013806079648, 26.799454632270354], [68.10134100045394, 26.800003963144775], [68.10265307915547, 26.799470592951593]]]}, "properties": {"name": "Sentinel-1 Flood Inundation Extent", "source": "Sentinel-1 RTC C-Band"}}, {"type": "Feature", "geometry": {"type": "Polygon", "coordinates": [[[68.09822736218256, 26.79935219499593], [68.09852488159507, 26.799895780463274], [68.10013307372034, 26.80008657359345], [68.1000395976126, 26.79918316090854], [68.09822736218256, 26.79935219499593]]]}, "properties": {"name": "Sentinel-1 Flood Inundation Extent", "source": "Sentinel-1 RTC C-Band"}}, {"type": "Feature", "geometry": {"type": "Polygon", "coordinates": [[[68.09709573583221, 26.8025048467046], [68.0953912104002, 26.801771712577008], [68.09528487699276, 26.80249328724499], [68.09618601233176, 26.80304073304084], [68.09709573583221, 26.8025048467046]]]}, "properties": {"name": "Sentinel-1 Flood Inundation Extent", "source": "Sentinel-1 RTC C-Band"}}, {"type": "Feature", "geometry": {"type": "Polygon", "coordinates": [[[68.09625942131152, 26.806471907751597], [68.09777566837829, 26.805578761241392], [68.09676889295694, 26.8056626235037], [68.09737395908795, 26.805485918944914], [68.09677533040579, 26.804850128900185], [68.09718633088978, 26.803769369236925], [68.09608397708577, 26.803220645174132], [68.09577643734328, 26.803940935399606], [68.096680447633, 26.804127269551163], [68.09576784486433, 26.8050242613565], [68.09625942131152, 26.806471907751597]], [[68.09677318461978, 26.805120960445212], [68.09646993682058, 26.80529958895817], [68.09617098257212, 26.804936553810766], [68.09677318461978, 26.805120960445212]]]}, "properties": {"name": "Sentinel-1 Flood Inundation Extent", "source": "Sentinel-1 RTC C-Band"}}, {"type": "Feature", "geometry": {"type": "Polygon", "coordinates": [[[68.09041919152148, 26.80706647714181], [68.09063408898896, 26.805352506555348], [68.08962803284214, 26.80534604094961], [68.09074405506139, 26.804179551288442], [68.088528589382, 26.804436150766513], [68.08891730019931, 26.806154003549665], [68.09021365408074, 26.807606846135762], [68.0915258702459, 26.807073583151787], [68.09041919152148, 26.80706647714181]]]}, "properties": {"name": "Sentinel-1 Flood Inundation Extent", "source": "Sentinel-1 RTC C-Band"}}, {"type": "Feature", "geometry": {"type": "Polygon", "coordinates": [[[68.08678504140428, 26.808577867859174], [68.08859599261619, 26.808589538462236], [68.08819933616267, 26.80786473159358], [68.0874936363772, 26.808040747740083], [68.08750953509394, 26.806054655437066], [68.08620382623967, 26.80577538897638], [68.08711795433648, 26.804697907093328], [68.0847975185466, 26.805495460305966], [68.08630009059793, 26.806317699733516], [68.08579271479579, 26.80685611363285], [68.08678504140428, 26.808577867859174]], [[68.08710132675665, 26.806774276476673], [68.08719976483718, 26.80704575593719], [68.08700071997113, 26.80677362769578], [68.08710132675665, 26.806774276476673]], [[68.0861024966228, 26.805865016483295], [68.08610104913637, 26.806045570286276], [68.08590128471614, 26.805863717471176], [68.0861024966228, 26.805865016483295]]]}, "properties": {"name": "Sentinel-1 Flood Inundation Extent", "source": "Sentinel-1 RTC C-Band"}}, {"type": "Feature", "geometry": {"type": "Polygon", "coordinates": [[[68.10248851833232, 26.807594916260786], [68.10297663853257, 26.809493927617257], [68.10378506489621, 26.809047639016114], [68.10359378598689, 26.807782482691344], [68.10440148840014, 26.807426467436837], [68.10248851833232, 26.807594916260786]], [[68.10308435209507, 26.808591792238456], [68.10328485955587, 26.80868334424783], [68.10318283002789, 26.808863261510268], [68.10308435209507, 26.808591792238456]]]}, "properties": {"name": "Sentinel-1 Flood Inundation Extent", "source": "Sentinel-1 RTC C-Band"}}, {"type": "Feature", "geometry": {"type": "Polygon", "coordinates": [[[68.09020212502784, 26.809051277729836], [68.0887921575641, 26.80922277228834], [68.08928438245371, 26.81058016335798], [68.0899893747976, 26.81049441561608], [68.09020212502784, 26.809051277729836]]]}, "properties": {"name": "Sentinel-1 Flood Inundation Extent", "source": "Sentinel-1 RTC C-Band"}}, {"type": "Feature", "geometry": {"type": "Polygon", "coordinates": [[[68.08901460168617, 26.81915517055713], [68.08842028509238, 26.817977684915036], [68.08630154308004, 26.818686273928794], [68.08598230891758, 26.820850966208912], [68.08769645022777, 26.820410619634405], [68.08760667619326, 26.819055819518606], [68.08901460168617, 26.81915517055713]]]}, "properties": {"name": "Sentinel-1 Flood Inundation Extent", "source": "Sentinel-1 RTC C-Band"}}, {"type": "Feature", "geometry": {"type": "Polygon", "coordinates": [[[68.10134218617013, 26.82537313303649], [68.09812795099053, 26.824630431630293], [68.09792098550928, 26.825351364521662], [68.09942819688376, 26.825631809430256], [68.09922123755737, 26.826352744283305], [68.1003338110517, 26.825637570142], [68.10103390261762, 26.826183708814476], [68.10134218617013, 26.82537313303649]], [[68.09842696132584, 26.824993463098732], [68.09842553217474, 26.825174017031706], [68.09832633813784, 26.82499282196412], [68.09842696132584, 26.824993463098732]]]}, "properties": {"name": "Sentinel-1 Flood Inundation Extent", "source": "Sentinel-1 RTC C-Band"}}, {"type": "Feature", "geometry": {"type": "Polygon", "coordinates": [[[68.08594391597588, 26.825635630115094], [68.0855291002057, 26.827167732235434], [68.08673876915024, 26.82690470095749], [68.08654403640804, 26.826090912055225], [68.08775586092115, 26.82555704163637], [68.08594391597588, 26.825635630115094]]]}, "properties": {"name": "Sentinel-1 Flood Inundation Extent", "source": "Sentinel-1 RTC C-Band"}}, {"type": "Feature", "geometry": {"type": "Polygon", "coordinates": [[[68.09566139135418, 26.83111495386034], [68.09395429848975, 26.830652625207424], [68.09515107509563, 26.83201450498514], [68.0969745737502, 26.830491371421033], [68.09566139135418, 26.83111495386034]]]}, "properties": {"name": "Sentinel-1 Flood Inundation Extent", "source": "Sentinel-1 RTC C-Band"}}, {"type": "Feature", "geometry": {"type": "Polygon", "coordinates": [[[68.09086409361672, 26.839570649273647], [68.0903688497676, 26.838574371928075], [68.08966296120101, 26.83875039341012], [68.08975132406134, 26.84028574262225], [68.09086409361672, 26.839570649273647]]]}, "properties": {"name": "Sentinel-1 Flood Inundation Extent", "source": "Sentinel-1 RTC C-Band"}}, {"type": "Feature", "geometry": {"type": "Polygon", "coordinates": [[[68.09094598386969, 26.841918487113485], [68.08853862650425, 26.840909901823668], [68.08853212020601, 26.841722390428902], [68.08732157247549, 26.8420757090855], [68.0877197828089, 26.842619964885554], [68.08933794419107, 26.84163729966736], [68.08902447027823, 26.84307977972336], [68.090835971232, 26.843091435491893], [68.09223771665168, 26.844003250816655], [68.09193075496803, 26.844633248641856], [68.09313987835061, 26.844460444159786], [68.09385801693578, 26.84274970373117], [68.09315930005894, 26.842022975879328], [68.0928458731028, 26.843465465522012], [68.09153828232374, 26.843366791715102], [68.09215867979191, 26.841294307296053], [68.09286314181821, 26.841298826964575], [68.09247066905472, 26.840032372063966], [68.09075047740008, 26.841194980868114], [68.09094598386969, 26.841918487113485]], [[68.08993527363215, 26.842453674808873], [68.08993455178312, 26.84254395134068], [68.08973399687237, 26.842452379615615], [68.08993527363215, 26.842453674808873]], [[68.09206020274061, 26.841022831536065], [68.092058762499, 26.84120338474173], [68.09185892839191, 26.84102153942989], [68.09206020274061, 26.841022831536065]]]}, "properties": {"name": "Sentinel-1 Flood Inundation Extent", "source": "Sentinel-1 RTC C-Band"}}, {"type": "Feature", "geometry": {"type": "Polygon", "coordinates": [[[68.09617557679952, 26.842403407085495], [68.09475730348386, 26.8435679932974], [68.09485076304297, 26.84447140373767], [68.09595924085941, 26.844297930886903], [68.09617557679952, 26.842403407085495]]]}, "properties": {"name": "Sentinel-1 Flood Inundation Extent", "source": "Sentinel-1 RTC C-Band"}}, {"type": "Feature", "geometry": {"type": "Polygon", "coordinates": [[[68.09371136645451, 26.84852676052482], [68.09511679115357, 26.848987166038818], [68.09422680222337, 26.84699528276952], [68.09545029967562, 26.84501692673244], [68.09373796867251, 26.845186527389178], [68.09302628749369, 26.846084777168805], [68.09362007088696, 26.847352520305197], [68.09260284436165, 26.84870021453104], [68.0939061841074, 26.849340539271665], [68.09371136645451, 26.84852676052482]]]}, "properties": {"name": "Sentinel-1 Flood Inundation Extent", "source": "Sentinel-1 RTC C-Band"}}, {"type": "Feature", "geometry": {"type": "Polygon", "coordinates": [[[68.08786968622583, 26.849030890050845], [68.08857491843122, 26.848945155870393], [68.08806735681398, 26.849483570182972], [68.08877186872984, 26.849488111503145], [68.08836422722287, 26.85011745168659], [68.08977831461267, 26.84949459301681], [68.08797973703369, 26.847857945870675], [68.08786968622583, 26.849030890050845]]]}, "properties": {"name": "Sentinel-1 Flood Inundation Extent", "source": "Sentinel-1 RTC C-Band"}}, {"type": "Feature", "geometry": {"type": "Polygon", "coordinates": [[[68.1050839255317, 26.656026564335342], [68.10679902472735, 26.65513451609021], [68.1062046188636, 26.65404737424576], [68.10509871122613, 26.654130699115765], [68.10559615120467, 26.6547658165187], [68.1050839255317, 26.656026564335342]]]}, "properties": {"name": "Sentinel-1 Flood Inundation Extent", "source": "Sentinel-1 RTC C-Band"}}, {"type": "Feature", "geometry": {"type": "Polygon", "coordinates": [[[68.12694986614278, 26.674309635633854], [68.12775311049404, 26.674404853766823], [68.12764781056723, 26.675036193877386], [68.12926459699831, 26.673872423424807], [68.1283608638932, 26.673776597337344], [68.12857007966461, 26.672694474719812], [68.12987028400582, 26.673514999213488], [68.12907732986544, 26.672065598302297], [68.13118487329923, 26.67243963848792], [68.13099415663204, 26.671084213489518], [68.1298887814996, 26.671077447809125], [68.12735939007925, 26.673319029849317], [68.12694986614278, 26.674309635633854]], [[68.12785703569624, 26.67395407272052], [68.12785566222149, 26.67413463194201], [68.12765605350842, 26.6739528386762], [68.12785703569624, 26.67395407272052]], [[68.13048349821854, 26.672164495703875], [68.13048281360399, 26.672254775401118], [68.1302825190267, 26.672163265451363], [68.13048349821854, 26.672164495703875]]]}, "properties": {"name": "Sentinel-1 Flood Inundation Extent", "source": "Sentinel-1 RTC C-Band"}}, {"type": "Feature", "geometry": {"type": "Polygon", "coordinates": [[[68.11215809208582, 26.676745898426006], [68.1118726984587, 26.674667592137467], [68.10946020720823, 26.674742772272502], [68.1102466213503, 26.67700478882679], [68.11215809208582, 26.676745898426006]]]}, "properties": {"name": "Sentinel-1 Flood Inundation Extent", "source": "Sentinel-1 RTC C-Band"}}, {"type": "Feature", "geometry": {"type": "Polygon", "coordinates": [[[68.14234587271157, 26.685056929839032], [68.14275733198802, 26.68379543932882], [68.14093817923889, 26.68513870555615], [68.14143595087852, 26.685773702866385], [68.14234587271157, 26.685056929839032]]]}, "properties": {"name": "Sentinel-1 Flood Inundation Extent", "source": "Sentinel-1 RTC C-Band"}}, {"type": "Feature", "geometry": {"type": "Polygon", "coordinates": [[[68.11740289619769, 26.68734176177438], [68.11609009557397, 26.688146147873926], [68.11658425910083, 26.689232624708254], [68.11790262907856, 26.687706000853233], [68.11771622064268, 26.685808888863786], [68.11660444380236, 26.686614529031438], [68.11740289619769, 26.68734176177438]]]}, "properties": {"name": "Sentinel-1 Flood Inundation Extent", "source": "Sentinel-1 RTC C-Band"}}, {"type": "Feature", "geometry": {"type": "Polygon", "coordinates": [[[68.12142380390732, 26.700367517475954], [68.12051293734761, 26.701174427809487], [68.12110771147762, 26.70226151206873], [68.12181547576931, 26.701724192007898], [68.12142380390732, 26.700367517475954]]]}, "properties": {"name": "Sentinel-1 Flood Inundation Extent", "source": "Sentinel-1 RTC C-Band"}}, {"type": "Feature", "geometry": {"type": "Polygon", "coordinates": [[[68.13412506897976, 26.722203868194885], [68.13291798177424, 26.72228677970914], [68.13311015646586, 26.723461636868706], [68.13401565209215, 26.72337688342362], [68.13412506897976, 26.722203868194885]]]}, "properties": {"name": "Sentinel-1 Flood Inundation Extent", "source": "Sentinel-1 RTC C-Band"}}, {"type": "Feature", "geometry": {"type": "Polygon", "coordinates": [[[68.11401561651292, 26.722440850544167], [68.11169704367586, 26.72323889984733], [68.11199374030588, 26.723872738054727], [68.1138068579013, 26.723432659942702], [68.11401561651292, 26.722440850544167]]]}, "properties": {"name": "Sentinel-1 Flood Inundation Extent", "source": "Sentinel-1 RTC C-Band"}}, {"type": "Feature", "geometry": {"type": "Polygon", "coordinates": [[[68.13533010790394, 26.72239178389734], [68.13452720342369, 26.7222063217843], [68.1344177906471, 26.72337933742251], [68.13511334327336, 26.724466978985323], [68.13533010790394, 26.72239178389734]]]}, "properties": {"name": "Sentinel-1 Flood Inundation Extent", "source": "Sentinel-1 RTC C-Band"}}, {"type": "Feature", "geometry": {"type": "Polygon", "coordinates": [[[68.12054334641641, 26.72338429476041], [68.11893410314858, 26.723464593400546], [68.1196274225204, 26.72482314358444], [68.12033186540769, 26.724737230132877], [68.12054334641641, 26.72338429476041]]]}, "properties": {"name": "Sentinel-1 Flood Inundation Extent", "source": "Sentinel-1 RTC C-Band"}}, {"type": "Feature", "geometry": {"type": "Polygon", "coordinates": [[[68.11628673744107, 26.72778171313218], [68.11789882725499, 26.727340331358437], [68.11669516383726, 26.726971709803312], [68.11660578137624, 26.72552662499287], [68.11600186748753, 26.725613146232252], [68.11628673744107, 26.72778171313218]]]}, "properties": {"name": "Sentinel-1 Flood Inundation Extent", "source": "Sentinel-1 RTC C-Band"}}, {"type": "Feature", "geometry": {"type": "Polygon", "coordinates": [[[68.11079732557825, 26.735511737027768], [68.10969133439177, 26.73550479878412], [68.11008156835165, 26.73704205535504], [68.11129513739121, 26.736146836879826], [68.11079732557825, 26.735511737027768]]]}, "properties": {"name": "Sentinel-1 Flood Inundation Extent", "source": "Sentinel-1 RTC C-Band"}}, {"type": "Feature", "geometry": {"type": "Polygon", "coordinates": [[[68.10747512520607, 26.73603256640506], [68.10766212422071, 26.737839398087196], [68.10886516583403, 26.738298376193953], [68.1098783679161, 26.73731162852678], [68.10747512520607, 26.73603256640506]], [[68.1088700913083, 26.73766642784855], [68.10886938767906, 26.737756706187106], [68.108669702073, 26.737574885830057], [68.1088700913083, 26.73766642784855]]]}, "properties": {"name": "Sentinel-1 Flood Inundation Extent", "source": "Sentinel-1 RTC C-Band"}}, {"type": "Feature", "geometry": {"type": "Polygon", "coordinates": [[[68.12281907476967, 26.741274423123144], [68.12130457879773, 26.742077593040275], [68.12159721256678, 26.743253083497365], [68.12301324910307, 26.742178453228533], [68.12281907476967, 26.741274423123144]]]}, "properties": {"name": "Sentinel-1 Flood Inundation Extent", "source": "Sentinel-1 RTC C-Band"}}, {"type": "Feature", "geometry": {"type": "Polygon", "coordinates": [[[68.11859667094954, 26.741157959423575], [68.11929704244186, 26.741613725067015], [68.11990520929959, 26.740985520628737], [68.11961955007571, 26.738907241073104], [68.12112360491987, 26.739458267427043], [68.12183507172624, 26.738469562506946], [68.11952386890152, 26.738274666744626], [68.1179926753832, 26.741244486953942], [68.11749898569462, 26.740067738498503], [68.11841227941153, 26.738990024373926], [68.11771053398331, 26.738714811763366], [68.11912376621501, 26.738001333497383], [68.11650675260493, 26.73834618625603], [68.11720500731097, 26.73907279735239], [68.1167951437524, 26.740063356814446], [68.11660032436754, 26.73924959773466], [68.11559693845021, 26.738972495465585], [68.11448461915242, 26.739778099919135], [68.11297779255996, 26.739588117529443], [68.11317468743367, 26.740131045689342], [68.1116594407191, 26.74102438979102], [68.11193654221165, 26.744186021385342], [68.11132691121954, 26.74499474647505], [68.11353417735478, 26.745640541858837], [68.11161944828616, 26.746170254697336], [68.11241827218484, 26.746897518974524], [68.11423245585658, 26.74636716748919], [68.1140229492006, 26.74744925120774], [68.1128162863339, 26.747441706117602], [68.1129091333284, 26.74843539665122], [68.1174501955374, 26.746387232035833], [68.11685105459273, 26.745841804931338], [68.11806606110257, 26.744765973669406], [68.11747250160374, 26.743498321413668], [68.11676724340353, 26.743674495994178], [68.11707796454986, 26.742502754455703], [68.11637829473295, 26.74195669952365], [68.11828179128247, 26.742871376024066], [68.11888927463328, 26.742333454877794], [68.11859667094954, 26.741157959423575]], [[68.11443076646519, 26.74672953711218], [68.11442936743404, 26.74691009383023], [68.11433021183025, 26.746728909051576], [68.11443076646519, 26.74672953711218]], [[68.11282399503457, 26.74644864461945], [68.11282259348232, 26.746629201265975], [68.11262288634983, 26.74644738616035], [68.11282399503457, 26.74644864461945]], [[68.11654450807876, 26.746471874676388], [68.11654311240225, 26.74665243150428], [68.11644395361296, 26.746471248120248], [68.11654450807876, 26.746471874676388]], [[68.11242458201363, 26.746085014148328], [68.11242388093473, 26.746175292467022], [68.1123240280004, 26.746084384679087], [68.11242458201363, 26.746085014148328]], [[68.11594467284903, 26.74601672225344], [68.11594327625258, 26.746197279063644], [68.11554315528333, 26.74592393554206], [68.11594467284903, 26.74601672225344]], [[68.11403694566671, 26.74564368415341], [68.11483857848997, 26.746009821644385], [68.11403484628077, 26.74591451924131], [68.11403694566671, 26.74564368415341]], [[68.11614996971477, 26.745476305494904], [68.11614857347534, 26.745656862328893], [68.11584761063058, 26.745564703248117], [68.11614996971477, 26.745476305494904]], [[68.11535182980406, 26.744658783349315], [68.11554874405218, 26.7452017083236], [68.1150438805237, 26.745469406615815], [68.11535182980406, 26.744658783349315]], [[68.11374088479276, 26.74491957209701], [68.11383863810237, 26.745281314002202], [68.11364033176885, 26.744918943586438], [68.11374088479276, 26.74491957209701]], [[68.11273955941952, 26.744371613711532], [68.11283800983163, 26.744643077897486], [68.11233664828538, 26.74445937478743], [68.11273955941952, 26.744371613711532]], [[68.11625610748845, 26.744754704835827], [68.11625540947605, 26.744844983265185], [68.11615555454108, 26.744754078112305], [68.11625610748845, 26.744754704835827]], [[68.11736358439455, 26.74458103717375], [68.1173621901263, 26.74476159408975], [68.11716247874844, 26.744579785233473], [68.11736358439455, 26.74458103717375]], [[68.11183318391859, 26.744546504918056], [68.11183248241943, 26.74463678324183], [68.11173263127492, 26.74454587506288], [68.11183318391859, 26.744546504918056]], [[68.11585948224015, 26.74402997011548], [68.11575683478199, 26.74430017840225], [68.115254072145, 26.74429704235083], [68.11585948224015, 26.74402997011548]], [[68.11364803246718, 26.743925881512922], [68.11435259707845, 26.743840001006593], [68.11364593231626, 26.74419671663788], [68.11364803246718, 26.743925881512922]], [[68.11314387087242, 26.74410329475234], [68.11314317042186, 26.744193573113886], [68.11294276629651, 26.744102036848666], [68.11314387087242, 26.74410329475234]], [[68.11244140691718, 26.743918334149807], [68.11244070591748, 26.744008612496497], [68.11234085480946, 26.74391770473954], [68.11244140691718, 26.743918334149807]], [[68.11596143098124, 26.74385004016709], [68.11596003454252, 26.744030597033287], [68.11586087883767, 26.743849413254182], [68.11596143098124, 26.74385004016709]], [[68.11324652425904, 26.74383308849824], [68.11324582389776, 26.743923366865747], [68.11314597220432, 26.743832459660695], [68.11324652425904, 26.74383308849824]], [[68.11234506121475, 26.743376034649657], [68.11244350989652, 26.743647499102742], [68.11224450958667, 26.74337540518285], [68.11234506121475, 26.743376034649657]], [[68.11235978269794, 26.741480189004314], [68.11497897523164, 26.740864579672493], [68.11557389090817, 26.741951684916646], [68.11416478556266, 26.742123455204702], [68.11375348429885, 26.7432945613136], [68.11505925750338, 26.74348328172649], [68.113250026016, 26.743381696643233], [68.11336248168482, 26.74184759283031], [68.11235978269794, 26.741480189004314]], [[68.11636782692038, 26.7433108764206], [68.11636712903994, 26.74340115487107], [68.11626727524, 26.743310249807504], [68.11636782692038, 26.7433108764206]], [[68.11566466365956, 26.7432162101975], [68.11566396522667, 26.743306488632005], [68.11556411208156, 26.74321558308788], [68.11566466365956, 26.7432162101975]], [[68.11656962800942, 26.74322185097644], [68.11656893029101, 26.74331212943296], [68.11646907640184, 26.743221224508346], [68.11656962800942, 26.74322185097644]], [[68.11295187391796, 26.742928418106224], [68.11295047278169, 26.743108974848663], [68.11285132266701, 26.74292778907939], [68.11295187391796, 26.742928418106224]], [[68.11254966893397, 26.742925901571194], [68.11254896804995, 26.74301617993317], [68.11234926750127, 26.742834364517762], [68.11254966893397, 26.742925901571194]], [[68.11566745735821, 26.742855096447826], [68.11566675893847, 26.742945374886997], [68.11556690609777, 26.742854469347996], [68.11566745735821, 26.742855096447826]], [[68.11506694539618, 26.742490219070103], [68.11506624651328, 26.74258049749924], [68.11496639447302, 26.742489591552392], [68.11506694539618, 26.742490219070103]], [[68.11255667759285, 26.742023117887253], [68.11255527588746, 26.742203674633373], [68.11235557670835, 26.742021859241195], [68.11255667759285, 26.742023117887253]], [[68.11638108602482, 26.741595585640138], [68.11637899256084, 26.741866421054524], [68.11597818722069, 26.741683357408842], [68.11638108602482, 26.741595585640138]], [[68.11738798196464, 26.74142129038852], [68.11748644118939, 26.741692751668268], [68.11718618469924, 26.741510317113818], [68.11738798196464, 26.74142129038852]], [[68.11819168606912, 26.74151657313332], [68.11819098968324, 26.7416068516511], [68.11799058576892, 26.741515322499627], [68.11819168606912, 26.74151657313332]], [[68.11900095756516, 26.740889623023318], [68.11930121546887, 26.741072053781842], [68.11889901632502, 26.741069555414267], [68.11900095756516, 26.740889623023318]], [[68.11579593954086, 26.739244584855257], [68.11659055803402, 26.740513496738345], [68.11618417347583, 26.741052661604716], [68.11568561511757, 26.740507856620034], [68.11579593954086, 26.739244584855257]], [[68.11729231150595, 26.74078871502814], [68.11729161443186, 26.74087899353327], [68.11719176201875, 26.740788089124997], [68.11729231150595, 26.74078871502814]], [[68.11689150835021, 26.740605653993722], [68.11719315631582, 26.740607532116126], [68.11689081096519, 26.74069593249141], [68.11689150835021, 26.740605653993722]], [[68.11488122163753, 26.74050283833499], [68.11487982369567, 26.740683395233628], [68.1145795741368, 26.740500955302103], [68.11488122163753, 26.74050283833499]], [[68.11528481564496, 26.74032479112479], [68.11528341835124, 26.740505348047694], [68.11488401748181, 26.740141724523717], [68.11528481564496, 26.74032479112479]], [[68.11720849271732, 26.73862140471067], [68.11720709856462, 26.738801961770854], [68.1171079451384, 26.738620778794903], [68.11720849271732, 26.73862140471067]]]}, "properties": {"name": "Sentinel-1 Flood Inundation Extent", "source": "Sentinel-1 RTC C-Band"}}, {"type": "Feature", "geometry": {"type": "Polygon", "coordinates": [[[68.12782729573975, 26.743833236688214], [68.12793404694794, 26.743021346546605], [68.12683280519289, 26.742382589171054], [68.12480864997688, 26.744085486652562], [68.1272226024438, 26.744010082037953], [68.12712687562343, 26.74337751215661], [68.12782729573975, 26.743833236688214]]]}, "properties": {"name": "Sentinel-1 Flood Inundation Extent", "source": "Sentinel-1 RTC C-Band"}}, {"type": "Feature", "geometry": {"type": "Polygon", "coordinates": [[[68.10971243767355, 26.745706880435602], [68.11051827178251, 26.745531372386058], [68.11105403749636, 26.741291444356207], [68.10884475856895, 26.740916447301625], [68.10762266217078, 26.742894981460246], [68.1067198190548, 26.742618448988136], [68.10733299365266, 26.741358352678372], [68.10642592930598, 26.74162348801488], [68.10580991848506, 26.743244692850567], [68.1078202412228, 26.743347638075093], [68.108315251903, 26.744343861093878], [68.10689058893361, 26.74650167837929], [68.10890097031954, 26.746604609685313], [68.10888830001288, 26.74822961756612], [68.10777725261394, 26.748854608602496], [68.10928207960316, 26.74931548344303], [68.10928770875992, 26.748593257798], [68.11019130827584, 26.748779496786575], [68.1110041861944, 26.74770120402983], [68.11019622865771, 26.74814754914698], [68.10919770791469, 26.74723845280101], [68.1102102859985, 26.746341984147385], [68.10880323174116, 26.746242864802273], [68.10842143769146, 26.74362226738698], [68.10923007282125, 26.74308565320118], [68.10971243767355, 26.745706880435602]], [[68.10779910082624, 26.74605598477871], [68.10779839609495, 26.74614626298408], [68.10759799310746, 26.746054719210317], [68.10779910082624, 26.74605598477871]], [[68.11053161993972, 26.74381608486425], [68.1105295124153, 26.744086919764115], [68.11022996405289, 26.743814192363867], [68.11053161993972, 26.74381608486425]], [[68.10863028503023, 26.742630470781627], [68.10862887708655, 26.74281102731938], [68.10842918329223, 26.742629206541423], [68.10863028503023, 26.742630470781627]], [[68.1081275307101, 26.742627309646515], [68.108126826343, 26.74271758790364], [68.10802697985602, 26.74262667720566], [68.1081275307101, 26.742627309646515]], [[68.10913866790001, 26.741911403838454], [68.10913303943319, 26.742633630134776], [68.1088363133686, 26.74199978678333], [68.10913866790001, 26.741911403838454]], [[68.10843129565922, 26.742358371740856], [68.10842988741788, 26.742538928275742], [68.1082301944108, 26.742357107230344], [68.10843129565922, 26.742358371740856]], [[68.1105421571155, 26.742461910207425], [68.11054145466025, 26.74255218852604], [68.11044160634073, 26.74246127948218], [68.1105421571155, 26.742461910207425]], [[68.11014206233476, 26.742188551945468], [68.11004010612358, 26.742368477560948], [68.10974056333815, 26.742095749202356], [68.11014206233476, 26.742188551945468]]]}, "properties": {"name": "Sentinel-1 Flood Inundation Extent", "source": "Sentinel-1 RTC C-Band"}}, {"type": "Feature", "geometry": {"type": "Polygon", "coordinates": [[[68.12676590002339, 26.75113961921135], [68.1258712293784, 26.749779863115705], [68.12718468452736, 26.7489754090736], [68.12497243224861, 26.748961773185044], [68.12516387039024, 26.750226914423898], [68.1239557903806, 26.750400020518136], [68.12445166385787, 26.751305911887577], [68.1259655724856, 26.75059299042645], [68.12676590002339, 26.75113961921135]], [[68.1257748155731, 26.749237571499844], [68.12577343431174, 26.74941812870542], [68.12547245326964, 26.749325989672275], [68.1257748155731, 26.749237571499844]]]}, "properties": {"name": "Sentinel-1 Flood Inundation Extent", "source": "Sentinel-1 RTC C-Band"}}, {"type": "Feature", "geometry": {"type": "Polygon", "coordinates": [[[68.11188112092142, 26.751318005931733], [68.1112897052967, 26.749779495066406], [68.11057315664607, 26.751400088988806], [68.11188112092142, 26.751318005931733]]]}, "properties": {"name": "Sentinel-1 Flood Inundation Extent", "source": "Sentinel-1 RTC C-Band"}}, {"type": "Feature", "geometry": {"type": "Polygon", "coordinates": [[[68.12184545802046, 26.75020639947161], [68.12263883087951, 26.751655836029748], [68.12394886922556, 26.75130280591161], [68.12375813538847, 26.749947384960898], [68.12245504488367, 26.74939762859133], [68.12234894090702, 26.750119234279676], [68.11933290310704, 26.75001024927274], [68.11882176099334, 26.75109046630992], [68.11991747581288, 26.752451513501125], [68.12184545802046, 26.75020639947161]], [[68.12063390041943, 26.750830869479838], [68.12053125754541, 26.751101081094717], [68.11992999160488, 26.750826501732075], [68.12063390041943, 26.750830869479838]], [[68.12254797696237, 26.750391314641465], [68.12314855452759, 26.750756161536493], [68.12254520409194, 26.75075242867693], [68.12254797696237, 26.750391314641465]]]}, "properties": {"name": "Sentinel-1 Flood Inundation Extent", "source": "Sentinel-1 RTC C-Band"}}, {"type": "Feature", "geometry": {"type": "Polygon", "coordinates": [[[68.11861437666981, 26.751901721771905], [68.11852008522943, 26.75108859097343], [68.11751868275334, 26.750540664915604], [68.1168036119852, 26.751980735515925], [68.11861437666981, 26.751901721771905]]]}, "properties": {"name": "Sentinel-1 Flood Inundation Extent", "source": "Sentinel-1 RTC C-Band"}}, {"type": "Feature", "geometry": {"type": "Polygon", "coordinates": [[[68.1080325731605, 26.780545341679883], [68.10842080384205, 26.782353429718647], [68.11013287559686, 26.782093348073], [68.10872538179159, 26.781994217513372], [68.10883301732464, 26.781092072524494], [68.11014061923795, 26.781100292154917], [68.1080325731605, 26.780545341679883]]]}, "properties": {"name": "Sentinel-1 Flood Inundation Extent", "source": "Sentinel-1 RTC C-Band"}}, {"type": "Feature", "geometry": {"type": "Polygon", "coordinates": [[[68.14136218299282, 26.789328121926033], [68.1404609284355, 26.78878095994788], [68.14075386590525, 26.7899564108447], [68.14194333101136, 26.79231096879041], [68.14245038095397, 26.791772344511646], [68.14194672658365, 26.79185957656611], [68.14136218299282, 26.789328121926033]], [[68.14095845187789, 26.789506238978642], [68.14105904490297, 26.789506849055133], [68.1410583651617, 26.78959712751128], [68.14095845187789, 26.789506238978642]]]}, "properties": {"name": "Sentinel-1 Flood Inundation Extent", "source": "Sentinel-1 RTC C-Band"}}, {"type": "Feature", "geometry": {"type": "Polygon", "coordinates": [[[68.11289330467457, 26.80224357870539], [68.11298688466165, 26.803146985107027], [68.11368409659275, 26.80405417143709], [68.11509607224072, 26.80361159334565], [68.11289330467457, 26.80224357870539]], [[68.11429053282765, 26.803696838417757], [68.11428983147313, 26.803787116048028], [68.11418992800512, 26.803696209023787], [68.11429053282765, 26.803696838417757]]]}, "properties": {"name": "Sentinel-1 Flood Inundation Extent", "source": "Sentinel-1 RTC C-Band"}}, {"type": "Feature", "geometry": {"type": "Polygon", "coordinates": [[[68.10569876635314, 26.808788895909515], [68.1077130688096, 26.808530760877602], [68.10812327456713, 26.80754024518982], [68.10671122484786, 26.80798275161407], [68.1059113145407, 26.807345729010553], [68.10569876635314, 26.808788895909515]]]}, "properties": {"name": "Sentinel-1 Flood Inundation Extent", "source": "Sentinel-1 RTC C-Band"}}, {"type": "Feature", "geometry": {"type": "Polygon", "coordinates": [[[68.11405073502853, 26.80866084721805], [68.11456009258531, 26.80785149629232], [68.11345339930836, 26.807844570144695], [68.11395363465687, 26.80820882973544], [68.11303902318345, 26.809376767542236], [68.10891825869554, 26.80880919768232], [68.10408334466132, 26.809500936056722], [68.10426115020678, 26.81248136000427], [68.10627198096903, 26.812674633878398], [68.10628260025136, 26.8113204739573], [68.10647816067484, 26.81204396294031], [68.10888367233198, 26.813232790537008], [68.10999464678606, 26.81269808925202], [68.11008609481597, 26.813872328095133], [68.10746943292648, 26.813946134522155], [68.10857265264995, 26.814404495692678], [68.10836436058321, 26.81530600167304], [68.11067920892745, 26.815230283269596], [68.11087339453155, 26.816134321419455], [68.1120857075661, 26.81550995899429], [68.11128782694003, 26.81460213313307], [68.11249309025231, 26.814880541066316], [68.11199705204726, 26.81397461140512], [68.11220531277947, 26.81307309914035], [68.11300670392454, 26.813529532583633], [68.11301794619874, 26.81208509284971], [68.11472695142109, 26.812276355138778], [68.11544875508194, 26.810023818927167], [68.11405073502853, 26.80866084721805]], [[68.10947888533995, 26.81431991830801], [68.10987993129774, 26.814503004541024], [68.10957738317283, 26.81459138341465], [68.10947888533995, 26.81431991830801]], [[68.110487140249, 26.814055412604127], [68.11058564029632, 26.81432687707285], [68.11028520768856, 26.814144425289427], [68.110487140249, 26.814055412604127]], [[68.11119073324552, 26.814150114275467], [68.11118932498695, 26.814330669116263], [68.11098950532079, 26.81414885055684], [68.11119073324552, 26.814150114275467]], [[68.11130049953492, 26.812977139416347], [68.11190206660292, 26.813251760592], [68.11129557143101, 26.8136090814623], [68.11130049953492, 26.812977139416347]], [[68.11171069162388, 26.811986613571143], [68.11190839828502, 26.81243926349031], [68.1113047234949, 26.812435474759955], [68.11171069162388, 26.811986613571143]], [[68.11080377439121, 26.812161483211526], [68.11070034436081, 26.81252196088668], [68.11010019400366, 26.812066779901787], [68.11080377439121, 26.812161483211526]], [[68.10798592749998, 26.81223403600444], [68.10798380766697, 26.812504868100767], [68.10778399636696, 26.812323045175315], [68.10798592749998, 26.81223403600444]], [[68.10849040088173, 26.812056650468882], [68.10848969467906, 26.812146927850186], [68.10828917680122, 26.812055383002896], [68.10849040088173, 26.812056650468882]], [[68.11271681248886, 26.81199292370913], [68.11271540677939, 26.812173478679824], [68.11261620038748, 26.811992293017045], [68.11271681248886, 26.81199292370913]], [[68.10548408663941, 26.81050289405271], [68.10567468182168, 26.8118583252941], [68.10506959332187, 26.812035064655046], [68.10497465320293, 26.81131221012737], [68.10548408663941, 26.81050289405271]], [[68.1140338934322, 26.810827508361815], [68.11443002467902, 26.81164252441368], [68.11322619498904, 26.81118357856059], [68.1140338934322, 26.810827508361815]], [[68.10960207075284, 26.811431674528237], [68.10960066014341, 26.81161222936031], [68.10950145923212, 26.811431041634673], [68.10960207075284, 26.811431674528237]], [[68.11101485744726, 26.81089886280022], [68.11080870491296, 26.811529541120848], [68.11020433029339, 26.811616025249947], [68.11071302418995, 26.810896966952022], [68.11101485744726, 26.81089886280022]], [[68.10759196163862, 26.811148170965012], [68.1075905478623, 26.81132872570534], [68.1073900321655, 26.8112371796274], [68.10759196163862, 26.811148170965012]], [[68.10870150923353, 26.810794034118874], [68.10779883777681, 26.81042722033484], [68.10790510121238, 26.809705635274366], [68.10880564970614, 26.810343280524215], [68.11022054050679, 26.809539644058546], [68.11021490237052, 26.810261863673507], [68.10839755772646, 26.81106296552739], [68.10769469325777, 26.810877973082803], [68.10870150923353, 26.810794034118874]], [[68.1066892912014, 26.810781350142044], [68.10668787601766, 26.810961904847208], [68.10648806947134, 26.81078008017161], [68.1066892912014, 26.810781350142044]], [[68.10980752459685, 26.810891275547], [68.10980681947302, 26.81098155297556], [68.1096063025015, 26.810890010003945], [68.10980752459685, 26.810891275547]], [[68.11292927935187, 26.81054974486632], [68.11292787406683, 26.81073029988424], [68.11282866851862, 26.810549114356544], [68.11292927935187, 26.81054974486632]], [[68.11453975449594, 26.810469545750355], [68.11453835176685, 26.81065010084917], [68.11433853288642, 26.81046828695185], [68.11453975449594, 26.810469545750355]], [[68.11343444027548, 26.810282063770398], [68.11343303580693, 26.810462618819898], [68.11333382966473, 26.810281433625427], [68.11343444027548, 26.810282063770398]], [[68.10659504921391, 26.809968218983723], [68.1065936339307, 26.810148773704984], [68.10649443906752, 26.809967583985035], [68.10659504921391, 26.809968218983723]], [[68.10740134449992, 26.809792741634237], [68.10729932033168, 26.809972661972942], [68.10689900185585, 26.80969929143796], [68.10740134449992, 26.809792741634237]], [[68.10539127060665, 26.809509207606308], [68.10549046331559, 26.809690398057434], [68.1051893424552, 26.80959821317894], [68.10539127060665, 26.809509207606308]], [[68.11152706164408, 26.80972841389529], [68.11152635791765, 26.809818691380926], [68.11132654538989, 26.809636873364987], [68.11152706164408, 26.80972841389529]], [[68.10669919711505, 26.80951746707495], [68.10669778202445, 26.809698021812853], [68.10649726991265, 26.809606474538388], [68.10669919711505, 26.80951746707495]], [[68.10861360711004, 26.809168407196978], [68.10881129679137, 26.809621061194854], [68.1084116819455, 26.80925741744824], [68.10861360711004, 26.809168407196978]], [[68.11384319982872, 26.80947208576644], [68.1138417960569, 26.809652640856612], [68.11374258992173, 26.80947145592951], [68.11384319982872, 26.80947208576644]], [[68.1096197022514, 26.80917473873277], [68.10961829180778, 26.80935529362329], [68.10941777781711, 26.809263750438397], [68.1096197022514, 26.80917473873277]]]}, "properties": {"name": "Sentinel-1 Flood Inundation Extent", "source": "Sentinel-1 RTC C-Band"}}, {"type": "Feature", "geometry": {"type": "Polygon", "coordinates": [[[68.11763282989128, 26.8138292919404], [68.11784104598755, 26.81292777026184], [68.11854394100992, 26.81311271298396], [68.11925730382042, 26.811943487695242], [68.11985888571493, 26.81221807542852], [68.11826934061936, 26.809590005474064], [68.11806323049886, 26.810220695521426], [68.11564927549722, 26.810115353711225], [68.1148226554328, 26.81290892705014], [68.11330432970512, 26.814073088580056], [68.1146960924439, 26.816248565420246], [68.11398476125319, 26.817146932852975], [68.11379265572612, 26.815972066067665], [68.11288781788755, 26.81587611592988], [68.1133831686159, 26.81687232004842], [68.11277454936868, 26.8175004789827], [68.11347676095805, 26.817775724673297], [68.11246355644141, 26.818672192691874], [68.11387431507481, 26.818410187127068], [68.11346481924963, 26.81931044083768], [68.1148720770143, 26.81949981268456], [68.11488119457492, 26.818326205820114], [68.11588807280748, 26.818242217311685], [68.11589297643044, 26.817610274892385], [68.11488610379985, 26.817694263580524], [68.11499583666466, 26.816521285582503], [68.11600339922727, 26.816347018332323], [68.1162151342497, 26.814994112142973], [68.11802899696694, 26.81464429846635], [68.11843843923491, 26.81374402966544], [68.11763282989128, 26.8138292919404]], [[68.11337403620034, 26.818045926677478], [68.11337263116378, 26.818226481525958], [68.11317280127675, 26.818044665893616], [68.11337403620034, 26.818045926677478]], [[68.11591258930864, 26.815082504642515], [68.11591188889315, 26.815172782167217], [68.11571135947983, 26.815081247595888], [68.11591258930864, 26.815082504642515]], [[68.11480863054837, 26.81471447734399], [68.11480722798738, 26.814895032347668], [68.1147080159873, 26.814713848079705], [68.11480863054837, 26.81471447734399]], [[68.11642056396546, 26.81445370321648], [68.11641916397416, 26.81463425830555], [68.11621933521931, 26.81445244691914], [68.11642056396546, 26.81445370321648]], [[68.11481213689312, 26.814263089814354], [68.11481143563077, 26.81435336732262], [68.11461090857112, 26.814261831238806], [68.11481213689312, 26.814263089814354]], [[68.11582458274238, 26.81345688055458], [68.11572186770734, 26.81372708465861], [68.11522160283164, 26.81336283086248], [68.11582458274238, 26.81345688055458]], [[68.11673430244025, 26.81292086855556], [68.11673220333331, 26.81319170126904], [68.11642616379905, 26.813731482813434], [68.11633115032217, 26.81300863426184], [68.11673430244025, 26.81292086855556]], [[68.11753920679884, 26.81292588883627], [68.11753850773724, 26.813016166428152], [68.11733798068946, 26.812924634195063], [68.11753920679884, 26.81292588883627]], [[68.11824489528303, 26.812749722606835], [68.11824419678574, 26.812840000218166], [68.11814428236306, 26.812749095827336], [68.11824489528303, 26.812749722606835]], [[68.11583508888546, 26.81210271726504], [68.11583438849898, 26.812192994825857], [68.11553395266762, 26.812010554061192], [68.11583508888546, 26.81210271726504]], [[68.11653937496088, 26.812107114610917], [68.1165386751321, 26.812197392188875], [68.11643876265452, 26.81210648663313], [68.11653937496088, 26.812107114610917]], [[68.118161047225, 26.81058243286344], [68.1176524009712, 26.81130151915175], [68.11725554830231, 26.810576789158564], [68.118161047225, 26.81058243286344]], [[68.11654847243544, 26.810933505991205], [68.11654707286016, 26.811114061176323], [68.11604681647401, 26.810749810381115], [68.11654847243544, 26.810933505991205]]]}, "properties": {"name": "Sentinel-1 Flood Inundation Extent", "source": "Sentinel-1 RTC C-Band"}}, {"type": "Feature", "geometry": {"type": "Polygon", "coordinates": [[[68.13320123484708, 26.817446488872395], [68.13371461772648, 26.816095400035802], [68.13280975828982, 26.815999576840934], [68.1322956777399, 26.817440940057068], [68.13320123484708, 26.817446488872395]]]}, "properties": {"name": "Sentinel-1 Flood Inundation Extent", "source": "Sentinel-1 RTC C-Band"}}, {"type": "Feature", "geometry": {"type": "Polygon", "coordinates": [[[68.14316441690778, 26.817236309086866], [68.14085157554854, 26.817041724064506], [68.14154773472487, 26.818129335001544], [68.14305904650323, 26.817867646950432], [68.14316441690778, 26.817236309086866]]]}, "properties": {"name": "Sentinel-1 Flood Inundation Extent", "source": "Sentinel-1 RTC C-Band"}}, {"type": "Feature", "geometry": {"type": "Polygon", "coordinates": [[[68.13147972760372, 26.818880448721398], [68.13116961010302, 26.819961930069976], [68.13196562517847, 26.82114048144051], [68.13267821775668, 26.820061465554627], [68.13327987599027, 26.82033599774987], [68.1329841992598, 26.819521647886237], [68.1339910786203, 26.81943753051923], [68.13458725080585, 26.820434280456343], [68.13541139477218, 26.81791141807284], [68.13419986361733, 26.81844570466728], [68.13350377382189, 26.817358059269345], [68.13329292483454, 26.81862071785351], [68.13147972760372, 26.818880448721398]]]}, "properties": {"name": "Sentinel-1 Flood Inundation Extent", "source": "Sentinel-1 RTC C-Band"}}, {"type": "Feature", "geometry": {"type": "Polygon", "coordinates": [[[68.14154229305635, 26.81885155979069], [68.1399323905361, 26.81884178562153], [68.1403266917251, 26.819927567581114], [68.14143419061966, 26.819844008378357], [68.14154229305635, 26.81885155979069]]]}, "properties": {"name": "Sentinel-1 Flood Inundation Extent", "source": "Sentinel-1 RTC C-Band"}}, {"type": "Feature", "geometry": {"type": "Polygon", "coordinates": [[[68.1361937510007, 26.82089550567869], [68.1356947575105, 26.820350766397247], [68.13377954404643, 26.820790467384942], [68.13447908602086, 26.821426722022608], [68.1361937510007, 26.82089550567869]]]}, "properties": {"name": "Sentinel-1 Flood Inundation Extent", "source": "Sentinel-1 RTC C-Band"}}, {"type": "Feature", "geometry": {"type": "Polygon", "coordinates": [[[68.13104557780682, 26.82303075786715], [68.1314597685895, 26.821498505985016], [68.13045562596749, 26.821221493644707], [68.12994011128096, 26.822843401503622], [68.13084984359672, 26.822307299674822], [68.13104557780682, 26.82303075786715]]]}, "properties": {"name": "Sentinel-1 Flood Inundation Extent", "source": "Sentinel-1 RTC C-Band"}}, {"type": "Feature", "geometry": {"type": "Polygon", "coordinates": [[[68.13273003812348, 26.82647180796218], [68.13221452957204, 26.828093723126027], [68.13402787271338, 26.82783398666849], [68.13504168144729, 26.82684708540718], [68.13606848274236, 26.82414489650565], [68.13557358660213, 26.823058489333693], [68.13486922924923, 26.823054185063306], [68.13536480385167, 26.824050316657594], [68.13373766584029, 26.826297416156514], [68.1320297880674, 26.825925822392396], [68.13273003812348, 26.82647180796218]], [[68.13373079941482, 26.827200194228915], [68.13383142551622, 26.827200810236466], [68.13383005235187, 26.827381365841728], [68.13373079941482, 26.827200194228915]]]}, "properties": {"name": "Sentinel-1 Flood Inundation Extent", "source": "Sentinel-1 RTC C-Band"}}, {"type": "Feature", "geometry": {"type": "Polygon", "coordinates": [[[68.14500094274867, 26.827268742371174], [68.14430198380094, 26.82654225995191], [68.1454102225406, 26.826368393084035], [68.14541496410257, 26.825736446428408], [68.14421017615884, 26.82536803654047], [68.14299384868681, 26.82653434324474], [68.14350376633847, 26.82563460908245], [68.1424988760607, 26.82544795883238], [68.14289594041325, 26.826172621645277], [68.14157760365636, 26.827518861936213], [68.14057678778605, 26.826790529936225], [68.14219020259466, 26.82634890939058], [68.14088887991814, 26.825438193328857], [68.13915301303867, 26.82876808091163], [68.13774559358606, 26.828578947054545], [68.13743892495155, 26.82920905215883], [68.14005798013974, 26.8288638659311], [68.1399648517081, 26.82787019703075], [68.14207461606534, 26.828334415310643], [68.14187948343968, 26.82752069302487], [68.14268789415357, 26.827074182713634], [68.14329097248896, 26.827168117483872], [68.14217728337286, 26.828064191439555], [68.1430815687379, 26.828250235062193], [68.14339159881555, 26.827168726692577], [68.14500094274867, 26.827268742371174]]]}, "properties": {"name": "Sentinel-1 Flood Inundation Extent", "source": "Sentinel-1 RTC C-Band"}}, {"type": "Feature", "geometry": {"type": "Polygon", "coordinates": [[[68.13553864357637, 26.82766266062709], [68.13392587299727, 26.828013926380933], [68.13441802867156, 26.82946144986903], [68.13593293054993, 26.82874845322022], [68.13553864357637, 26.82766266062709]]]}, "properties": {"name": "Sentinel-1 Flood Inundation Extent", "source": "Sentinel-1 RTC C-Band"}}, {"type": "Feature", "geometry": {"type": "Polygon", "coordinates": [[[68.14014633832441, 26.83048948008609], [68.13944739189743, 26.829762974277436], [68.13803859298784, 26.82975439881482], [68.13782639997105, 26.831197618323888], [68.14014633832441, 26.83048948008609]], [[68.1391427765677, 26.830122249441], [68.13944466305827, 26.83012408588818], [68.1394419341678, 26.83048519748023], [68.1391427765677, 26.830122249441]]]}, "properties": {"name": "Sentinel-1 Flood Inundation Extent", "source": "Sentinel-1 RTC C-Band"}}, {"type": "Feature", "geometry": {"type": "Polygon", "coordinates": [[[68.14507988283573, 26.830158248033335], [68.14306798253705, 26.830055795039005], [68.14395871199564, 26.83204739321756], [68.14507988283573, 26.830158248033335]]]}, "properties": {"name": "Sentinel-1 Flood Inundation Extent", "source": "Sentinel-1 RTC C-Band"}}, {"type": "Feature", "geometry": {"type": "Polygon", "coordinates": [[[68.14234454206282, 26.83257930975842], [68.14002661887882, 26.833016649521266], [68.14031760708713, 26.834462930266266], [68.14102407927898, 26.83419637544517], [68.14082826418223, 26.833472930207634], [68.14234046206695, 26.833120977364356], [68.14234454206282, 26.83257930975842]]]}, "properties": {"name": "Sentinel-1 Flood Inundation Extent", "source": "Sentinel-1 RTC C-Band"}}, {"type": "Feature", "geometry": {"type": "Polygon", "coordinates": [[[68.13779563783312, 26.8352601203077], [68.13808865289764, 26.83643557129059], [68.13949616975846, 26.836624703862732], [68.13960362705663, 26.835722537700363], [68.13779563783312, 26.8352601203077]], [[68.13919904419731, 26.83599092240636], [68.13919836161149, 26.83608120022541], [68.13909841018575, 26.835990310030734], [68.13919904419731, 26.83599092240636]]]}, "properties": {"name": "Sentinel-1 Flood Inundation Extent", "source": "Sentinel-1 RTC C-Band"}}, {"type": "Feature", "geometry": {"type": "Polygon", "coordinates": [[[68.11045569560068, 26.843848158814858], [68.10914242683174, 26.844471863257098], [68.10901704766316, 26.847630922965536], [68.10962090866578, 26.847634726048025], [68.10973355901598, 26.846100651186465], [68.11135017862952, 26.845298285116904], [68.11045569560068, 26.843848158814858]]]}, "properties": {"name": "Sentinel-1 Flood Inundation Extent", "source": "Sentinel-1 RTC C-Band"}}, {"type": "Feature", "geometry": {"type": "Polygon", "coordinates": [[[68.11102850757955, 26.84782414386088], [68.11191668604312, 26.85008675955909], [68.11342004137283, 26.850908725392163], [68.114731256019, 26.850555814172576], [68.1148438416855, 26.849021734241656], [68.11313006458444, 26.849372122905425], [68.11102850757955, 26.84782414386088]], [[68.11342777943553, 26.849915678242855], [68.11332572675485, 26.850095601267043], [68.11322719177836, 26.84982413913842], [68.11342777943553, 26.849915678242855]], [[68.11252689792487, 26.849278057573837], [68.11252619378583, 26.849368334579328], [68.11232631214014, 26.849186517228777], [68.11252689792487, 26.849278057573837]]]}, "properties": {"name": "Sentinel-1 Flood Inundation Extent", "source": "Sentinel-1 RTC C-Band"}}, {"type": "Feature", "geometry": {"type": "Polygon", "coordinates": [[[68.17913723489971, 26.72626335421262], [68.17842503735112, 26.727432921952996], [68.17922546545444, 26.727979258505858], [68.17963539453628, 26.726898223037075], [68.18023539312566, 26.72735311088436], [68.18054477194946, 26.72627149143643], [68.1797391702794, 26.726447403620025], [68.18085285175775, 26.725370431410546], [68.17853983953547, 26.72544734132202], [68.18045393518689, 26.724916707911234], [68.17885052461894, 26.724185165205068], [68.17813833772406, 26.725354732074884], [68.17913723489971, 26.72626335421262]], [[68.17954262579984, 26.725814279770283], [68.17954133080167, 26.72599484008901], [68.17944208784641, 26.725813698302055], [68.17954262579984, 26.725814279770283]], [[68.17904835840991, 26.72463772967929], [68.1790470626978, 26.72481829000555], [68.17894782150289, 26.724637147884444], [68.17904835840991, 26.72463772967929]]]}, "properties": {"name": "Sentinel-1 Flood Inundation Extent", "source": "Sentinel-1 RTC C-Band"}}, {"type": "Feature", "geometry": {"type": "Polygon", "coordinates": [[[68.17669962359702, 26.729680014822055], [68.17721401967701, 26.728057890321207], [68.17610548021278, 26.72841259181156], [68.17609507531309, 26.72985707245303], [68.17669962359702, 26.729680014822055]]]}, "properties": {"name": "Sentinel-1 Flood Inundation Extent", "source": "Sentinel-1 RTC C-Band"}}, {"type": "Feature", "geometry": {"type": "Polygon", "coordinates": [[[68.17391066325264, 26.739956144420095], [68.17541956841761, 26.739874642154323], [68.17593338181989, 26.73834280599684], [68.17512833956502, 26.738428409674288], [68.1750206248802, 26.739420903624133], [68.17391066325264, 26.739956144420095]]]}, "properties": {"name": "Sentinel-1 Flood Inundation Extent", "source": "Sentinel-1 RTC C-Band"}}, {"type": "Feature", "geometry": {"type": "Polygon", "coordinates": [[[68.17379967389608, 26.741400036128642], [68.17391066325264, 26.739956144420095], [68.17300048663543, 26.740673108767066], [68.1735953077006, 26.741850263471907], [68.17279154585495, 26.741755293617956], [68.17298873070384, 26.742298145384137], [68.17440298302222, 26.741403549748803], [68.17379967389608, 26.741400036128642]]]}, "properties": {"name": "Sentinel-1 Flood Inundation Extent", "source": "Sentinel-1 RTC C-Band"}}, {"type": "Feature", "geometry": {"type": "Polygon", "coordinates": [[[68.17249838588809, 26.74057989621884], [68.17118860825543, 26.740933381914676], [68.17098095927227, 26.741835004127964], [68.17218758136536, 26.74184205288966], [68.17249838588809, 26.74057989621884]]]}, "properties": {"name": "Sentinel-1 Flood Inundation Extent", "source": "Sentinel-1 RTC C-Band"}}, {"type": "Feature", "geometry": {"type": "Polygon", "coordinates": [[[68.17157707353576, 26.742831607249975], [68.17126821568625, 26.74382292190462], [68.17418492298862, 26.74374965429125], [68.17368998640531, 26.7426633677711], [68.1719825541161, 26.742382557494857], [68.17228028890112, 26.742925997235748], [68.17157707353576, 26.742831607249975]], [[68.17308405844344, 26.74302097015252], [68.17298219920038, 26.74320094334172], [68.17288360584837, 26.742929517504678], [68.17308405844344, 26.74302097015252]]]}, "properties": {"name": "Sentinel-1 Flood Inundation Extent", "source": "Sentinel-1 RTC C-Band"}}, {"type": "Feature", "geometry": {"type": "Polygon", "coordinates": [[[68.16936163446914, 26.74327006526002], [68.1694687468354, 26.74236785708321], [68.167654205292, 26.742989202922942], [68.16814974223318, 26.74398522949749], [68.16936163446914, 26.74327006526002]]]}, "properties": {"name": "Sentinel-1 Flood Inundation Extent", "source": "Sentinel-1 RTC C-Band"}}, {"type": "Feature", "geometry": {"type": "Polygon", "coordinates": [[[68.16754789836635, 26.747797184874987], [68.16781981703096, 26.74786548395343], [68.16833311356412, 26.74642395987549], [68.16642518780867, 26.746051622494374], [68.16671566443824, 26.747588148800105], [68.16736516576789, 26.74775128707649], [68.16630882738706, 26.748217741405703], [68.16621485650178, 26.74731435433761], [68.16510148026204, 26.748300920609893], [68.16519016691575, 26.749926544346497], [68.16781258571203, 26.748858559617727], [68.16754789836635, 26.747797184874987]], [[68.16620102463854, 26.74921022530998], [68.16619970724693, 26.749390784423415], [68.16599990826803, 26.749209042439507], [68.16620102463854, 26.74921022530998]], [[68.16590066794315, 26.74902789179307], [68.16589935008743, 26.749208450897317], [68.16580010992448, 26.749027300184196], [68.16590066794315, 26.74902789179307]]]}, "properties": {"name": "Sentinel-1 Flood Inundation Extent", "source": "Sentinel-1 RTC C-Band"}}, {"type": "Feature", "geometry": {"type": "Polygon", "coordinates": [[[68.16605698073904, 26.75516808204115], [68.1662673307469, 26.75390535219327], [68.16545821632701, 26.75453257494932], [68.16575001665021, 26.755888542694166], [68.16705800781803, 26.75580595083501], [68.16757332570063, 26.75409359358833], [68.16897463478216, 26.755004648997907], [68.16848233065583, 26.753557227802222], [68.16958982591038, 26.753383152503737], [68.16848692968152, 26.752925270888756], [68.16727361209708, 26.75382098323068], [68.1665749444258, 26.75309461050427], [68.16675829110092, 26.75553333937712], [68.16605698073904, 26.75516808204115]], [[68.16867819986224, 26.75428064376798], [68.16867754298035, 26.754370923317673], [68.16857763715007, 26.754280054022075], [68.16867819986224, 26.75428064376798]]]}, "properties": {"name": "Sentinel-1 Flood Inundation Extent", "source": "Sentinel-1 RTC C-Band"}}, {"type": "Feature", "geometry": {"type": "Polygon", "coordinates": [[[68.17006837129067, 26.756726441024174], [68.17037596640402, 26.755915690956307], [68.16906731887205, 26.756088592994974], [68.16885962226108, 26.75699020916791], [68.17006837129067, 26.756726441024174]]]}, "properties": {"name": "Sentinel-1 Flood Inundation Extent", "source": "Sentinel-1 RTC C-Band"}}, {"type": "Feature", "geometry": {"type": "Polygon", "coordinates": [[[68.15938990822666, 26.75919145039801], [68.15757571157906, 26.759722379017536], [68.15707953744167, 26.758816597453336], [68.15677184038054, 26.75962731594844], [68.15787408535124, 26.760175567931142], [68.15636557133598, 26.760166597478275], [68.1563615706065, 26.760708272600258], [68.15746781939332, 26.76071485265582], [68.15736325523162, 26.76125593004573], [68.15938990822666, 26.75919145039801]]]}, "properties": {"name": "Sentinel-1 Flood Inundation Extent", "source": "Sentinel-1 RTC C-Band"}}, {"type": "Feature", "geometry": {"type": "Polygon", "coordinates": [[[68.15303479325934, 26.761771829833737], [68.15314607181479, 26.76032796509635], [68.15122857876796, 26.761219326648288], [68.15303479325934, 26.761771829833737]]]}, "properties": {"name": "Sentinel-1 Flood Inundation Extent", "source": "Sentinel-1 RTC C-Band"}}, {"type": "Feature", "geometry": {"type": "Polygon", "coordinates": [[[68.15575415863412, 26.761246354836725], [68.15574615088866, 26.762329704702665], [68.15654470633226, 26.763147007271844], [68.15695764926936, 26.76170493389364], [68.15575415863412, 26.761246354836725]], [[68.15645480457242, 26.761701942117497], [68.15645080399973, 26.762243617134626], [68.1561517638034, 26.761880704525414], [68.15645480457242, 26.761701942117497]]]}, "properties": {"name": "Sentinel-1 Flood Inundation Extent", "source": "Sentinel-1 RTC C-Band"}}, {"type": "Feature", "geometry": {"type": "Polygon", "coordinates": [[[68.1772628851814, 26.763178504742108], [68.17797402813946, 26.762189513385103], [68.17577191452766, 26.76073219012204], [68.17515676782322, 26.76235371289619], [68.1767697922368, 26.761821390394452], [68.17685930080698, 26.763356728216735], [68.17615660695117, 26.763172078625335], [68.17605147703141, 26.763803451216045], [68.17765996792417, 26.763903076471333], [68.1772628851814, 26.763178504742108]]]}, "properties": {"name": "Sentinel-1 Flood Inundation Extent", "source": "Sentinel-1 RTC C-Band"}}, {"type": "Feature", "geometry": {"type": "Polygon", "coordinates": [[[68.17152053303185, 26.764499304648133], [68.17161521108333, 26.76531240785447], [68.17273524207012, 26.76342300008798], [68.17443711600964, 26.76451632377957], [68.17454290810684, 26.763794673106997], [68.17333801385912, 26.763516800448585], [68.17415563753876, 26.761715899513533], [68.17345753157427, 26.76089927980797], [68.17103012472394, 26.76278105403802], [68.17071661443201, 26.764404319687973], [68.17152053303185, 26.764499304648133]], [[68.1717341165964, 26.76278516979034], [68.17193460260926, 26.762876624593456], [68.17173084302158, 26.76323656733571], [68.1717341165964, 26.76278516979034]]]}, "properties": {"name": "Sentinel-1 Flood Inundation Extent", "source": "Sentinel-1 RTC C-Band"}}, {"type": "Feature", "geometry": {"type": "Polygon", "coordinates": [[[68.14928819255351, 26.765180146785937], [68.15019333894811, 26.76518557711174], [68.1495946138716, 26.764550004731518], [68.15040052729437, 26.76437427213649], [68.15189166247778, 26.76673056183364], [68.15270696601365, 26.765290910066206], [68.15210688554542, 26.764835906036687], [68.15199692862436, 26.76609921061191], [68.15110385419887, 26.76446876959379], [68.15252391028972, 26.762852173017148], [68.15061912635888, 26.762028223313976], [68.14970392318386, 26.76337698133556], [68.15090606781557, 26.764016169621534], [68.14939616099839, 26.76418768177318], [68.14928819255351, 26.765180146785937]], [[68.15151687064545, 26.76302671407011], [68.15151485854932, 26.763297551187133], [68.15111459079294, 26.76302430524133], [68.15151687064545, 26.76302671407011]], [[68.15101536301408, 26.762843144795436], [68.15101402083772, 26.76302370285577], [68.15091479322096, 26.762842542343233], [68.15101536301408, 26.762843144795436]]]}, "properties": {"name": "Sentinel-1 Flood Inundation Extent", "source": "Sentinel-1 RTC C-Band"}}, {"type": "Feature", "geometry": {"type": "Polygon", "coordinates": [[[68.1500907514522, 26.765455810961935], [68.14908435821056, 26.765540055077924], [68.14887042927798, 26.767254147031046], [68.15018326154767, 26.766539761713734], [68.1500907514522, 26.765455810961935]], [[68.14948261242279, 26.766084143623495], [68.14948194003021, 26.766174422576984], [68.1493820398158, 26.76608354001636], [68.14948261242279, 26.766084143623495]]]}, "properties": {"name": "Sentinel-1 Flood Inundation Extent", "source": "Sentinel-1 RTC C-Band"}}, {"type": "Feature", "geometry": {"type": "Polygon", "coordinates": [[[68.17139310348713, 26.768200174533735], [68.1704905516282, 26.767833761376725], [68.17008234739285, 26.768643920650074], [68.17078178580067, 26.769279997822863], [68.17139310348713, 26.768200174533735]], [[68.17048596071653, 26.768465717282577], [68.17068645552261, 26.768557173986395], [68.17068579982165, 26.768647453400273], [68.17048596071653, 26.768465717282577]]]}, "properties": {"name": "Sentinel-1 Flood Inundation Extent", "source": "Sentinel-1 RTC C-Band"}}, {"type": "Feature", "geometry": {"type": "Polygon", "coordinates": [[[68.17270384969073, 26.767756416029854], [68.17189728817651, 26.768022555079032], [68.17228584451212, 26.769920773693514], [68.17330337614632, 26.76830161439642], [68.17270384969073, 26.767756416029854]], [[68.17250008334784, 26.768116359487905], [68.17249877483557, 26.76829691840874], [68.17239950835685, 26.7681157721729], [68.17250008334784, 26.768116359487905]]]}, "properties": {"name": "Sentinel-1 Flood Inundation Extent", "source": "Sentinel-1 RTC C-Band"}}, {"type": "Feature", "geometry": {"type": "Polygon", "coordinates": [[[68.1764924816843, 26.772382931276265], [68.17829705332149, 26.773205957096014], [68.17890507639306, 26.77257749859228], [68.1801074870278, 26.773216444352318], [68.18051952638102, 26.771864577900708], [68.1791081820223, 26.772307825426083], [68.17821336988344, 26.770858105710026], [68.17730296770493, 26.7715750895529], [68.17620442503608, 26.77048530778249], [68.17448351646028, 26.772010108541107], [68.17447764117932, 26.77282262360918], [68.1764924816843, 26.772382931276265]], [[68.17870651610146, 26.77221521460899], [68.17870521717184, 26.772395773708027], [68.17850535858675, 26.772214048551795], [68.17870651610146, 26.77221521460899]], [[68.17810369353131, 26.772121436043296], [68.178103043594, 26.772211715580916], [68.1780031148703, 26.772120852624415], [68.17810369353131, 26.772121436043296]], [[68.17870976337201, 26.771763816841023], [68.178709113924, 26.77185409639695], [68.17860918501069, 26.771763233859485], [68.17870976337201, 26.771763816841023]], [[68.17790643672608, 26.77157859191132], [68.17790513656706, 26.77175915099026], [68.17780585854824, 26.771578008363356], [68.17790643672608, 26.77157859191132]]]}, "properties": {"name": "Sentinel-1 Flood Inundation Extent", "source": "Sentinel-1 RTC C-Band"}}, {"type": "Feature", "geometry": {"type": "Polygon", "coordinates": [[[68.1499478389074, 26.771142780847953], [68.14802609572521, 26.77257576592556], [68.14750365323344, 26.775190826776004], [68.14840753154913, 26.775376827998404], [68.14820165424759, 26.77600757041114], [68.14921352352356, 26.77520110427621], [68.15051972833184, 26.775389507343657], [68.15062635490128, 26.774577600529664], [68.1491210180547, 26.774117154253666], [68.14962862398566, 26.77348822132382], [68.15062837008956, 26.774306763906292], [68.15093749590388, 26.773315504586346], [68.1509428674138, 26.77259327338033], [68.1497392889438, 26.77213464179593], [68.1499478389074, 26.771142780847953]], [[68.15002152981022, 26.774754539342], [68.15001884091444, 26.7751156547577], [68.14971911658691, 26.774843007761596], [68.15002152981022, 26.774754539342]], [[68.1494173756113, 26.7748411966831], [68.1494167029118, 26.77493147552348], [68.1492162149767, 26.774839988940524], [68.1494173756113, 26.7748411966831]], [[68.14811320033174, 26.77438194718646], [68.14831166584884, 26.77474427174998], [68.14791136669822, 26.774471016422435], [68.14811320033174, 26.77438194718646]], [[68.14912034514195, 26.77420743309631], [68.14911832638475, 26.774478269617248], [68.14891851256472, 26.77429650379521], [68.14912034514195, 26.77420743309631]], [[68.15043392901254, 26.773402769131774], [68.15043258530197, 26.77358332689576], [68.15033334993434, 26.77340216604763], [68.15043392901254, 26.773402769131774]], [[68.14872677790359, 26.773031391612268], [68.14872610471076, 26.77312167045947], [68.14852562049406, 26.773030182964657], [68.14872677790359, 26.773031391612268]], [[68.14973458231518, 26.772766593948464], [68.149733909927, 26.772856872822725], [68.1496340038157, 26.772765990381163], [68.14973458231518, 26.772766593948464]], [[68.14933361373929, 26.772583621517825], [68.14933294103939, 26.772673900385005], [68.14923303541151, 26.77258301766974], [68.14933361373929, 26.772583621517825]]]}, "properties": {"name": "Sentinel-1 Flood Inundation Extent", "source": "Sentinel-1 RTC C-Band"}}, {"type": "Feature", "geometry": {"type": "Polygon", "coordinates": [[[68.17854356729877, 26.78088146289398], [68.17844818012381, 26.780158644099867], [68.17703867786923, 26.780331029721616], [68.17693027871202, 26.781413798182978], [68.17854356729877, 26.78088146289398]]]}, "properties": {"name": "Sentinel-1 Flood Inundation Extent", "source": "Sentinel-1 RTC C-Band"}}, {"type": "Feature", "geometry": {"type": "Polygon", "coordinates": [[[68.176871013578, 26.789629218131292], [68.17677563129342, 26.78890639916957], [68.17516352598105, 26.789258152429372], [68.17515438724634, 26.790522061856116], [68.176871013578, 26.789629218131292]]]}, "properties": {"name": "Sentinel-1 Flood Inundation Extent", "source": "Sentinel-1 RTC C-Band"}}, {"type": "Feature", "geometry": {"type": "Polygon", "coordinates": [[[68.16520690344274, 26.802651961693847], [68.1653002383002, 26.8036456221664], [68.1663010183269, 26.804373780626406], [68.16690861738905, 26.803835660598242], [68.16520690344274, 26.802651961693847]]]}, "properties": {"name": "Sentinel-1 Flood Inundation Extent", "source": "Sentinel-1 RTC C-Band"}}, {"type": "Feature", "geometry": {"type": "Polygon", "coordinates": [[[68.14789340048566, 26.803812779265655], [68.14818779816564, 26.80480765820102], [68.14948086768274, 26.80680164687283], [68.14879480878649, 26.804359896459605], [68.14789340048566, 26.803812779265655]]]}, "properties": {"name": "Sentinel-1 Flood Inundation Extent", "source": "Sentinel-1 RTC C-Band"}}, {"type": "Feature", "geometry": {"type": "Polygon", "coordinates": [[[68.17413069944038, 26.806857305338603], [68.17503356886827, 26.807223700676616], [68.1745272524162, 26.807672163464535], [68.17513091198325, 26.807675682012462], [68.17553857544571, 26.806955794032195], [68.17352966249076, 26.806492666650865], [68.17372499077054, 26.80730635211352], [68.17301810398293, 26.807663355836013], [68.1735198442442, 26.807846851458464], [68.17413069944038, 26.806857305338603]]]}, "properties": {"name": "Sentinel-1 Flood Inundation Extent", "source": "Sentinel-1 RTC C-Band"}}, {"type": "Feature", "geometry": {"type": "Polygon", "coordinates": [[[68.17101444214583, 26.80647796120874], [68.17010567708022, 26.806924050888213], [68.17010370531503, 26.80719488761926], [68.17160759781576, 26.807925957677945], [68.1723177680314, 26.807117566364525], [68.17140965889088, 26.807473385436733], [68.17101444214583, 26.80647796120874]]]}, "properties": {"name": "Sentinel-1 Flood Inundation Extent", "source": "Sentinel-1 RTC C-Band"}}, {"type": "Feature", "geometry": {"type": "Polygon", "coordinates": [[[68.1734792548111, 26.81344414587907], [68.17327213041112, 26.814255480801666], [68.17417440061053, 26.81471216142596], [68.17498586566226, 26.813814066094356], [68.1734792548111, 26.81344414587907]]]}, "properties": {"name": "Sentinel-1 Flood Inundation Extent", "source": "Sentinel-1 RTC C-Band"}}, {"type": "Feature", "geometry": {"type": "Polygon", "coordinates": [[[68.17860346525516, 26.81446708459152], [68.17549024881798, 26.813636439489265], [68.17517925509448, 26.81489858602538], [68.17739020790448, 26.815272583690327], [68.17860346525516, 26.81446708459152]]]}, "properties": {"name": "Sentinel-1 Flood Inundation Extent", "source": "Sentinel-1 RTC C-Band"}}, {"type": "Feature", "geometry": {"type": "Polygon", "coordinates": [[[68.15324899718262, 26.8142273982765], [68.15324698473368, 26.814498233557163], [68.15473545612427, 26.817305885759858], [68.15425045873383, 26.814865362792826], [68.15324899718262, 26.8142273982765]]]}, "properties": {"name": "Sentinel-1 Flood Inundation Extent", "source": "Sentinel-1 RTC C-Band"}}, {"type": "Feature", "geometry": {"type": "Polygon", "coordinates": [[[68.16080399221174, 26.826731372364964], [68.15960713357921, 26.825279751005617], [68.15960113861007, 26.826092256880347], [68.16059542042669, 26.827723241431087], [68.16080399221174, 26.826731372364964]]]}, "properties": {"name": "Sentinel-1 Flood Inundation Extent", "source": "Sentinel-1 RTC C-Band"}}, {"type": "Feature", "geometry": {"type": "Polygon", "coordinates": [[[68.16199025223504, 26.829627439134235], [68.16198626619946, 26.830169109726466], [68.16367707635395, 26.832887585101666], [68.16368702229826, 26.831533408476226], [68.16199025223504, 26.829627439134235]]]}, "properties": {"name": "Sentinel-1 Flood Inundation Extent", "source": "Sentinel-1 RTC C-Band"}}, {"type": "Feature", "geometry": {"type": "Polygon", "coordinates": [[[68.16457415261688, 26.83406655578839], [68.16486810529628, 26.835151679481786], [68.16606248720382, 26.83696437204959], [68.1663676992648, 26.836514759252907], [68.16457415261688, 26.83406655578839]]]}, "properties": {"name": "Sentinel-1 Flood Inundation Extent", "source": "Sentinel-1 RTC C-Band"}}, {"type": "Feature", "geometry": {"type": "Polygon", "coordinates": [[[68.17643841690709, 26.8355806383754], [68.17552616770078, 26.836478149538777], [68.17602019683946, 26.83774498246277], [68.17733238619019, 26.837210924682125], [68.17643841690709, 26.8355806383754]], [[68.17622669601202, 26.837023925381814], [68.17622604275661, 26.837114204049094], [68.1761260601271, 26.837023339323576], [68.17622669601202, 26.837023925381814]]]}, "properties": {"name": "Sentinel-1 Flood Inundation Extent", "source": "Sentinel-1 RTC C-Band"}}, {"type": "Feature", "geometry": {"type": "Polygon", "coordinates": [[[68.14719647316863, 26.829719610558612], [68.1479001985181, 26.829814132553913], [68.14618206399426, 26.83079687847566], [68.14596861728664, 26.83242066845237], [68.14507242739141, 26.831151306330234], [68.14496095125477, 26.83259514637519], [68.14335356977806, 26.83222429463392], [68.14344876767503, 26.832947127615544], [68.14234046206695, 26.833120977364356], [68.14182505645074, 26.83474292859561], [68.14233230173004, 26.834204312450066], [68.1429313398309, 26.834839917092705], [68.14131780635006, 26.835281542767316], [68.14191276152995, 26.83645881890009], [68.14010884158562, 26.835454763498767], [68.14070514777774, 26.836451488714697], [68.13989188746643, 26.837529930080485], [68.14159383990861, 26.838713933728645], [68.13957292231214, 26.839785038988015], [68.13976942131218, 26.84041820761766], [68.14138030977647, 26.840337713074902], [68.14136805156795, 26.841962713572787], [68.14317956038005, 26.841973698577327], [68.1425682428902, 26.842963095473532], [68.14407852615693, 26.84288196091379], [68.14246352138187, 26.843504152176624], [68.14396430533643, 26.84468690853101], [68.14365218999951, 26.846039247898414], [68.14254171585928, 26.846483929198065], [68.1439493652151, 26.84667302032397], [68.14526451284152, 26.845778155344703], [68.14496801068701, 26.845054107645087], [68.14667622047276, 26.845425552050493], [68.14708352691432, 26.84479603512144], [68.148087243934, 26.84516321235285], [68.14798187030816, 26.845794551452883], [68.14687479846773, 26.845787877857727], [68.14726248698733, 26.847776418825074], [68.14877688432284, 26.84715356822052], [68.14808251322181, 26.845795157713756], [68.14928887868821, 26.845982983122916], [68.14899572559233, 26.84480755358464], [68.14789069090124, 26.844530054407453], [68.1498116527812, 26.843367948261115], [68.14881604731492, 26.84191744784648], [68.15032631419044, 26.841836246122515], [68.15003450799594, 26.840480262017905], [68.15134280573425, 26.84048811740361], [68.15124889893089, 26.83958473304855], [68.14994600487972, 26.83885465277952], [68.15136030490999, 26.838140887736795], [68.15126505324781, 26.837418059314082], [68.14975012557761, 26.838131218830785], [68.14794881019303, 26.836766149289897], [68.1483608045242, 26.83550468076546], [68.1489592088138, 26.8362305387704], [68.14996824998694, 26.83587547692234], [68.14987368276036, 26.83506236950328], [68.14916385120871, 26.835780359157173], [68.14816358961438, 26.834961800748808], [68.14817237014532, 26.83378818606774], [68.14737001596976, 26.83342222431461], [68.14858367522916, 26.832616994138785], [68.1464710957945, 26.832513982844958], [68.1473781281039, 26.83233888768132], [68.14748484218931, 26.831526991484818], [68.14949744855753, 26.83153910423506], [68.1481001053964, 26.82999590067049], [68.14801365979898, 26.828099454302937], [68.14720661370319, 26.828365439093286], [68.14719647316863, 26.829719610558612]], [[68.14726262275389, 26.834324398180243], [68.14686550335261, 26.833599747114526], [68.14565859574734, 26.8335021819171], [68.14737001596976, 26.83342222431461], [68.14726262275389, 26.834324398180243]], [[68.14658573273991, 26.84407077655751], [68.14678769225121, 26.843981713025904], [68.14678633864257, 26.84416226881812], [68.14658573273991, 26.84407077655751]], [[68.14912201514464, 26.84137759650007], [68.14932329322382, 26.84137880714401], [68.14932261850828, 26.841469085133593], [68.14912201514464, 26.84137759650007]], [[68.14177809673174, 26.840972100769886], [68.1419793737075, 26.840973321846338], [68.14207797084596, 26.84124476574519], [68.14177809673174, 26.840972100769886]], [[68.14711194090387, 26.841004362549402], [68.14741385687931, 26.84100618267475], [68.1474118282128, 26.841277016519506], [68.14711194090387, 26.841004362549402]], [[68.14982986001239, 26.840930442476793], [68.15003113733796, 26.840931652094973], [68.15002978905258, 26.84111220811762], [68.14982986001239, 26.840930442476793]], [[68.14691337004291, 26.84064203701248], [68.14711397025994, 26.8407335287154], [68.14711261735907, 26.840914084605902], [68.14691337004291, 26.84064203701248]], [[68.14912741403151, 26.840655372579114], [68.14932936552093, 26.840566305185252], [68.14942730539927, 26.840928022381412], [68.14912741403151, 26.840655372579114]], [[68.14409889225185, 26.84017362496703], [68.14440080578626, 26.840175451470994], [68.14439944861468, 26.840356007247717], [68.14409889225185, 26.84017362496703]], [[68.14983727711088, 26.839937384320503], [68.15013986449407, 26.839848920534408], [68.15013851644431, 26.8400294765898], [68.14983727711088, 26.839937384320503]], [[68.15044043007211, 26.840031290194805], [68.15064170583979, 26.8400324989069], [68.15064103220914, 26.840122776944614], [68.15044043007211, 26.840031290194805]], [[68.1429966340244, 26.839534977251176], [68.1431979085235, 26.839536196533633], [68.14319586995587, 26.83980703013611], [68.1429966340244, 26.839534977251176]], [[68.14571926092123, 26.838829189940668], [68.1466256680754, 26.838744378932933], [68.14712411661112, 26.839379359387657], [68.14671818413343, 26.839828321479697], [68.14571926092123, 26.838829189940668]], [[68.14451229927408, 26.838731613742528], [68.14421581898708, 26.838007564301858], [68.14572332584902, 26.838287522292564], [68.14410228632184, 26.83972223554034], [68.14330398117936, 26.83881458305717], [68.14229353384353, 26.83935015180973], [68.1427110393803, 26.837366478877243], [68.14372214597635, 26.836740628611377], [68.14492637339832, 26.837199322830973], [68.1442178549696, 26.83773673055812], [68.14341684526867, 26.837190190411125], [68.14390780094259, 26.838818238643256], [68.14451229927408, 26.838731613742528]], [[68.14813656923077, 26.83857292160624], [68.14833851771127, 26.838483855532225], [68.14843780350307, 26.838665017397474], [68.14813656923077, 26.83857292160624]], [[68.14179851587215, 26.83826376572544], [68.14199978806049, 26.838264986659247], [68.14199842719317, 26.838445542371108], [68.14179851587215, 26.83826376572544]], [[68.14803931092594, 26.838120925541034], [68.1482405831903, 26.83812213758994], [68.1482392322291, 26.83830269360015], [68.14803931092594, 26.838120925541034]], [[68.14582802640052, 26.83774646229942], [68.14602929788673, 26.837747677478742], [68.14602794344044, 26.83792823339434], [68.14582802640052, 26.83774646229942]], [[68.14562878753, 26.83747441298005], [68.1457294230258, 26.83747502074155], [68.14572806811991, 26.83765557664995], [68.14562878753, 26.83747441298005]], [[68.14221126396531, 26.83691203924758], [68.14261312371359, 26.83700475742942], [68.14261176389317, 26.8371853132025], [68.14221126396531, 26.83691203924758]], [[68.14512967761213, 26.836929705430943], [68.14533094761768, 26.836930921569685], [68.14533026986634, 26.837021199522013], [68.14512967761213, 26.836929705430943]], [[68.14573416509609, 26.83684307502533], [68.14593543498032, 26.836844290300473], [68.14593408043811, 26.837024846234694], [68.14573416509609, 26.83684307502533]], [[68.1426219622347, 26.835831144790472], [68.14342635480801, 26.835926299635496], [68.1434229586158, 26.836377689224506], [68.1426219622347, 26.835831144790472]], [[68.14684520885895, 26.836308087537375], [68.14704647785582, 26.836309301209575], [68.14704580148296, 26.836399579210287], [68.14684520885895, 26.836308087537375]], [[68.14494264636329, 26.835032651936153], [68.14544242493743, 26.835487082097718], [68.14543835916592, 26.836028749920505], [68.14494264636329, 26.835032651936153]], [[68.14645079287344, 26.835222323404633], [68.14675404660196, 26.835043588560517], [68.14684926798662, 26.83576641953691], [68.14645079287344, 26.835222323404633]], [[68.14202087986816, 26.83546637252789], [68.14212151349398, 26.83546698281375], [68.14212015298448, 26.835647538602796], [68.14202087986816, 26.83546637252789]], [[68.14383771668291, 26.834755123197716], [68.1441396158279, 26.83475694991903], [68.1442375346539, 26.835118670493195], [68.14383771668291, 26.834755123197716]], [[68.14594897970188, 26.835038730701232], [68.1462515567289, 26.834950274935885], [68.14624952582932, 26.83522110893036], [68.14594897970188, 26.835038730701232]], [[68.14293745602059, 26.834027415739538], [68.14354328757462, 26.83376023844053], [68.14373708364096, 26.834754514147484], [68.14293745602059, 26.834027415739538]], [[68.14524725735653, 26.83467336440747], [68.14544852337971, 26.834674580284677], [68.14544784578776, 26.834764858268585], [68.14524725735653, 26.83467336440747]], [[68.1445489310213, 26.833856604867158], [68.14495146011954, 26.833859038253838], [68.14464617225205, 26.83430860318681], [68.14404169759221, 26.83439522927357], [68.1445489310213, 26.833856604867158]], [[68.14414775916505, 26.83367361440475], [68.14424839126254, 26.833674223140275], [68.14424771274842, 26.833764501108597], [68.14414775916505, 26.83367361440475]], [[68.1447542642271, 26.8333161538121], [68.14546004195574, 26.833139854379688], [68.14525606783614, 26.83349975057206], [68.1447542642271, 26.8333161538121]], [[68.14425246228029, 26.833132555305824], [68.14435309390238, 26.833133163955566], [68.14435241548716, 26.833223441933264], [68.14425246228029, 26.833132555305824]], [[68.14780632541833, 26.82891074541843], [68.14790695340331, 26.828911351452597], [68.14790560245167, 26.8290919076822], [68.14780632541833, 26.82891074541843]]]}, "properties": {"name": "Sentinel-1 Flood Inundation Extent", "source": "Sentinel-1 RTC C-Band"}}, {"type": "Feature", "geometry": {"type": "Polygon", "coordinates": [[[68.16317765831228, 26.846065842481245], [68.16217321696047, 26.845789049309413], [68.1617606689954, 26.847140837173573], [68.16276910640212, 26.84687596409779], [68.16317765831228, 26.846065842481245]]]}, "properties": {"name": "Sentinel-1 Flood Inundation Extent", "source": "Sentinel-1 RTC C-Band"}}, {"type": "Feature", "geometry": {"type": "Polygon", "coordinates": [[[68.156314493657, 26.848643247903123], [68.15560863430831, 26.84881959925135], [68.15599916371212, 26.85044700714821], [68.15741290520016, 26.849823463288885], [68.156314493657, 26.848643247903123]]]}, "properties": {"name": "Sentinel-1 Flood Inundation Extent", "source": "Sentinel-1 RTC C-Band"}}, {"type": "Feature", "geometry": {"type": "Polygon", "coordinates": [[[68.15419758040375, 26.849082013205145], [68.15309181868683, 26.84889483154976], [68.15247987471912, 26.84997454944927], [68.1536789058661, 26.8511553961607], [68.15529329264795, 26.850623356604356], [68.15408888037632, 26.8501647471875], [68.15419758040375, 26.849082013205145]]]}, "properties": {"name": "Sentinel-1 Flood Inundation Extent", "source": "Sentinel-1 RTC C-Band"}}]}